$ npm test -- --reporter=default --reporter=json --outputFile=certification/phase11/logs/unit-report.json
# certificationId=phase11-f15cece0c6784845-muzjnd5e
# candidateId=f15cece0c6784845acf939d7ef04fca1686fc54689b8bf5606139c31814acca0
# commit=7c1fdfc488664c365b4df6423d1b81c60e27ac22
# treeHash=4cdf59ff11007f8732b59ba8ddf1759ecaaf3e4d276fb89eff7f29d67025f283
# gate=unit
# profile=CONTROLLED_LOCAL
# databaseConfigured=false
# realEffects=disabled
# exitCode=0 durationMs=770050


> cvg-claw@1.0.0 test
> vitest run --no-file-parallelism --maxWorkers=2 --reporter=default --reporter=json --outputFile=certification/phase11/logs/unit-report.json


[1m[30m[46m RUN [49m[39m[22m [36mv4.1.11 [39m[90m/tmp/cvg-aud06-certification-aottnvx0/repo[39m

 [32m✓[39m tests/phase11-bypass-audit.test.js [2m([22m[2m1041 tests[22m[2m)[22m[33m 398377[2mms[22m[39m
     [33m[2m✓[22m[39m expands every identifier in a fixed readiness table list [33m 393[2mms[22m[39m
     [33m[2m✓[22m[39m does not grant mutable or mixed-table SQL a static exemption: const tables = ["api_rate_limit_buckets", "billing_items"] as const; for (const table of tables) { client.query(`DELETE FROM ${table} WHERE id=$1`) } [33m 383[2mms[22m[39m
     [33m[2m✓[22m[39m does not grant mutable or mixed-table SQL a static exemption: const tables = ["api_rate_limit_buckets"]; tables.push("billing_items"); for (const table of tables) { client.query(`DELETE FROM ${table} WHERE id=$1`) } [33m 408[2mms[22m[39m
     [33m[2m✓[22m[39m does not grant mutable or mixed-table SQL a static exemption: let sql = "SELECT 1"; sql = "DELETE FROM billing_items"; client.query(sql) [33m 396[2mms[22m[39m
     [33m[2m✓[22m[39m does not grant mutable or mixed-table SQL a static exemption: const config = {text:"SELECT 1"}; config.text = "DELETE FROM billing_items"; client.query(config) [33m 394[2mms[22m[39m
     [33m[2m✓[22m[39m rejects actual executable effects or unresolved query: f\u0065tch("https://example.invalid") [33m 370[2mms[22m[39m
     [33m[2m✓[22m[39m rejects actual executable effects or unresolved query: globalThis["f\u0065tch"]("https://example.invalid") [33m 375[2mms[22m[39m
     [33m[2m✓[22m[39m rejects actual executable effects or unresolved query: const fn = fetch; fn("https://example.invalid") [33m 386[2mms[22m[39m
     [33m[2m✓[22m[39m rejects actual executable effects or unresolved query: const fn = fetch.bind(globalThis); fn("https://example.invalid") [33m 369[2mms[22m[39m
     [33m[2m✓[22m[39m rejects actual executable effects or unresolved query: const run = client.query; run("DELETE FROM billing_items") [33m 372[2mms[22m[39m
     [33m[2m✓[22m[39m rejects actual executable effects or unresolved query: (fetch as typeof fetch)("https://example.invalid") [33m 362[2mms[22m[39m
     [33m[2m✓[22m[39m rejects actual executable effects or unresolved query: fetch!.apply(globalThis,["https://example.invalid"]) [33m 373[2mms[22m[39m
     [33m[2m✓[22m[39m rejects actual executable effects or unresolved query: client.query({text:"DELETE FROM billing_items", values:[]}) [33m 372[2mms[22m[39m
     [33m[2m✓[22m[39m rejects actual executable effects or unresolved query: client.query(unknownStatement) [33m 364[2mms[22m[39m
     [33m[2m✓[22m[39m recognizes only the existing pure parameter forwarder [33m 379[2mms[22m[39m
     [33m[2m✓[22m[39m does not exempt writes/effects in the forwarding file: const adapter = {query: (text, values) => client.query("DELETE FROM billing_items", values)} [33m 379[2mms[22m[39m
     [33m[2m✓[22m[39m does not exempt writes/effects in the forwarding file: const adapter = {query: (text, values) => client.query(text + " DELETE FROM billing_items", values)} [33m 369[2mms[22m[39m
     [33m[2m✓[22m[39m does not exempt writes/effects in the forwarding file: const adapter = {query: (text, values) => { fetch("https://example.invalid"); return client.query(text, values) }} [33m 385[2mms[22m[39m
     [33m[2m✓[22m[39m admits static quota metadata only: INSERT INTO api_rate_limit_buckets (namespace) VALUES ($1) ON CONFLICT (namespace) DO UPDATE SET request_count = 2 [33m 360[2mms[22m[39m
     [33m[2m✓[22m[39m admits static quota metadata only: DELETE FROM api_rate_limit_buckets WHERE reset_at <= clock_timestamp() [33m 365[2mms[22m[39m
     [33m[2m✓[22m[39m admits static quota metadata only: UPDATE api_rate_limit_buckets SET request_count = 2 [33m 393[2mms[22m[39m
     [33m[2m✓[22m[39m admits static quota metadata only: iNsErT /* reviewed quota */ INTO
 api_rate_limit_buckets (namespace) VALUES ($1) [33m 370[2mms[22m[39m
     [33m[2m✓[22m[39m rejects domain, mixed or unknown SQL within quota file: INSERT INTO patient_records (id) VALUES ($1) [33m 361[2mms[22m[39m
     [33m[2m✓[22m[39m rejects domain, mixed or unknown SQL within quota file: UPDATE appointments SET status = $1 [33m 360[2mms[22m[39m
     [33m[2m✓[22m[39m rejects domain, mixed or unknown SQL within quota file: DELETE FROM billing_items WHERE id = $1 [33m 360[2mms[22m[39m
     [33m[2m✓[22m[39m rejects domain, mixed or unknown SQL within quota file: INSERT INTO api_rate_limit_buckets VALUES ($1); INSERT INTO billing_items VALUES ($2) [33m 384[2mms[22m[39m
     [33m[2m✓[22m[39m rejects domain, mixed or unknown SQL within quota file: WITH deleted AS (DELETE FROM patient_records RETURNING id) INSERT INTO api_rate_limit_buckets SELECT id FROM deleted [33m 385[2mms[22m[39m
     [33m[2m✓[22m[39m rejects domain, mixed or unknown SQL within quota file: INSERT INTO ${table} VALUES ($1) [33m 359[2mms[22m[39m
     [33m[2m✓[22m[39m rejects domain, mixed or unknown SQL within quota file: UPDATE ${table} SET value = $1 [33m 377[2mms[22m[39m
     [33m[2m✓[22m[39m rejects domain, mixed or unknown SQL within quota file: UPDATE ${ tableName } SET value = $1 [33m 367[2mms[22m[39m
     [33m[2m✓[22m[39m rejects domain, mixed or unknown SQL within quota file: UPDATE "patient records" SET value = $1 [33m 369[2mms[22m[39m
     [33m[2m✓[22m[39m rejects domain, mixed or unknown SQL within quota file: UPDATE "public"."billing items" AS target SET value = $1 [33m 400[2mms[22m[39m
     [33m[2m✓[22m[39m rejects domain, mixed or unknown SQL within quota file: DELETE FROM ${table} WHERE id = $1 [33m 378[2mms[22m[39m
     [33m[2m✓[22m[39m rejects domain, mixed or unknown SQL within quota file: INSERT INTO public.api_rate_limit_buckets VALUES ($1) [33m 373[2mms[22m[39m
     [33m[2m✓[22m[39m rejects domain, mixed or unknown SQL within quota file: INSERT INTO api_rate_limit_buckets_evil VALUES ($1) [33m 372[2mms[22m[39m
     [33m[2m✓[22m[39m rejects domain, mixed or unknown SQL within quota file: uPdAtE /* disguised */ patient_records SET value = $1 [33m 364[2mms[22m[39m
     [33m[2m✓[22m[39m rejects domain, mixed or unknown SQL within quota file: DELETE /* disguised */ FROM
 appointments WHERE id = $1 [33m 399[2mms[22m[39m
     [33m[2m✓[22m[39m rejects domain, mixed or unknown SQL within quota file: INSERT INTO "billing_items" VALUES ($1) [33m 396[2mms[22m[39m
     [33m[2m✓[22m[39m rejects quota SQL in another source file [33m 377[2mms[22m[39m
     [33m[2m✓[22m[39m rejects external effects in quota file: fetch("https://example.invalid") [33m 370[2mms[22m[39m
     [33m[2m✓[22m[39m rejects external effects in quota file: sendMessage("synthetic") [33m 388[2mms[22m[39m
     [33m[2m✓[22m[39m preserves existing replay store exception: apps/api/src/webhook-security.ts [33m 376[2mms[22m[39m
     [33m[2m✓[22m[39m preserves existing replay store exception: apps/api/src/operator-replay-store.ts [33m 373[2mms[22m[39m
     [33m[2m✓[22m[39m includes untracked source files in the governed inventory [33m 380[2mms[22m[39m
     [33m[2m✓[22m[39m ignores comments without masking following domain writes [33m 363[2mms[22m[39m
     [33m[2m✓[22m[39m does not mistake a read-only privilege diagnostic for UPDATE SQL [33m 368[2mms[22m[39m
     [33m[2m✓[22m[39m fails closed when Git inventory cannot be read [33m 340[2mms[22m[39m
     [33m[2m✓[22m[39m 'positive-quota' [33m 379[2mms[22m[39m
     [33m[2m✓[22m[39m 'plain-domain-update' [33m 379[2mms[22m[39m
     [33m[2m✓[22m[39m 'mixed-quoted-alias' [33m 364[2mms[22m[39m
     [33m[2m✓[22m[39m 'update-quoted-alias' [33m 387[2mms[22m[39m
     [33m[2m✓[22m[39m 'delete-sql-line-comment' [33m 363[2mms[22m[39m
     [33m[2m✓[22m[39m 'update-sql-line-comment' [33m 371[2mms[22m[39m
     [33m[2m✓[22m[39m 'url-mask-domain' [33m 378[2mms[22m[39m
     [33m[2m✓[22m[39m 'mixed-cte-quoted-alias' [33m 364[2mms[22m[39m
     [33m[2m✓[22m[39m 'dynamic-quoted-alias' [33m 369[2mms[22m[39m
     [33m[2m✓[22m[39m 'positive-comment-only' [33m 364[2mms[22m[39m
     [33m[2m✓[22m[39m 'untracked-domain' [33m 372[2mms[22m[39m
     [33m[2m✓[22m[39m 'path-test-substring' [33m 380[2mms[22m[39m
     [33m[2m✓[22m[39m 'quota-quoted-target' [33m 381[2mms[22m[39m
     [33m[2m✓[22m[39m 'quota-schema-target' [33m 386[2mms[22m[39m
     [33m[2m✓[22m[39m 'positive-benign-url' [33m 374[2mms[22m[39m
     [33m[2m✓[22m[39m 'domain-after-block-comment' [33m 394[2mms[22m[39m
     [33m[2m✓[22m[39m 'tracked-path-test-substring' [33m 410[2mms[22m[39m
     [33m[2m✓[22m[39m 'real-test-ignored' [33m 380[2mms[22m[39m
     [33m[2m✓[22m[39m 'read-only-diagnostic' [33m 401[2mms[22m[39m
     [33m[2m✓[22m[39m 'positive-plain-quota-alias' [33m 366[2mms[22m[39m
     [33m[2m✓[22m[39m 'domain-quoted-alias-outside-exception' [33m 372[2mms[22m[39m
     [33m[2m✓[22m[39m retains forbidden effects after lexical normalization: const expression = /["']/; client.query(`DELETE FROM billing_items WHERE id=$1`) [33m 363[2mms[22m[39m
     [33m[2m✓[22m[39m retains forbidden effects after lexical normalization: const marker = "/*"; client.query(`INSERT INTO appointments VALUES ($1)`) [33m 374[2mms[22m[39m
     [33m[2m✓[22m[39m retains forbidden effects after lexical normalization: client.query("UPDATE patient_records AS \"target\" SET value=$1") [33m 362[2mms[22m[39m
     [33m[2m✓[22m[39m retains forbidden effects after lexical normalization: client.query(`INSERT INTO api_rate_limit_buckets VALUES ('-- literal'); DELETE FROM billing_items WHERE id=$1`) [33m 379[2mms[22m[39m
     [33m[2m✓[22m[39m retains forbidden effects after lexical normalization: const value = `${fetch("https://example.invalid")}` [33m 362[2mms[22m[39m
     [33m[2m✓[22m[39m rejects recognized writes with unresolved targets: client.query(`UPDATE patient_records * SET value=$1`) [33m 364[2mms[22m[39m
     [33m[2m✓[22m[39m rejects recognized writes with unresolved targets: client.query(`UPDATE ONLY (patient_records) SET value=$1`) [33m 380[2mms[22m[39m
     [33m[2m✓[22m[39m rejects recognized writes with unresolved targets: client.query("UPDATE " + table + " SET value=$1") [33m 369[2mms[22m[39m
     [33m[2m✓[22m[39m ignores SQL comment prose while retaining read-only SQL [33m 376[2mms[22m[39m
     [33m[2m✓[22m[39m preserves SQL values and ordinary constants: client.query(`SELECT has_table_privilege(current_user, 'patient_records', 'UPDATE')`) [33m 392[2mms[22m[39m
     [33m[2m✓[22m[39m preserves SQL values and ordinary constants: client.query(`INSERT INTO api_rate_limit_buckets VALUES ('DELETE FROM billing_items')`) [33m 385[2mms[22m[39m
     [33m[2m✓[22m[39m preserves SQL values and ordinary constants: const method = "DELETE"; const endpoint = "https://example.invalid" [33m 379[2mms[22m[39m
     [33m[2m✓[22m[39m fails closed on syntactically invalid source [33m 354[2mms[22m[39m
     [33m[2m✓[22m[39m 'sql-value-fetch-expression' [33m 385[2mms[22m[39m
     [33m[2m✓[22m[39m 'sql-comment-fetch-expression' [33m 378[2mms[22m[39m
     [33m[2m✓[22m[39m 'sql-blockcomment-send-expression' [33m 393[2mms[22m[39m
     [33m[2m✓[22m[39m 'sql-value-pure-expression' [33m 411[2mms[22m[39m
     [33m[2m✓[22m[39m 'SQL-standard-backslash-value' [33m 374[2mms[22m[39m
     [33m[2m✓[22m[39m 'SQL-escaped-value-positive' [33m 384[2mms[22m[39m
     [33m[2m✓[22m[39m rejects real expressions and following writes: client.query(`SELECT '${`inner${fetch("https://example.invalid")}`}'`) [33m 399[2mms[22m[39m
     [33m[2m✓[22m[39m rejects real expressions and following writes: sqlTag`SELECT /* ${sendMessage("synthetic")} */ 1` [33m 370[2mms[22m[39m
     [33m[2m✓[22m[39m rejects real expressions and following writes: fetch`https://example.invalid` [33m 361[2mms[22m[39m
     [33m[2m✓[22m[39m rejects real expressions and following writes: globalThis.fetch`https://example.invalid` [33m 378[2mms[22m[39m
     [33m[2m✓[22m[39m rejects real expressions and following writes: client.query(`INSERT INTO api_rate_limit_buckets VALUES ($1); UPDATE api_rate_limit_buckets AS "b'x" SET request_count=2; DELETE FROM billing_items WHERE id=$1`) [33m 379[2mms[22m[39m
     [33m[2m✓[22m[39m retains inert explicitly escaped SQL strings [33m 387[2mms[22m[39m
     [33m[2m✓[22m[39m preserves a pure tagged-template interpolation [33m 369[2mms[22m[39m
     [33m[2m✓[22m[39m 'host-optional-fetch' [33m 377[2mms[22m[39m
     [33m[2m✓[22m[39m 'host-parenthesized-fetch' [33m 389[2mms[22m[39m
     [33m[2m✓[22m[39m 'host-bracket-fetch' [33m 379[2mms[22m[39m
     [33m[2m✓[22m[39m 'host-generic-fetch' [33m 371[2mms[22m[39m
     [33m[2m✓[22m[39m 'host-optional-message' [33m 383[2mms[22m[39m
     [33m[2m✓[22m[39m 'host-parenthesized-message' [33m 388[2mms[22m[39m
     [33m[2m✓[22m[39m 'host-axios-post' [33m 396[2mms[22m[39m
     [33m[2m✓[22m[39m 'host-fetch-call' [33m 386[2mms[22m[39m
     [33m[2m✓[22m[39m 'host-sql-value-optional' [33m 399[2mms[22m[39m
     [33m[2m✓[22m[39m 'benign-fetch-string' [33m 405[2mms[22m[39m
     [33m[2m✓[22m[39m 'benign-message-string' [33m 397[2mms[22m[39m
     [33m[2m✓[22m[39m 'benign-plain-template' [33m 383[2mms[22m[39m
     [33m[2m✓[22m[39m 'unknown-opaque-quota-update' [33m 395[2mms[22m[39m
     [33m[2m✓[22m[39m 'unknown-incomplete-quota-update' [33m 386[2mms[22m[39m
     [33m[2m✓[22m[39m 'dollar-comment-value-domain-definitive' [33m 397[2mms[22m[39m
     [33m[2m✓[22m[39m 'dollar-comment-domain' [33m 373[2mms[22m[39m
     [33m[2m✓[22m[39m 'dollar-select-domain' [33m 391[2mms[22m[39m
     [33m[2m✓[22m[39m 'tagged-dollar-comment-domain' [33m 383[2mms[22m[39m
     [33m[2m✓[22m[39m 'dollar-inert-value' [33m 386[2mms[22m[39m
     [33m[2m✓[22m[39m 'read-only-quoted-identifier' [33m 379[2mms[22m[39m
     [33m[2m✓[22m[39m 'read-only-quoted-update-identifier' [33m 387[2mms[22m[39m
     [33m[2m✓[22m[39m 'quota-comment-external-call' [33m 389[2mms[22m[39m
     [33m[2m✓[22m[39m 'unknown-leading-semicolon' [33m 391[2mms[22m[39m
     [33m[2m✓[22m[39m 'read-only-select-for-update' [33m 393[2mms[22m[39m
     [33m[2m✓[22m[39m 'read-only-select-for-update-of' [33m 372[2mms[22m[39m
     [33m[2m✓[22m[39m 'inert_host_literals' [33m 362[2mms[22m[39m
     [33m[2m✓[22m[39m 'sql_shadow_param' [33m 370[2mms[22m[39m
     [33m[2m✓[22m[39m 'sql_shadow_catch' [33m 369[2mms[22m[39m
     [33m[2m✓[22m[39m 'sql_destructure_shadow' [33m 371[2mms[22m[39m
     [33m[2m✓[22m[39m 'sql_config_duplicate' [33m 387[2mms[22m[39m
     [33m[2m✓[22m[39m 'sql_config_spread_later' [33m 403[2mms[22m[39m
     [33m[2m✓[22m[39m 'sql_config_static_computed' [33m 380[2mms[22m[39m
     [33m[2m✓[22m[39m 'sql_config_alias_mutation' [33m 374[2mms[22m[39m
     [33m[2m✓[22m[39m 'sql_config_assign' [33m 367[2mms[22m[39m
     [33m[2m✓[22m[39m 'finite_loop_direct_mutation' [33m 378[2mms[22m[39m
     [33m[2m✓[22m[39m 'finite_loop_alias_mutation' [33m 380[2mms[22m[39m
     [33m[2m✓[22m[39m 'finite_loop_computed_mutation' [33m 362[2mms[22m[39m
     [33m[2m✓[22m[39m 'finite_loop_assign_mutation' [33m 354[2mms[22m[39m
     [33m[2m✓[22m[39m 'finite_loop_shadow' [33m 375[2mms[22m[39m
     [33m[2m✓[22m[39m 'static_object_alias_effect' [33m 366[2mms[22m[39m
     [33m[2m✓[22m[39m 'destructure_global_effect' [33m 374[2mms[22m[39m
     [33m[2m✓[22m[39m 'import_renamed_effect' [33m 373[2mms[22m[39m
     [33m[2m✓[22m[39m 'query_destructure' [33m 378[2mms[22m[39m
     [33m[2m✓[22m[39m 'query_wrapper_known' [33m 382[2mms[22m[39m
     [33m[2m✓[22m[39m 'literal_method_shadow' [33m 354[2mms[22m[39m
     [33m[2m✓[22m[39m 'literal_query_shadow' [33m 379[2mms[22m[39m
     [33m[2m✓[22m[39m 'shadow_param_no_outer_binding' [33m 380[2mms[22m[39m
     [33m[2m✓[22m[39m 'config_spread_before_good' [33m 379[2mms[22m[39m
     [33m[2m✓[22m[39m 'config_unknown_spread_after' [33m 382[2mms[22m[39m
     [33m[2m✓[22m[39m 'config_getter_overrides' [33m 388[2mms[22m[39m
     [33m[2m✓[22m[39m 'finite_loop_alias_benign' [33m 369[2mms[22m[39m
     [33m[2m✓[22m[39m 'finite_loop_indirect_splice' [33m 420[2mms[22m[39m
     [33m[2m✓[22m[39m 'host_import_unaliased' [33m 396[2mms[22m[39m
     [33m[2m✓[22m[39m 'host_import_axios_renamed' [33m 374[2mms[22m[39m
     [33m[2m✓[22m[39m 'host_static_member_alias' [33m 366[2mms[22m[39m
     [33m[2m✓[22m[39m 'nested_static_template_concat' [33m 366[2mms[22m[39m
     [33m[2m✓[22m[39m 'nested_static_template_concat_control' [33m 390[2mms[22m[39m
     [33m[2m✓[22m[39m 'nested_static_template_in_config' [33m 374[2mms[22m[39m
     [33m[2m✓[22m[39m 'nested_static_template_top_level' [33m 370[2mms[22m[39m
     [33m[2m✓[22m[39m 'quota_insert' [33m 384[2mms[22m[39m
     [33m[2m✓[22m[39m 'domain_delete' [33m 364[2mms[22m[39m
     [33m[2m✓[22m[39m 'sql_truncate' [33m 361[2mms[22m[39m
     [33m[2m✓[22m[39m 'sql_drop' [33m 375[2mms[22m[39m
     [33m[2m✓[22m[39m 'sql_copy' [33m 373[2mms[22m[39m
     [33m[2m✓[22m[39m 'sql_create_as' [33m 372[2mms[22m[39m
     [33m[2m✓[22m[39m 'sql_select_into' [33m 376[2mms[22m[39m
     [33m[2m✓[22m[39m 'sql_do' [33m 371[2mms[22m[39m
     [33m[2m✓[22m[39m 'outside_quota_25' [33m 386[2mms[22m[39m
     [33m[2m✓[22m[39m 'quota_mixed_26' [33m 382[2mms[22m[39m
     [33m[2m✓[22m[39m 'outside_quota_31' [33m 388[2mms[22m[39m
     [33m[2m✓[22m[39m 'quota_mixed_32' [33m 387[2mms[22m[39m
     [33m[2m✓[22m[39m 'dollar_block_inert' [33m 377[2mms[22m[39m
     [33m[2m✓[22m[39m 'pure-object-method' [33m 377[2mms[22m[39m
     [33m[2m✓[22m[39m 'read-shorthand' [33m 361[2mms[22m[39m
     [33m[2m✓[22m[39m 'numeric-static' [33m 369[2mms[22m[39m
     [33m[2m✓[22m[39m 'destructured-array-mutation' [33m 398[2mms[22m[39m
     [33m[2m✓[22m[39m 'bound-array-mutator' [33m 378[2mms[22m[39m
     [33m[2m✓[22m[39m 'config-assignment-escape' [33m 376[2mms[22m[39m
     [33m[2m✓[22m[39m 'config-unmodeled-escape' [33m 377[2mms[22m[39m
     [33m[2m✓[22m[39m 'mutable-callee-assignment' [33m 378[2mms[22m[39m
     [33m[2m✓[22m[39m 'scoped-local-pure' [33m 378[2mms[22m[39m
     [33m[2m✓[22m[39m 'nested-spread-effective' [33m 380[2mms[22m[39m
     [33m[2m✓[22m[39m 'computed-static-effect' [33m 387[2mms[22m[39m
     [33m[2m✓[22m[39m inspects forwarded SQL DELETE FROM billing_items [33m 389[2mms[22m[39m
     [33m[2m✓[22m[39m inspects forwarded SQL SELECT 1 [33m 382[2mms[22m[39m
     [33m[2m✓[22m[39m keeps static module call provenance const run=require("node-fetch");run("https://example.invalid") [33m 379[2mms[22m[39m
     [33m[2m✓[22m[39m keeps static module call provenance const {fetch:run}=require("undici");run("https://example.invalid") [33m 393[2mms[22m[39m
     [33m[2m✓[22m[39m keeps static module call provenance const run=require("axios");run.get("https://example.invalid") [33m 378[2mms[22m[39m
     [33m[2m✓[22m[39m keeps static module call provenance const {fetch:run}=await import("undici");run("https://example.invalid") [33m 394[2mms[22m[39m
     [33m[2m✓[22m[39m keeps static module call provenance function require(x){return ()=>42};const run=require("node-fetch");run() [33m 373[2mms[22m[39m
     [33m[2m✓[22m[39m 'escape-array-concrete' [33m 397[2mms[22m[39m
     [33m[2m✓[22m[39m 'escape-object-concrete' [33m 396[2mms[22m[39m
     [33m[2m✓[22m[39m 'escape-spread-concrete' [33m 390[2mms[22m[39m
     [33m[2m✓[22m[39m 'escape-tag-concrete' [33m 385[2mms[22m[39m
     [33m[2m✓[22m[39m 'escape-new-concrete' [33m 384[2mms[22m[39m
     [33m[2m✓[22m[39m 'array-escape-concrete' [33m 379[2mms[22m[39m
     [33m[2m✓[22m[39m 'config-alias-positive' [33m 399[2mms[22m[39m
     [33m[2m✓[22m[39m 'escape-inert-template-control' [33m 406[2mms[22m[39m
     [33m[2m✓[22m[39m 'array-alias-control' [33m 394[2mms[22m[39m
     [33m[2m✓[22m[39m 'escape-direct-concrete-control' [33m 378[2mms[22m[39m
     [33m[2m✓[22m[39m 'config-destructure-object-write' [33m 377[2mms[22m[39m
     [33m[2m✓[22m[39m 'config-destructure-array-write' [33m 374[2mms[22m[39m
     [33m[2m✓[22m[39m 'array-destructure-write' [33m 390[2mms[22m[39m
     [33m[2m✓[22m[39m 'destructure-copy-positive' [33m 371[2mms[22m[39m
     [33m[2m✓[22m[39m 'config-alias-write' [33m 377[2mms[22m[39m
     [33m[2m✓[22m[39m 'array-own-join-write' [33m 401[2mms[22m[39m
     [33m[2m✓[22m[39m 'config-own-join-write' [33m 399[2mms[22m[39m
     [33m[2m✓[22m[39m 'own-slice-mutation' [33m 385[2mms[22m[39m
     [33m[2m✓[22m[39m 'own-join-via-alias' [33m 374[2mms[22m[39m
     [33m[2m✓[22m[39m 'config-own-join-pure' [33m 409[2mms[22m[39m
     [33m[2m✓[22m[39m 'own-other-pure-control' [33m 370[2mms[22m[39m
     [33m[2m✓[22m[39m 'own-other-method-mutation-control' [33m 388[2mms[22m[39m
     [33m[2m✓[22m[39m 'nodefetch-namespace-default' [33m 382[2mms[22m[39m
     [33m[2m✓[22m[39m 'namespace-default-call' [33m 385[2mms[22m[39m
     [33m[2m✓[22m[39m 'namespace-destructure-default' [33m 393[2mms[22m[39m
     [33m[2m✓[22m[39m 'dynamic-nodefetch-default' [33m 401[2mms[22m[39m
     [33m[2m✓[22m[39m 'local-default-pure-control' [33m 386[2mms[22m[39m
     [33m[2m✓[22m[39m 'nodefetch-default-import' [33m 398[2mms[22m[39m
     [33m[2m✓[22m[39m 'nodefetch-named-default' [33m 401[2mms[22m[39m
     [33m[2m✓[22m[39m 'local-default-real-effect-control' [33m 421[2mms[22m[39m
     [33m[2m✓[22m[39m 'sql-bind-unused' [33m 402[2mms[22m[39m
     [33m[2m✓[22m[39m 'sql-bind-select' [33m 408[2mms[22m[39m
     [33m[2m✓[22m[39m 'bind-sql-benign-no-preargs' [33m 411[2mms[22m[39m
     [33m[2m✓[22m[39m 'bind-fetch-unused-control' [33m 389[2mms[22m[39m
     [33m[2m✓[22m[39m 'bind-local-function-unused' [33m 386[2mms[22m[39m
     [33m[2m✓[22m[39m 'select-positive' [33m 387[2mms[22m[39m
     [33m[2m✓[22m[39m 'sql-bind-domain' [33m 405[2mms[22m[39m
     [33m[2m✓[22m[39m 'bind-sql-domain-no-preargs' [33m 412[2mms[22m[39m
     [33m[2m✓[22m[39m 'domain-negative' [33m 383[2mms[22m[39m
     [33m[2m✓[22m[39m 'forwarder-parameters-default' [33m 379[2mms[22m[39m
     [33m[2m✓[22m[39m 'forwarder-parameters-rest' [33m 386[2mms[22m[39m
     [33m[2m✓[22m[39m 'forwarder-exact-control' [33m 407[2mms[22m[39m
     [33m[2m✓[22m[39m 'forwarder-consumer-select' [33m 416[2mms[22m[39m
     [33m[2m✓[22m[39m 'forwarder-body-transform' [33m 380[2mms[22m[39m
     [33m[2m✓[22m[39m 'forwarder-consumer-write' [33m 404[2mms[22m[39m
     [33m[2m✓[22m[39m 'closed-readiness-callback' [33m 393[2mms[22m[39m
     [33m[2m✓[22m[39m 'returned-closure-reference' [33m 401[2mms[22m[39m
     [33m[2m✓[22m[39m 'returned-closure-array' [33m 401[2mms[22m[39m
     [33m[2m✓[22m[39m 'function-carried-reference' [33m 396[2mms[22m[39m
     [33m[2m✓[22m[39m 'pure-local-return-alias' [33m 394[2mms[22m[39m
     [33m[2m✓[22m[39m 'primitive-value-read' [33m 382[2mms[22m[39m
     [33m[2m✓[22m[39m 'primitive-array-native-read' [33m 390[2mms[22m[39m
     [33m[2m✓[22m[39m 'literal-object-sql-interpolation' [33m 391[2mms[22m[39m
     [33m[2m✓[22m[39m 'implicit-coercion-mutation' [33m 389[2mms[22m[39m
     [33m[2m✓[22m[39m 'implicit-coercion-pure' [33m 398[2mms[22m[39m
     [33m[2m✓[22m[39m 'bound-sql-call-prefix' [33m 418[2mms[22m[39m
     [33m[2m✓[22m[39m 'bound-sql-apply-prefix' [33m 403[2mms[22m[39m
     [33m[2m✓[22m[39m 'bound-sql-nested' [33m 431[2mms[22m[39m
     [33m[2m✓[22m[39m preserves declaration identity across property writes const c={text:"SELECT 1"};const holder=()=>1;holder.c=c;mutate(holder);client.query(c) [33m 400[2mms[22m[39m
     [33m[2m✓[22m[39m preserves declaration identity across property writes const c={text:"SELECT 1"};function holder(){return 1};holder.note="readonly";client.query(c) [33m 387[2mms[22m[39m
     [33m[2m✓[22m[39m array-effect-member [33m 365[2mms[22m[39m
     [33m[2m✓[22m[39m array-effect-binding [33m 382[2mms[22m[39m
     [33m[2m✓[22m[39m array-import-binding [33m 391[2mms[22m[39m
     [33m[2m✓[22m[39m array-query-member [33m 391[2mms[22m[39m
     [33m[2m✓[22m[39m array-query-binding [33m 390[2mms[22m[39m
     [33m[2m✓[22m[39m nested-array-effect [33m 371[2mms[22m[39m
     [33m[2m✓[22m[39m spread-array-effect [33m 374[2mms[22m[39m
     [33m[2m✓[22m[39m nested-binding-effect [33m 394[2mms[22m[39m
     [33m[2m✓[22m[39m array-pure-member [33m 396[2mms[22m[39m
     [33m[2m✓[22m[39m array-pure-binding [33m 388[2mms[22m[39m
     [33m[2m✓[22m[39m array-import-inert [33m 379[2mms[22m[39m
     [33m[2m✓[22m[39m array-query-read [33m 369[2mms[22m[39m
     [33m[2m✓[22m[39m nested-array-pure [33m 383[2mms[22m[39m
     [33m[2m✓[22m[39m array-assigned-effect [33m 383[2mms[22m[39m
     [33m[2m✓[22m[39m object-assigned-effect [33m 406[2mms[22m[39m
     [33m[2m✓[22m[39m array-assigned-pure [33m 379[2mms[22m[39m
     [33m[2m✓[22m[39m array-assignment-alias [33m 392[2mms[22m[39m
     [33m[2m✓[22m[39m object-assignment-alias [33m 386[2mms[22m[39m
     [33m[2m✓[22m[39m nested-assignment-alias [33m 383[2mms[22m[39m
     [33m[2m✓[22m[39m assignment-distinct-object [33m 392[2mms[22m[39m
     [33m[2m✓[22m[39m assignment-primitive [33m 391[2mms[22m[39m
     [33m[2m✓[22m[39m assigned-alias-direct-write [33m 390[2mms[22m[39m
     [33m[2m✓[22m[39m closure-stored-reference [33m 388[2mms[22m[39m
     [33m[2m✓[22m[39m arrow-stored-reference [33m 384[2mms[22m[39m
     [33m[2m✓[22m[39m closure-exposed-store-only [33m 388[2mms[22m[39m
     [33m[2m✓[22m[39m closure-stored-copy [33m 394[2mms[22m[39m
     [33m[2m✓[22m[39m closure-local-store [33m 386[2mms[22m[39m
     [33m[2m✓[22m[39m closure-read-primitive [33m 382[2mms[22m[39m
     [33m[2m✓[22m[39m getter-exposed-reference [33m 387[2mms[22m[39m
     [33m[2m✓[22m[39m getter-distinct-copy [33m 408[2mms[22m[39m
     [33m[2m✓[22m[39m closure-list-length [33m 374[2mms[22m[39m
     [33m[2m✓[22m[39m closure-list-index [33m 377[2mms[22m[39m
     [33m[2m✓[22m[39m closure-native-join [33m 399[2mms[22m[39m
     [33m[2m✓[22m[39m closure-reference-escape [33m 397[2mms[22m[39m
     [33m[2m✓[22m[39m array-contained-reference [33m 379[2mms[22m[39m
     [33m[2m✓[22m[39m const {...box}={http:fetch};box.http("https://synthetic.invalid") [33m 389[2mms[22m[39m
     [33m[2m✓[22m[39m const {omit,...box}={omit:fetch,run:()=>1};box.run() [33m 383[2mms[22m[39m
     [33m[2m✓[22m[39m const [,...calls]=[0,fetch];calls[0]("https://synthetic.invalid") [33m 384[2mms[22m[39m
     [33m[2m✓[22m[39m const [,...calls]=[0,()=>1];calls[0]() [33m 382[2mms[22m[39m
     [33m[2m✓[22m[39m let box;({...box}={http:fetch});box.http("https://synthetic.invalid") [33m 383[2mms[22m[39m
     [33m[2m✓[22m[39m let box;({omit,...box}={omit:fetch,run:()=>1});box.run() [33m 391[2mms[22m[39m
     [33m[2m✓[22m[39m const [http=fetch]=[undefined];http("https://synthetic.invalid") [33m 374[2mms[22m[39m
     [33m[2m✓[22m[39m const [http=fetch]=[()=>1];http() [33m 368[2mms[22m[39m
     [33m[2m✓[22m[39m let http;[http=fetch]=[()=>1];http() [33m 366[2mms[22m[39m
     [33m[2m✓[22m[39m let http;[http=fetch]=[undefined];http("https://synthetic.invalid") [33m 367[2mms[22m[39m
     [33m[2m✓[22m[39m const cfg={text:"SELECT 1"};const box={get value(){return cfg}};box.value.text="DELETE FROM patients";client.query(cfg) [33m 379[2mms[22m[39m
     [33m[2m✓[22m[39m const cfg={text:"SELECT 1"};const box={get value(){return {text:cfg.text}}};box.value.text="DELETE FROM patients";client.query(cfg) [33m 383[2mms[22m[39m
     [33m[2m✓[22m[39m const data=[1];data.join=fetch;data.join("https://synthetic.invalid") [33m 371[2mms[22m[39m
     [33m[2m✓[22m[39m const data=[1];data.join=()=>"one";data.join() [33m 361[2mms[22m[39m
     [33m[2m✓[22m[39m 'F1-default-empty' [33m 395[2mms[22m[39m
     [33m[2m✓[22m[39m 'F1-default-undefined' [33m 383[2mms[22m[39m
     [33m[2m✓[22m[39m 'F1-default-query' [33m 402[2mms[22m[39m
     [33m[2m✓[22m[39m 'F1-default-benign' [33m 394[2mms[22m[39m
     [33m[2m✓[22m[39m 'F1-present-benign' [33m 361[2mms[22m[39m
     [33m[2m✓[22m[39m 'F2-property-domain-prefix' [33m 418[2mms[22m[39m
     [33m[2m✓[22m[39m 'F2-array-domain-prefix' [33m 416[2mms[22m[39m
     [33m[2m✓[22m[39m 'F2-property-read-arg' [33m 391[2mms[22m[39m
     [33m[2m✓[22m[39m 'F2-property-allowed-prefix' [33m 370[2mms[22m[39m
     [33m[2m✓[22m[39m 'F2-member-call' [33m 382[2mms[22m[39m
     [33m[2m✓[22m[39m 'F2-member-apply' [33m 372[2mms[22m[39m
     [33m[2m✓[22m[39m 'F2-direct-bound' [33m 372[2mms[22m[39m
     [33m[2m✓[22m[39m 'F2-bound-inert' [33m 383[2mms[22m[39m
     [33m[2m✓[22m[39m 'F3-stored-destruct-alias' [33m 362[2mms[22m[39m
     [33m[2m✓[22m[39m 'F3-assigned-destruct' [33m 366[2mms[22m[39m
     [33m[2m✓[22m[39m 'F3-stored-direct-alias' [33m 359[2mms[22m[39m
     [33m[2m✓[22m[39m 'F3-literal-destruct-alias' [33m 347[2mms[22m[39m
     [33m[2m✓[22m[39m 'F3-stored-primitive' [33m 367[2mms[22m[39m
     [33m[2m✓[22m[39m 'F3-unexposed-store' [33m 365[2mms[22m[39m
     [33m[2m✓[22m[39m 'F4-closure-default' [33m 359[2mms[22m[39m
     [33m[2m✓[22m[39m 'F4-closure-explicit' [33m 356[2mms[22m[39m
     [33m[2m✓[22m[39m 'F4-closure-primitive' [33m 365[2mms[22m[39m
     [33m[2m✓[22m[39m 'F5-array-selected-mutation' [33m 355[2mms[22m[39m
     [33m[2m✓[22m[39m 'F5-array-selected-unmutated' [33m 367[2mms[22m[39m
     [33m[2m✓[22m[39m 'P2-native-slice-copy' [33m 368[2mms[22m[39m
     [33m[2m✓[22m[39m 'P2-original-ref-mutation' [33m 359[2mms[22m[39m
     [33m[2m✓[22m[39m 'rest-config-mutated' [33m 361[2mms[22m[39m
     [33m[2m✓[22m[39m 'rest-config-unmutated' [33m 362[2mms[22m[39m
     [33m[2m✓[22m[39m 'rest-config-direct-write' [33m 373[2mms[22m[39m
     [33m[2m✓[22m[39m 'rest-assigned-config-mutated' [33m 373[2mms[22m[39m
     [33m[2m✓[22m[39m 'rest-config-independent-copy' [33m 391[2mms[22m[39m
     [33m[2m✓[22m[39m 'rest-distinct-allocation' [33m 356[2mms[22m[39m
     [33m[2m✓[22m[39m 'rest-source-mutated-before-copy' [33m 361[2mms[22m[39m
     [33m[2m✓[22m[39m 'array-rest-mutated' [33m 359[2mms[22m[39m
     [33m[2m✓[22m[39m 'array-rest-unmutated' [33m 363[2mms[22m[39m
     [33m[2m✓[22m[39m 'slice-shallow-config-ref' [33m 363[2mms[22m[39m
     [33m[2m✓[22m[39m 'slice-shallow-config-ref-binding' [33m 356[2mms[22m[39m
     [33m[2m✓[22m[39m 'slice-primitive-source-independent' [33m 387[2mms[22m[39m
     [33m[2m✓[22m[39m 'slice-primitive-copy-mutated' [33m 367[2mms[22m[39m
     [33m[2m✓[22m[39m 'slice-source-mutated-before-copy' [33m 378[2mms[22m[39m
     [33m[2m✓[22m[39m 'slice-unmutated-copy' [33m 365[2mms[22m[39m
     [33m[2m✓[22m[39m 'slice-distinct-copies' [33m 393[2mms[22m[39m
     [33m[2m✓[22m[39m 'slice-static-bounds' [33m 359[2mms[22m[39m
     [33m[2m✓[22m[39m 'slice-override' [33m 373[2mms[22m[39m
     [33m[2m✓[22m[39m 'stored-bound-config' [33m 385[2mms[22m[39m
     [33m[2m✓[22m[39m 'stored-bound-read' [33m 386[2mms[22m[39m
     [33m[2m✓[22m[39m 'default-nested-bound' [33m 398[2mms[22m[39m
     [33m[2m✓[22m[39m 'rest-mutated-in-hoisted-body' [33m 387[2mms[22m[39m
     [33m[2m✓[22m[39m 'slice-mutated-in-hoisted-body' [33m 378[2mms[22m[39m
     [33m[2m✓[22m[39m 'rest-source-write-body-first' [33m 367[2mms[22m[39m
     [33m[2m✓[22m[39m 'slice-source-write-body-first' [33m 381[2mms[22m[39m
     [33m[2m✓[22m[39m 'rest-alias-mutation' [33m 394[2mms[22m[39m
     [33m[2m✓[22m[39m 'rest-shallow-cfg-ref' [33m 366[2mms[22m[39m
     [33m[2m✓[22m[39m 'rest-primitive-copy-only' [33m 363[2mms[22m[39m
     [33m[2m✓[22m[39m 'slice-shallow-copy-unexposed' [33m 365[2mms[22m[39m
     [33m[2m✓[22m[39m 'slice-shallow-copy-read' [33m 396[2mms[22m[39m
     [33m[2m✓[22m[39m 'slice-copy-write-source-primitive' [33m 353[2mms[22m[39m
     [33m[2m✓[22m[39m 'slice-copy-write-own-primitive' [33m 365[2mms[22m[39m
     [33m[2m✓[22m[39m 'array-rest-assignment-mutated' [33m 372[2mms[22m[39m
     [33m[2m✓[22m[39m 'stored-config-hoisted-body' [33m 386[2mms[22m[39m
     [33m[2m✓[22m[39m 'stored-config-pure-primitive-hoisted' [33m 367[2mms[22m[39m
     [33m[2m✓[22m[39m 'bound-prefix-mutated-holder' [33m 374[2mms[22m[39m
     [33m[2m✓[22m[39m 'bound-prefix-mutated-array' [33m 371[2mms[22m[39m
     [33m[2m✓[22m[39m 'bound-prefix-untouched-holder' [33m 383[2mms[22m[39m
     [33m[2m✓[22m[39m 'closure-default-nested-ref' [33m 362[2mms[22m[39m
     [33m[2m✓[22m[39m 'closure-default-read-scalar' [33m 375[2mms[22m[39m
     [33m[2m✓[22m[39m 'rest-spread-source-mutated' [33m 383[2mms[22m[39m
     [33m[2m✓[22m[39m 'rest-spread-source-safe' [33m 376[2mms[22m[39m
     [33m[2m✓[22m[39m 'slice-spread-source-mutated' [33m 371[2mms[22m[39m
     [33m[2m✓[22m[39m 'slice-spread-source-safe' [33m 361[2mms[22m[39m
     [33m[2m✓[22m[39m 'paired-array-direct' [33m 365[2mms[22m[39m
     [33m[2m✓[22m[39m 'paired-array-pure-stored' [33m 372[2mms[22m[39m
     [33m[2m✓[22m[39m 'replay-assignment-1' [33m 382[2mms[22m[39m
     [33m[2m✓[22m[39m 'replay-benign-rest-array' [33m 366[2mms[22m[39m
     [33m[2m✓[22m[39m 'replay-benign-rest-object' [33m 383[2mms[22m[39m
     [33m[2m✓[22m[39m 'replay-benign-stored-default-array' [33m 373[2mms[22m[39m
     [33m[2m✓[22m[39m 'replay-benign-stored-default-object' [33m 387[2mms[22m[39m
     [33m[2m✓[22m[39m 'replay-proof-literal-rest-array' [33m 371[2mms[22m[39m
     [33m[2m✓[22m[39m 'replay-proof-literal-rest-object' [33m 392[2mms[22m[39m
     [33m[2m✓[22m[39m 'replay-proof-object-rest' [33m 380[2mms[22m[39m
     [33m[2m✓[22m[39m 'replay-proof-object-spread' [33m 379[2mms[22m[39m
     [33m[2m✓[22m[39m 'replay-proof-primitive-rest' [33m 387[2mms[22m[39m
     [33m[2m✓[22m[39m 'replay-proof-primitive-spread' [33m 387[2mms[22m[39m
     [33m[2m✓[22m[39m 'replay-proof-rest-array' [33m 384[2mms[22m[39m
     [33m[2m✓[22m[39m 'replay-proof-rest-object' [33m 380[2mms[22m[39m
     [33m[2m✓[22m[39m 'replay-proof-stored-default-array' [33m 370[2mms[22m[39m
     [33m[2m✓[22m[39m 'replay-proof-stored-default-object' [33m 381[2mms[22m[39m
     [33m[2m✓[22m[39m 'stored-object-bound-prefix' [33m 394[2mms[22m[39m
     [33m[2m✓[22m[39m 'stored-array-bound-prefix' [33m 404[2mms[22m[39m
     [33m[2m✓[22m[39m 'stored-object-pure-present-default' [33m 369[2mms[22m[39m
     [33m[2m✓[22m[39m 'stored-array-pure-present-default' [33m 383[2mms[22m[39m
     [33m[2m✓[22m[39m 'object-unknown-spread-not-absent' [33m 383[2mms[22m[39m
     [33m[2m✓[22m[39m 'array-unknown-spread-not-absent' [33m 368[2mms[22m[39m
     [33m[2m✓[22m[39m 'object-unknown-override-not-absent' [33m 389[2mms[22m[39m
     [33m[2m✓[22m[39m 'array-unknown-stored-not-absent' [33m 390[2mms[22m[39m
     [33m[2m✓[22m[39m 'object-known-absent-default' [33m 417[2mms[22m[39m
     [33m[2m✓[22m[39m 'array-known-absent-default' [33m 376[2mms[22m[39m
     [33m[2m✓[22m[39m 'stored-object-spread-ref' [33m 379[2mms[22m[39m
     [33m[2m✓[22m[39m 'stored-array-spread-ref' [33m 378[2mms[22m[39m
     [33m[2m✓[22m[39m 'stored-object-spread-primitive' [33m 382[2mms[22m[39m
     [33m[2m✓[22m[39m 'stored-array-spread-primitive' [33m 371[2mms[22m[39m
     [33m[2m✓[22m[39m 'object-spread-shallow-ref' [33m 376[2mms[22m[39m
     [33m[2m✓[22m[39m 'array-spread-shallow-ref' [33m 380[2mms[22m[39m
     [33m[2m✓[22m[39m 'object-spread-mutated-copy' [33m 382[2mms[22m[39m
     [33m[2m✓[22m[39m 'object-spread-mutated-source' [33m 370[2mms[22m[39m
     [33m[2m✓[22m[39m 'object-spread-distinct-copies' [33m 384[2mms[22m[39m
     [33m[2m✓[22m[39m 'object-rest-mutated-stored-source' [33m 408[2mms[22m[39m
     [33m[2m✓[22m[39m 'object-unknown-slot-not-absent' [33m 391[2mms[22m[39m
     [33m[2m✓[22m[39m 'array-unknown-slot-not-absent' [33m 384[2mms[22m[39m
     [33m[2m✓[22m[39m 'object-spread-explicit-present' [33m 388[2mms[22m[39m
     [33m[2m✓[22m[39m 'object-over-limit-not-absent' [33m 389[2mms[22m[39m
     [33m[2m✓[22m[39m 'array-over-limit-not-absent' [33m 389[2mms[22m[39m
     [33m[2m✓[22m[39m 'array-stored-slot-literal-index' [33m 393[2mms[22m[39m
     [33m[2m✓[22m[39m 'object-stored-slot-spread-callable' [33m 379[2mms[22m[39m
     [33m[2m✓[22m[39m 'stored_fetch_bind' [33m 372[2mms[22m[39m
     [33m[2m✓[22m[39m 'literal_fetch_bind' [33m 378[2mms[22m[39m
     [33m[2m✓[22m[39m 'literal_pure_bind' [33m 350[2mms[22m[39m
     [33m[2m✓[22m[39m 'stored_query_bind' [33m 358[2mms[22m[39m
     [33m[2m✓[22m[39m 'literal_query_bind' [33m 375[2mms[22m[39m
     [33m[2m✓[22m[39m 'stored_fetch_call' [33m 365[2mms[22m[39m
     [33m[2m✓[22m[39m 'literal_fetch_call' [33m 369[2mms[22m[39m
     [33m[2m✓[22m[39m 'literal_pure_call' [33m 370[2mms[22m[39m
     [33m[2m✓[22m[39m 'stored_query_call' [33m 385[2mms[22m[39m
     [33m[2m✓[22m[39m 'literal_query_call' [33m 368[2mms[22m[39m
     [33m[2m✓[22m[39m 'stored_fetch_apply' [33m 372[2mms[22m[39m
     [33m[2m✓[22m[39m 'literal_fetch_apply' [33m 371[2mms[22m[39m
     [33m[2m✓[22m[39m 'literal_pure_apply' [33m 361[2mms[22m[39m
     [33m[2m✓[22m[39m 'stored_query_apply' [33m 371[2mms[22m[39m
     [33m[2m✓[22m[39m 'literal_query_apply' [33m 350[2mms[22m[39m
     [33m[2m✓[22m[39m 'alias_array_binding' [33m 364[2mms[22m[39m
     [33m[2m✓[22m[39m 'pure_array_binding' [33m 362[2mms[22m[39m
     [33m[2m✓[22m[39m 'bound_array_binding_bad' [33m 371[2mms[22m[39m
     [33m[2m✓[22m[39m 'bound_array_binding_quota' [33m 370[2mms[22m[39m
     [33m[2m✓[22m[39m 'bound_nested_binding_bad' [33m 385[2mms[22m[39m
     [33m[2m✓[22m[39m 'bound_nested_binding_quota' [33m 381[2mms[22m[39m
     [33m[2m✓[22m[39m 'bound_bind_named_member_bad' [33m 381[2mms[22m[39m
     [33m[2m✓[22m[39m 'bound_bind_named_member_quota' [33m 353[2mms[22m[39m
     [33m[2m✓[22m[39m 'bound_rest_bind_named_bad' [33m 362[2mms[22m[39m
     [33m[2m✓[22m[39m 'bound_rest_bind_named_quota' [33m 370[2mms[22m[39m
     [33m[2m✓[22m[39m 'inert_bind' [33m 369[2mms[22m[39m
     [33m[2m✓[22m[39m 'invoke_call_bad' [33m 370[2mms[22m[39m
     [33m[2m✓[22m[39m 'invoke_call_quota' [33m 375[2mms[22m[39m
     [33m[2m✓[22m[39m 'invoke_apply_bad' [33m 366[2mms[22m[39m
     [33m[2m✓[22m[39m 'invoke_apply_quota' [33m 352[2mms[22m[39m
     [33m[2m✓[22m[39m 'invoke_bind_bad' [33m 392[2mms[22m[39m
     [33m[2m✓[22m[39m 'invoke_bind_quota' [33m 385[2mms[22m[39m
     [33m[2m✓[22m[39m 'apply_rest_bad' [33m 376[2mms[22m[39m
     [33m[2m✓[22m[39m 'apply_slice_bad' [33m 360[2mms[22m[39m
     [33m[2m✓[22m[39m 'apply_spread_bad' [33m 385[2mms[22m[39m
     [33m[2m✓[22m[39m 'apply_rest_quota' [33m 366[2mms[22m[39m
     [33m[2m✓[22m[39m 'apply_slice_quota' [33m 373[2mms[22m[39m
     [33m[2m✓[22m[39m 'apply_spread_quota' [33m 378[2mms[22m[39m
     [33m[2m✓[22m[39m 'bind_computed_fetch' [33m 371[2mms[22m[39m
     [33m[2m✓[22m[39m 'bind_optional_fetch' [33m 347[2mms[22m[39m
     [33m[2m✓[22m[39m 'bind_rest_fetch' [33m 359[2mms[22m[39m
     [33m[2m✓[22m[39m 'bind_spread_fetch' [33m 345[2mms[22m[39m
     [33m[2m✓[22m[39m 'bind_array_property' [33m 356[2mms[22m[39m
     [33m[2m✓[22m[39m 'bind_nested_fetch' [33m 370[2mms[22m[39m
     [33m[2m✓[22m[39m 'bind_tagged_fetch' [33m 366[2mms[22m[39m
     [33m[2m✓[22m[39m 'bind_extracted_fetch' [33m 351[2mms[22m[39m
     [33m[2m✓[22m[39m 'bind_destructured_fetch' [33m 359[2mms[22m[39m
     [33m[2m✓[22m[39m 'bind_computed_pure' [33m 371[2mms[22m[39m
     [33m[2m✓[22m[39m 'bind_optional_pure' [33m 373[2mms[22m[39m
     [33m[2m✓[22m[39m 'bind_rest_pure' [33m 361[2mms[22m[39m
     [33m[2m✓[22m[39m 'bind_spread_pure' [33m 356[2mms[22m[39m
     [33m[2m✓[22m[39m 'bind_array_pure' [33m 362[2mms[22m[39m
     [33m[2m✓[22m[39m 'bind_nested_pure' [33m 356[2mms[22m[39m
     [33m[2m✓[22m[39m 'bind_tagged_pure' [33m 377[2mms[22m[39m
     [33m[2m✓[22m[39m 'native_fetch_bind_inert' [33m 382[2mms[22m[39m
     [33m[2m✓[22m[39m 'native_fetch_bind_invoked' [33m 373[2mms[22m[39m
     [33m[2m✓[22m[39m 'native_query_bind_inert' [33m 378[2mms[22m[39m
     [33m[2m✓[22m[39m 'native_query_bind_quota' [33m 380[2mms[22m[39m
     [33m[2m✓[22m[39m 'native_query_apply_read' [33m 369[2mms[22m[39m
     [33m[2m✓[22m[39m 'native_query_apply_array_alias' [33m 370[2mms[22m[39m
     [33m[2m✓[22m[39m 'native_query_apply_bad' [33m 376[2mms[22m[39m
     [33m[2m✓[22m[39m 'native_query_call_read' [33m 376[2mms[22m[39m
     [33m[2m✓[22m[39m 'native_query_call_quota' [33m 414[2mms[22m[39m
     [33m[2m✓[22m[39m 'native_query_bind_spread_simple' [33m 399[2mms[22m[39m
     [33m[2m✓[22m[39m 'native_query_bind_literal_simple' [33m 398[2mms[22m[39m
     [33m[2m✓[22m[39m 'unknown_default_callable' [33m 370[2mms[22m[39m
     [33m[2m✓[22m[39m 'stored_undefined_default_callable' [33m 363[2mms[22m[39m
     [33m[2m✓[22m[39m 'own-call-read' [33m 360[2mms[22m[39m
     [33m[2m✓[22m[39m 'own-apply-read' [33m 360[2mms[22m[39m
     [33m[2m✓[22m[39m 'own-bind-read' [33m 353[2mms[22m[39m
     [33m[2m✓[22m[39m 'own-call-quota' [33m 362[2mms[22m[39m
     [33m[2m✓[22m[39m 'own-apply-quota' [33m 363[2mms[22m[39m
     [33m[2m✓[22m[39m 'pure-bind-inert' [33m 347[2mms[22m[39m
     [33m[2m✓[22m[39m 'apply-mutated-args' [33m 380[2mms[22m[39m
     [33m[2m✓[22m[39m 'apply-config-ref' [33m 385[2mms[22m[39m
     [33m[2m✓[22m[39m 'apply-mutated-config-ref' [33m 371[2mms[22m[39m
     [33m[2m✓[22m[39m 'apply-extra-ref-escape' [33m 369[2mms[22m[39m
     [33m[2m✓[22m[39m 'nested-bind-spread-domain' [33m 379[2mms[22m[39m
     [33m[2m✓[22m[39m 'nested-bind-spread-mutated' [33m 371[2mms[22m[39m
     [33m[2m✓[22m[39m 'nested-bind-spread-incomplete' [33m 382[2mms[22m[39m
     [33m[2m✓[22m[39m 'function-own-bind-effect' [33m 359[2mms[22m[39m
     [33m[2m✓[22m[39m 'function-own-bind-pure' [33m 371[2mms[22m[39m
     [33m[2m✓[22m[39m 'function-own-call-read' [33m 368[2mms[22m[39m
     [33m[2m✓[22m[39m 'function-own-apply-domain' [33m 351[2mms[22m[39m
     [33m[2m✓[22m[39m 'function-own-bind-prefix-domain' [33m 380[2mms[22m[39m
     [33m[2m✓[22m[39m 'function-own-bind-prefix-quota' [33m 373[2mms[22m[39m
     [33m[2m✓[22m[39m 'function-own-call-prefix-domain' [33m 373[2mms[22m[39m
     [33m[2m✓[22m[39m 'function-own-call-prefix-quota' [33m 378[2mms[22m[39m
     [33m[2m✓[22m[39m 'function-own-apply-prefix-domain' [33m 388[2mms[22m[39m
     [33m[2m✓[22m[39m 'function-own-apply-prefix-quota' [33m 393[2mms[22m[39m
     [33m[2m✓[22m[39m 'object-bind-fetch' [33m 378[2mms[22m[39m
     [33m[2m✓[22m[39m 'object-bind-pure' [33m 351[2mms[22m[39m
     [33m[2m✓[22m[39m 'stored-object-bind-fetch' [33m 376[2mms[22m[39m
     [33m[2m✓[22m[39m 'stored-object-bind-pure' [33m 354[2mms[22m[39m
     [33m[2m✓[22m[39m 'function-bind-fetch' [33m 366[2mms[22m[39m
     [33m[2m✓[22m[39m 'function-bind-pure' [33m 374[2mms[22m[39m
     [33m[2m✓[22m[39m 'arrow-bind-fetch' [33m 357[2mms[22m[39m
     [33m[2m✓[22m[39m 'arrow-bind-pure' [33m 374[2mms[22m[39m
     [33m[2m✓[22m[39m 'array-bind-fetch' [33m 354[2mms[22m[39m
     [33m[2m✓[22m[39m 'array-bind-pure' [33m 366[2mms[22m[39m
     [33m[2m✓[22m[39m 'rest-bind-fetch' [33m 372[2mms[22m[39m
     [33m[2m✓[22m[39m 'spread-bind-fetch' [33m 382[2mms[22m[39m
     [33m[2m✓[22m[39m 'arrayrest-bind-fetch' [33m 387[2mms[22m[39m
     [33m[2m✓[22m[39m 'own-bind-read' [33m 375[2mms[22m[39m
     [33m[2m✓[22m[39m 'bound-own-bind-read' [33m 376[2mms[22m[39m
     [33m[2m✓[22m[39m 'native-bind-read' [33m 375[2mms[22m[39m
     [33m[2m✓[22m[39m 'own-bind-domain' [33m 389[2mms[22m[39m
     [33m[2m✓[22m[39m 'bound-own-bind-domain' [33m 380[2mms[22m[39m
     [33m[2m✓[22m[39m 'native-bind-domain' [33m 384[2mms[22m[39m
     [33m[2m✓[22m[39m 'own-bind-quota' [33m 374[2mms[22m[39m
     [33m[2m✓[22m[39m 'bound-own-bind-quota' [33m 372[2mms[22m[39m
     [33m[2m✓[22m[39m 'native-bind-quota' [33m 380[2mms[22m[39m
     [33m[2m✓[22m[39m 'object-call-fetch' [33m 383[2mms[22m[39m
     [33m[2m✓[22m[39m 'object-call-pure' [33m 386[2mms[22m[39m
     [33m[2m✓[22m[39m 'stored-object-call-fetch' [33m 389[2mms[22m[39m
     [33m[2m✓[22m[39m 'stored-object-call-pure' [33m 385[2mms[22m[39m
     [33m[2m✓[22m[39m 'function-call-fetch' [33m 391[2mms[22m[39m
     [33m[2m✓[22m[39m 'function-call-pure' [33m 386[2mms[22m[39m
     [33m[2m✓[22m[39m 'arrow-call-fetch' [33m 382[2mms[22m[39m
     [33m[2m✓[22m[39m 'arrow-call-pure' [33m 389[2mms[22m[39m
     [33m[2m✓[22m[39m 'array-call-fetch' [33m 389[2mms[22m[39m
     [33m[2m✓[22m[39m 'array-call-pure' [33m 379[2mms[22m[39m
     [33m[2m✓[22m[39m 'rest-call-fetch' [33m 367[2mms[22m[39m
     [33m[2m✓[22m[39m 'spread-call-fetch' [33m 364[2mms[22m[39m
     [33m[2m✓[22m[39m 'arrayrest-call-fetch' [33m 398[2mms[22m[39m
     [33m[2m✓[22m[39m 'own-call-read' [33m 376[2mms[22m[39m
     [33m[2m✓[22m[39m 'bound-own-call-read' [33m 398[2mms[22m[39m
     [33m[2m✓[22m[39m 'native-call-read' [33m 381[2mms[22m[39m
     [33m[2m✓[22m[39m 'own-call-domain' [33m 416[2mms[22m[39m
     [33m[2m✓[22m[39m 'bound-own-call-domain' [33m 413[2mms[22m[39m
     [33m[2m✓[22m[39m 'native-call-domain' [33m 384[2mms[22m[39m
     [33m[2m✓[22m[39m 'own-call-quota' [33m 361[2mms[22m[39m
     [33m[2m✓[22m[39m 'bound-own-call-quota' [33m 391[2mms[22m[39m
     [33m[2m✓[22m[39m 'native-call-quota' [33m 372[2mms[22m[39m
     [33m[2m✓[22m[39m 'object-apply-fetch' [33m 358[2mms[22m[39m
     [33m[2m✓[22m[39m 'object-apply-pure' [33m 344[2mms[22m[39m
     [33m[2m✓[22m[39m 'stored-object-apply-fetch' [33m 357[2mms[22m[39m
     [33m[2m✓[22m[39m 'stored-object-apply-pure' [33m 366[2mms[22m[39m
     [33m[2m✓[22m[39m 'function-apply-fetch' [33m 358[2mms[22m[39m
     [33m[2m✓[22m[39m 'function-apply-pure' [33m 376[2mms[22m[39m
     [33m[2m✓[22m[39m 'arrow-apply-fetch' [33m 357[2mms[22m[39m
     [33m[2m✓[22m[39m 'arrow-apply-pure' [33m 349[2mms[22m[39m
     [33m[2m✓[22m[39m 'array-apply-fetch' [33m 380[2mms[22m[39m
     [33m[2m✓[22m[39m 'array-apply-pure' [33m 381[2mms[22m[39m
     [33m[2m✓[22m[39m 'rest-apply-fetch' [33m 373[2mms[22m[39m
     [33m[2m✓[22m[39m 'spread-apply-fetch' [33m 379[2mms[22m[39m
     [33m[2m✓[22m[39m 'arrayrest-apply-fetch' [33m 390[2mms[22m[39m
     [33m[2m✓[22m[39m 'own-apply-read' [33m 360[2mms[22m[39m
     [33m[2m✓[22m[39m 'bound-own-apply-read' [33m 402[2mms[22m[39m
     [33m[2m✓[22m[39m 'native-apply-read' [33m 377[2mms[22m[39m
     [33m[2m✓[22m[39m 'own-apply-domain' [33m 382[2mms[22m[39m
     [33m[2m✓[22m[39m 'bound-own-apply-domain' [33m 396[2mms[22m[39m
     [33m[2m✓[22m[39m 'native-apply-domain' [33m 372[2mms[22m[39m
     [33m[2m✓[22m[39m 'own-apply-quota' [33m 372[2mms[22m[39m
     [33m[2m✓[22m[39m 'bound-own-apply-quota' [33m 390[2mms[22m[39m
     [33m[2m✓[22m[39m 'native-apply-quota' [33m 382[2mms[22m[39m
     [33m[2m✓[22m[39m 'bound-direct-read' [33m 375[2mms[22m[39m
     [33m[2m✓[22m[39m 'bound-call-read' [33m 388[2mms[22m[39m
     [33m[2m✓[22m[39m 'bound-apply-read' [33m 416[2mms[22m[39m
     [33m[2m✓[22m[39m 'bound-array-read' [33m 392[2mms[22m[39m
     [33m[2m✓[22m[39m 'bound-rest-read' [33m 402[2mms[22m[39m
     [33m[2m✓[22m[39m 'bound-spread-read' [33m 375[2mms[22m[39m
     [33m[2m✓[22m[39m 'apply-literal-read' [33m 358[2mms[22m[39m
     [33m[2m✓[22m[39m 'apply-copy-read' [33m 381[2mms[22m[39m
     [33m[2m✓[22m[39m 'apply-slice-read' [33m 373[2mms[22m[39m
     [33m[2m✓[22m[39m 'apply-rest-read' [33m 384[2mms[22m[39m
     [33m[2m✓[22m[39m 'apply-nested-read' [33m 380[2mms[22m[39m
     [33m[2m✓[22m[39m 'bound-direct-domain' [33m 390[2mms[22m[39m
     [33m[2m✓[22m[39m 'bound-call-domain' [33m 400[2mms[22m[39m
     [33m[2m✓[22m[39m 'bound-apply-domain' [33m 426[2mms[22m[39m
     [33m[2m✓[22m[39m 'bound-array-domain' [33m 386[2mms[22m[39m
     [33m[2m✓[22m[39m 'bound-rest-domain' [33m 375[2mms[22m[39m
     [33m[2m✓[22m[39m 'bound-spread-domain' [33m 373[2mms[22m[39m
     [33m[2m✓[22m[39m 'apply-literal-domain' [33m 387[2mms[22m[39m
     [33m[2m✓[22m[39m 'apply-copy-domain' [33m 401[2mms[22m[39m
     [33m[2m✓[22m[39m 'apply-slice-domain' [33m 386[2mms[22m[39m
     [33m[2m✓[22m[39m 'apply-rest-domain' [33m 389[2mms[22m[39m
     [33m[2m✓[22m[39m 'apply-nested-domain' [33m 383[2mms[22m[39m
     [33m[2m✓[22m[39m 'bound-direct-quota' [33m 372[2mms[22m[39m
     [33m[2m✓[22m[39m 'bound-call-quota' [33m 379[2mms[22m[39m
     [33m[2m✓[22m[39m 'bound-apply-quota' [33m 384[2mms[22m[39m
     [33m[2m✓[22m[39m 'bound-array-quota' [33m 385[2mms[22m[39m
     [33m[2m✓[22m[39m 'bound-rest-quota' [33m 390[2mms[22m[39m
     [33m[2m✓[22m[39m 'bound-spread-quota' [33m 372[2mms[22m[39m
     [33m[2m✓[22m[39m 'apply-literal-quota' [33m 383[2mms[22m[39m
     [33m[2m✓[22m[39m 'apply-copy-quota' [33m 364[2mms[22m[39m
     [33m[2m✓[22m[39m 'apply-slice-quota' [33m 362[2mms[22m[39m
     [33m[2m✓[22m[39m 'apply-rest-quota' [33m 382[2mms[22m[39m
     [33m[2m✓[22m[39m 'apply-nested-quota' [33m 377[2mms[22m[39m
     [33m[2m✓[22m[39m 'fetch-bind-inert' [33m 355[2mms[22m[39m
     [33m[2m✓[22m[39m 'query-bind-inert' [33m 381[2mms[22m[39m
     [33m[2m✓[22m[39m 'query-bind-call-inert' [33m 374[2mms[22m[39m
     [33m[2m✓[22m[39m 'fetch-bind-call-inert' [33m 359[2mms[22m[39m
     [33m[2m✓[22m[39m 'query-bind-apply-inert' [33m 372[2mms[22m[39m
     [33m[2m✓[22m[39m 'query-call-call-read' [33m 370[2mms[22m[39m
     [33m[2m✓[22m[39m 'query-call-call-domain' [33m 399[2mms[22m[39m
     [33m[2m✓[22m[39m 'query-call-apply-read' [33m 389[2mms[22m[39m
     [33m[2m✓[22m[39m 'unresolved-apply' [33m 371[2mms[22m[39m
     [33m[2m✓[22m[39m 'mutated-apply' [33m 386[2mms[22m[39m
     [33m[2m✓[22m[39m 'unknown-prefix' [33m 383[2mms[22m[39m
     [33m[2m✓[22m[39m 'config-apply' [33m 366[2mms[22m[39m
     [33m[2m✓[22m[39m 'config-bound' [33m 369[2mms[22m[39m
     [33m[2m✓[22m[39m 'mutated-config-apply' [33m 369[2mms[22m[39m
     [33m[2m✓[22m[39m 'primitive-copy-apply' [33m 377[2mms[22m[39m
     [33m[2m✓[22m[39m 'query-alias-call' [33m 371[2mms[22m[39m
     [33m[2m✓[22m[39m 'function-own-bind-prefix' [33m 386[2mms[22m[39m
     [33m[2m✓[22m[39m 'own-query-call-sql-first' [33m 379[2mms[22m[39m
     [33m[2m✓[22m[39m 'own-query-apply-sql-first' [33m 370[2mms[22m[39m
     [33m[2m✓[22m[39m 'function-stored-call-pure' [33m 390[2mms[22m[39m
     [33m[2m✓[22m[39m 'function-stored-bind-http' [33m 393[2mms[22m[39m
     [33m[2m✓[22m[39m 'array-own-bind-http' [33m 380[2mms[22m[39m
     [33m[2m✓[22m[39m 'query-tag-domain' [33m 377[2mms[22m[39m
     [33m[2m✓[22m[39m 'template-http' [33m 356[2mms[22m[39m
     [33m[2m✓[22m[39m 'inert-strings' [33m 370[2mms[22m[39m
     [33m[2m✓[22m[39m 'bound-own-fetch-bind-direct' [33m 378[2mms[22m[39m
     [33m[2m✓[22m[39m 'bound-own-fetch-bind-holder' [33m 364[2mms[22m[39m
     [33m[2m✓[22m[39m 'bound-own-fetch-bind-array' [33m 370[2mms[22m[39m
     [33m[2m✓[22m[39m 'bound-own-fetch-bind-spread' [33m 380[2mms[22m[39m
     [33m[2m✓[22m[39m 'bound-own-query-bind-direct' [33m 404[2mms[22m[39m
     [33m[2m✓[22m[39m 'bound-own-query-bind-holder' [33m 390[2mms[22m[39m
     [33m[2m✓[22m[39m 'bound-own-query-bind-array' [33m 415[2mms[22m[39m
     [33m[2m✓[22m[39m 'bound-own-query-bind-spread' [33m 405[2mms[22m[39m
     [33m[2m✓[22m[39m 'bound-own-pure-bind-direct' [33m 378[2mms[22m[39m
     [33m[2m✓[22m[39m 'bound-own-pure-bind-holder' [33m 382[2mms[22m[39m
     [33m[2m✓[22m[39m 'bound-own-pure-bind-array' [33m 378[2mms[22m[39m
     [33m[2m✓[22m[39m 'bound-own-pure-bind-spread' [33m 377[2mms[22m[39m
     [33m[2m✓[22m[39m 'bound-own-query-bind-sql-direct' [33m 410[2mms[22m[39m
     [33m[2m✓[22m[39m 'bound-own-pure-bind-positive-direct' [33m 398[2mms[22m[39m
     [33m[2m✓[22m[39m 'bound-own-query-bind-sql-rest' [33m 410[2mms[22m[39m
     [33m[2m✓[22m[39m 'bound-own-pure-bind-positive-rest' [33m 389[2mms[22m[39m
     [33m[2m✓[22m[39m 'bound-own-query-bind-sql-array' [33m 413[2mms[22m[39m
     [33m[2m✓[22m[39m 'bound-own-pure-bind-positive-array' [33m 390[2mms[22m[39m
     [33m[2m✓[22m[39m 'bound-own-fetch-call-direct' [33m 388[2mms[22m[39m
     [33m[2m✓[22m[39m 'bound-own-fetch-call-holder' [33m 378[2mms[22m[39m
     [33m[2m✓[22m[39m 'bound-own-fetch-call-array' [33m 441[2mms[22m[39m
     [33m[2m✓[22m[39m 'bound-own-fetch-call-spread' [33m 408[2mms[22m[39m
     [33m[2m✓[22m[39m 'bound-own-query-call-direct' [33m 402[2mms[22m[39m
     [33m[2m✓[22m[39m 'bound-own-query-call-holder' [33m 414[2mms[22m[39m
     [33m[2m✓[22m[39m 'bound-own-query-call-array' [33m 414[2mms[22m[39m
     [33m[2m✓[22m[39m 'bound-own-query-call-spread' [33m 413[2mms[22m[39m
     [33m[2m✓[22m[39m 'bound-own-pure-call-direct' [33m 390[2mms[22m[39m
     [33m[2m✓[22m[39m 'bound-own-pure-call-holder' [33m 385[2mms[22m[39m
     [33m[2m✓[22m[39m 'bound-own-pure-call-array' [33m 396[2mms[22m[39m
     [33m[2m✓[22m[39m 'bound-own-pure-call-spread' [33m 386[2mms[22m[39m
     [33m[2m✓[22m[39m 'bound-own-query-call-sql-direct' [33m 418[2mms[22m[39m
     [33m[2m✓[22m[39m 'bound-own-pure-call-positive-direct' [33m 375[2mms[22m[39m
     [33m[2m✓[22m[39m 'bound-own-query-call-sql-rest' [33m 400[2mms[22m[39m
     [33m[2m✓[22m[39m 'bound-own-pure-call-positive-rest' [33m 396[2mms[22m[39m
     [33m[2m✓[22m[39m 'bound-own-query-call-sql-array' [33m 412[2mms[22m[39m
     [33m[2m✓[22m[39m 'bound-own-pure-call-positive-array' [33m 410[2mms[22m[39m
     [33m[2m✓[22m[39m 'bound-own-fetch-apply-direct' [33m 399[2mms[22m[39m
     [33m[2m✓[22m[39m 'bound-own-fetch-apply-holder' [33m 390[2mms[22m[39m
     [33m[2m✓[22m[39m 'bound-own-fetch-apply-array' [33m 385[2mms[22m[39m
     [33m[2m✓[22m[39m 'bound-own-fetch-apply-spread' [33m 403[2mms[22m[39m
     [33m[2m✓[22m[39m 'bound-own-query-apply-direct' [33m 412[2mms[22m[39m
     [33m[2m✓[22m[39m 'bound-own-query-apply-holder' [33m 400[2mms[22m[39m
     [33m[2m✓[22m[39m 'bound-own-query-apply-array' [33m 402[2mms[22m[39m
     [33m[2m✓[22m[39m 'bound-own-query-apply-spread' [33m 403[2mms[22m[39m
     [33m[2m✓[22m[39m 'bound-own-pure-apply-direct' [33m 387[2mms[22m[39m
     [33m[2m✓[22m[39m 'bound-own-pure-apply-holder' [33m 418[2mms[22m[39m
     [33m[2m✓[22m[39m 'bound-own-pure-apply-array' [33m 388[2mms[22m[39m
     [33m[2m✓[22m[39m 'bound-own-pure-apply-spread' [33m 395[2mms[22m[39m
     [33m[2m✓[22m[39m 'bound-own-query-apply-sql-direct' [33m 406[2mms[22m[39m
     [33m[2m✓[22m[39m 'bound-own-pure-apply-positive-direct' [33m 379[2mms[22m[39m
     [33m[2m✓[22m[39m 'bound-own-query-apply-sql-rest' [33m 414[2mms[22m[39m
     [33m[2m✓[22m[39m 'bound-own-pure-apply-positive-rest' [33m 398[2mms[22m[39m
     [33m[2m✓[22m[39m 'bound-own-query-apply-sql-array' [33m 401[2mms[22m[39m
     [33m[2m✓[22m[39m 'bound-own-pure-apply-positive-array' [33m 394[2mms[22m[39m
     [33m[2m✓[22m[39m 'intrinsic-alias-bind-fetch-inert' [33m 376[2mms[22m[39m
     [33m[2m✓[22m[39m 'intrinsic-alias-bind-query-inert' [33m 409[2mms[22m[39m
     [33m[2m✓[22m[39m 'bound-twice-inert' [33m 400[2mms[22m[39m
     [33m[2m✓[22m[39m 'bound-twice-invoked' [33m 387[2mms[22m[39m
     [33m[2m✓[22m[39m 'bound-query-twice-read' [33m 435[2mms[22m[39m
     [33m[2m✓[22m[39m 'bound-query-twice-domain' [33m 413[2mms[22m[39m
     [33m[2m✓[22m[39m 'allocation-original-independent' [33m 399[2mms[22m[39m
     [33m[2m✓[22m[39m 'allocation-bound-independent' [33m 388[2mms[22m[39m
     [33m[2m✓[22m[39m 'allocation-pure-independent' [33m 397[2mms[22m[39m
     [33m[2m✓[22m[39m 'allocation-alias-shared' [33m 383[2mms[22m[39m
     [33m[2m✓[22m[39m 'allocation-default-shared' [33m 373[2mms[22m[39m
     [33m[2m✓[22m[39m 'allocation-rest-shared' [33m 399[2mms[22m[39m
     [33m[2m✓[22m[39m 'layer-bind-call-invoke' [33m 370[2mms[22m[39m
     [33m[2m✓[22m[39m 'layer-bind-apply-invoke' [33m 380[2mms[22m[39m
     [33m[2m✓[22m[39m 'alias-bind-invoke' [33m 393[2mms[22m[39m
     [33m[2m✓[22m[39m 'layer-bind-query-domain' [33m 417[2mms[22m[39m
     [33m[2m✓[22m[39m 'layer-bind-query-read' [33m 423[2mms[22m[39m
     [33m[2m✓[22m[39m 'alias-call-domain' [33m 407[2mms[22m[39m
     [33m[2m✓[22m[39m 'layer-call-apply-domain' [33m 396[2mms[22m[39m
     [33m[2m✓[22m[39m 'layer-call-call-quota' [33m 370[2mms[22m[39m
     [33m[2m✓[22m[39m 'layer-apply-call-read' [33m 376[2mms[22m[39m
     [33m[2m✓[22m[39m 'layer-apply-call-domain' [33m 392[2mms[22m[39m
     [33m[2m✓[22m[39m 'layer-apply-incomplete' [33m 399[2mms[22m[39m
     [33m[2m✓[22m[39m 'bound-own-prefix-domain' [33m 408[2mms[22m[39m
     [33m[2m✓[22m[39m 'bound-own-prefix-quota' [33m 386[2mms[22m[39m
     [33m[2m✓[22m[39m 'bound-own-mutated-config' [33m 389[2mms[22m[39m
     [33m[2m✓[22m[39m 'critic-initial-000-own-bind-fetch' [33m 366[2mms[22m[39m
     [33m[2m✓[22m[39m 'critic-initial-001-own-bind-db-query' [33m 378[2mms[22m[39m
     [33m[2m✓[22m[39m 'critic-initial-002-own-bind--x-x' [33m 352[2mms[22m[39m
     [33m[2m✓[22m[39m 'critic-initial-003-own-call-fetch' [33m 368[2mms[22m[39m
     [33m[2m✓[22m[39m 'critic-initial-004-own-call-db-query' [33m 387[2mms[22m[39m
     [33m[2m✓[22m[39m 'critic-initial-005-own-call--x-x' [33m 349[2mms[22m[39m
     [33m[2m✓[22m[39m 'critic-initial-006-own-apply-fetch' [33m 371[2mms[22m[39m
     [33m[2m✓[22m[39m 'critic-initial-007-own-apply-db-query' [33m 375[2mms[22m[39m
     [33m[2m✓[22m[39m 'critic-initial-008-own-apply--x-x' [33m 378[2mms[22m[39m
     [33m[2m✓[22m[39m 'critic-initial-009-own-custom-fetch' [33m 385[2mms[22m[39m
     [33m[2m✓[22m[39m 'critic-initial-010-own-custom-db-query' [33m 386[2mms[22m[39m
     [33m[2m✓[22m[39m 'critic-initial-011-own-custom--x-x' [33m 382[2mms[22m[39m
     [33m[2m✓[22m[39m 'critic-initial-012-own-query-fetch' [33m 357[2mms[22m[39m
     [33m[2m✓[22m[39m 'critic-initial-013-own-query-db-query' [33m 377[2mms[22m[39m
     [33m[2m✓[22m[39m 'critic-initial-014-own-query--x-x' [33m 370[2mms[22m[39m
     [33m[2m✓[22m[39m 'critic-initial-015-own-sendMessage-fe…' [33m 371[2mms[22m[39m
     [33m[2m✓[22m[39m 'critic-initial-016-own-sendMessage-db…' [33m 397[2mms[22m[39m
     [33m[2m✓[22m[39m 'critic-initial-017-own-sendMessage--x…' [33m 396[2mms[22m[39m
     [33m[2m✓[22m[39m 'critic-initial-018-alias-own-bind' [33m 407[2mms[22m[39m
     [33m[2m✓[22m[39m 'critic-initial-019-alias-own-call' [33m 388[2mms[22m[39m
     [33m[2m✓[22m[39m 'critic-initial-020-alias-own-apply' [33m 393[2mms[22m[39m
     [33m[2m✓[22m[39m 'critic-initial-021-holder-own-bind' [33m 387[2mms[22m[39m
     [33m[2m✓[22m[39m 'critic-initial-022-holder-own-call' [33m 384[2mms[22m[39m
     [33m[2m✓[22m[39m 'critic-initial-023-holder-own-apply' [33m 397[2mms[22m[39m
     [33m[2m✓[22m[39m 'critic-initial-024-array-own-bind' [33m 395[2mms[22m[39m
     [33m[2m✓[22m[39m 'critic-initial-025-array-own-call' [33m 395[2mms[22m[39m
     [33m[2m✓[22m[39m 'critic-initial-026-array-own-apply' [33m 401[2mms[22m[39m
     [33m[2m✓[22m[39m 'critic-initial-027-object-rest-own-bi…' [33m 389[2mms[22m[39m
     [33m[2m✓[22m[39m 'critic-initial-028-object-rest-own-ca…' [33m 384[2mms[22m[39m
     [33m[2m✓[22m[39m 'critic-initial-029-object-rest-own-ap…' [33m 394[2mms[22m[39m
     [33m[2m✓[22m[39m 'critic-initial-030-array-rest-own-bind' [33m 432[2mms[22m[39m
     [33m[2m✓[22m[39m 'critic-initial-031-array-rest-own-call' [33m 403[2mms[22m[39m
     [33m[2m✓[22m[39m 'critic-initial-032-array-rest-own-app…' [33m 416[2mms[22m[39m
     [33m[2m✓[22m[39m 'critic-initial-033-spread-own-bind' [33m 407[2mms[22m[39m
     [33m[2m✓[22m[39m 'critic-initial-034-spread-own-call' [33m 390[2mms[22m[39m
     [33m[2m✓[22m[39m 'critic-initial-035-spread-own-apply' [33m 407[2mms[22m[39m
     [33m[2m✓[22m[39m 'critic-initial-036-direct-FAIL-UPDATE' [33m 397[2mms[22m[39m
     [33m[2m✓[22m[39m 'critic-initial-037-direct-inert-UPDATE' [33m 390[2mms[22m[39m
     [33m[2m✓[22m[39m 'critic-initial-038-direct-PASS-UPDATE' [33m 377[2mms[22m[39m
     [33m[2m✓[22m[39m 'critic-initial-039-direct-inert-UPDATE' [33m 397[2mms[22m[39m
     [33m[2m✓[22m[39m 'critic-initial-040-direct-PASS-SELECT' [33m 400[2mms[22m[39m
     [33m[2m✓[22m[39m 'critic-initial-041-direct-inert-SELECT' [33m 394[2mms[22m[39m
     [33m[2m✓[22m[39m 'critic-initial-042-bind-call-FAIL-UPD…' [33m 410[2mms[22m[39m
     [33m[2m✓[22m[39m 'critic-initial-043-bind-call-inert-UP…' [33m 404[2mms[22m[39m
     [33m[2m✓[22m[39m 'critic-initial-044-bind-call-PASS-UPD…' [33m 406[2mms[22m[39m
     [33m[2m✓[22m[39m 'critic-initial-045-bind-call-inert-UP…' [33m 380[2mms[22m[39m
     [33m[2m✓[22m[39m 'critic-initial-046-bind-call-PASS-SEL…' [33m 427[2mms[22m[39m
     [33m[2m✓[22m[39m 'critic-initial-047-bind-call-inert-SE…' [33m 409[2mms[22m[39m
     [33m[2m✓[22m[39m 'critic-initial-048-bind-apply-FAIL-UP…' [33m 423[2mms[22m[39m
     [33m[2m✓[22m[39m 'critic-initial-049-bind-apply-inert-U…' [33m 404[2mms[22m[39m
     [33m[2m✓[22m[39m 'critic-initial-050-bind-apply-PASS-UP…' [33m 407[2mms[22m[39m
     [33m[2m✓[22m[39m 'critic-initial-051-bind-apply-inert-U…' [33m 412[2mms[22m[39m
     [33m[2m✓[22m[39m 'critic-initial-052-bind-apply-PASS-SE…' [33m 426[2mms[22m[39m
     [33m[2m✓[22m[39m 'critic-initial-053-bind-apply-inert-S…' [33m 397[2mms[22m[39m
     [33m[2m✓[22m[39m 'critic-initial-054-layer-54' [33m 395[2mms[22m[39m
     [33m[2m✓[22m[39m 'critic-initial-055-layer-55' [33m 412[2mms[22m[39m
     [33m[2m✓[22m[39m 'critic-initial-056-layer-56' [33m 407[2mms[22m[39m
     [33m[2m✓[22m[39m 'critic-initial-057-layer-57' [33m 474[2mms[22m[39m
     [33m[2m✓[22m[39m 'critic-initial-058-layer-58' [33m 482[2mms[22m[39m
     [33m[2m✓[22m[39m 'critic-initial-059-layer-59' [33m 479[2mms[22m[39m
     [33m[2m✓[22m[39m 'critic-initial-060-layer-60' [33m 390[2mms[22m[39m
     [33m[2m✓[22m[39m 'critic-initial-061-layer-61' [33m 407[2mms[22m[39m
     [33m[2m✓[22m[39m 'critic-initial-062-layer-62' [33m 407[2mms[22m[39m
     [33m[2m✓[22m[39m 'critic-initial-063-layer-63' [33m 392[2mms[22m[39m
     [33m[2m✓[22m[39m 'critic-initial-064-layer-64' [33m 394[2mms[22m[39m
     [33m[2m✓[22m[39m 'critic-initial-065-layer-65' [33m 421[2mms[22m[39m
     [33m[2m✓[22m[39m 'critic-initial-066-layer-66' [33m 424[2mms[22m[39m
     [33m[2m✓[22m[39m 'critic-initial-067-layer-67' [33m 416[2mms[22m[39m
     [33m[2m✓[22m[39m 'critic-initial-068-layer-68' [33m 416[2mms[22m[39m
     [33m[2m✓[22m[39m 'critic-initial-069-layer-69' [33m 404[2mms[22m[39m
     [33m[2m✓[22m[39m 'critic-initial-070-layer-70' [33m 417[2mms[22m[39m
     [33m[2m✓[22m[39m 'critic-initial-071-layer-71' [33m 428[2mms[22m[39m
     [33m[2m✓[22m[39m 'critic-initial-072-layer-72' [33m 393[2mms[22m[39m
     [33m[2m✓[22m[39m 'critic-initial-073-layer-73' [33m 381[2mms[22m[39m
     [33m[2m✓[22m[39m 'critic-initial-074-layer-74' [33m 377[2mms[22m[39m
     [33m[2m✓[22m[39m 'critic-initial-075-layer-75' [33m 384[2mms[22m[39m
     [33m[2m✓[22m[39m 'critic-initial-076-layer-76' [33m 391[2mms[22m[39m
     [33m[2m✓[22m[39m 'critic-initial-077-layer-77' [33m 398[2mms[22m[39m
     [33m[2m✓[22m[39m 'critic-initial-078-layer-78' [33m 415[2mms[22m[39m
     [33m[2m✓[22m[39m 'critic-initial-079-layer-79' [33m 412[2mms[22m[39m
     [33m[2m✓[22m[39m 'critic-initial-080-layer-80' [33m 406[2mms[22m[39m
     [33m[2m✓[22m[39m 'critic-initial-081-layer-81' [33m 381[2mms[22m[39m
     [33m[2m✓[22m[39m 'critic-initial-082-layer-82' [33m 396[2mms[22m[39m
     [33m[2m✓[22m[39m 'critic-initial-083-layer-83' [33m 393[2mms[22m[39m
     [33m[2m✓[22m[39m 'critic-initial-084-layer-84' [33m 425[2mms[22m[39m
     [33m[2m✓[22m[39m 'critic-initial-085-layer-85' [33m 435[2mms[22m[39m
     [33m[2m✓[22m[39m 'critic-initial-086-layer-86' [33m 449[2mms[22m[39m
     [33m[2m✓[22m[39m 'critic-initial-087-layer-87' [33m 450[2mms[22m[39m
     [33m[2m✓[22m[39m 'critic-initial-088-layer-88' [33m 426[2mms[22m[39m
     [33m[2m✓[22m[39m 'critic-initial-089-layer-89' [33m 441[2mms[22m[39m
     [33m[2m✓[22m[39m 'critic-initial-090-allocation-90' [33m 387[2mms[22m[39m
     [33m[2m✓[22m[39m 'critic-initial-091-allocation-91' [33m 393[2mms[22m[39m
     [33m[2m✓[22m[39m 'critic-initial-092-spread-92' [33m 422[2mms[22m[39m
     [33m[2m✓[22m[39m 'critic-initial-093-spread-93' [33m 425[2mms[22m[39m
     [33m[2m✓[22m[39m 'critic-initial-094-spread-94' [33m 394[2mms[22m[39m
     [33m[2m✓[22m[39m 'critic-initial-095-spread-95' [33m 375[2mms[22m[39m
     [33m[2m✓[22m[39m 'critic-initial-096-spread-96' [33m 377[2mms[22m[39m
     [33m[2m✓[22m[39m 'critic-initial-097-spread-97' [33m 369[2mms[22m[39m
     [33m[2m✓[22m[39m 'critic-initial-098-spread-98' [33m 399[2mms[22m[39m
     [33m[2m✓[22m[39m 'critic-initial-099-spread-99' [33m 386[2mms[22m[39m
     [33m[2m✓[22m[39m 'critic-initial-100-spread-100' [33m 394[2mms[22m[39m
     [33m[2m✓[22m[39m 'critic-initial-101-spread-101' [33m 392[2mms[22m[39m
     [33m[2m✓[22m[39m 'critic-initial-102-spread-102' [33m 393[2mms[22m[39m
     [33m[2m✓[22m[39m 'critic-initial-103-spread-103' [33m 421[2mms[22m[39m
     [33m[2m✓[22m[39m 'critic-paired-000-direct-http' [33m 401[2mms[22m[39m
     [33m[2m✓[22m[39m 'critic-paired-001-direct-domain' [33m 363[2mms[22m[39m
     [33m[2m✓[22m[39m 'critic-paired-002-object-http' [33m 373[2mms[22m[39m
     [33m[2m✓[22m[39m 'critic-paired-003-object-domain' [33m 401[2mms[22m[39m
     [33m[2m✓[22m[39m 'critic-paired-004-bound-pure-custom' [33m 368[2mms[22m[39m
     [33m[2m✓[22m[39m 'critic-paired-005-bound-custom-read' [33m 384[2mms[22m[39m
     [33m[2m✓[22m[39m 'critic-paired-006-bound-custom-quota' [33m 381[2mms[22m[39m
     [33m[2m✓[22m[39m 'critic-paired-007-bound-custom-extrac…' [33m 367[2mms[22m[39m
     [33m[2m✓[22m[39m 'critic-paired-008-bound-custom-aliased' [33m 376[2mms[22m[39m
     [33m[2m✓[22m[39m 'critic-paired-009-bound-custom-holder' [33m 362[2mms[22m[39m
     [33m[2m✓[22m[39m 'critic-paired-010-bound-custom-array' [33m 376[2mms[22m[39m
     [33m[2m✓[22m[39m 'critic-paired-011-bound-custom-prefix' [33m 361[2mms[22m[39m
     [33m[2m✓[22m[39m 'critic-paired-012-bound-custom-inert' [33m 355[2mms[22m[39m
     [33m[2m✓[22m[39m 'critic-paired-013-object-pure-send' [33m 355[2mms[22m[39m
     [33m[2m✓[22m[39m 'critic-paired-014-bound-pure-send-ext…' [33m 373[2mms[22m[39m
     [33m[2m✓[22m[39m 'critic-paired-015-bound-pure-send-call' [33m 381[2mms[22m[39m
     [33m[2m✓[22m[39m 'generic-declaration-http' [33m 371[2mms[22m[39m
     [33m[2m✓[22m[39m 'generic-declaration-domain' [33m 363[2mms[22m[39m
     [33m[2m✓[22m[39m 'generic-declaration-read' [33m 374[2mms[22m[39m
     [33m[2m✓[22m[39m 'generic-declaration-pure' [33m 354[2mms[22m[39m
     [33m[2m✓[22m[39m 'generic-expression-http' [33m 376[2mms[22m[39m
     [33m[2m✓[22m[39m 'generic-expression-domain' [33m 371[2mms[22m[39m
     [33m[2m✓[22m[39m 'generic-expression-read' [33m 368[2mms[22m[39m
     [33m[2m✓[22m[39m 'generic-expression-pure' [33m 377[2mms[22m[39m
     [33m[2m✓[22m[39m 'generic-arrow-http' [33m 361[2mms[22m[39m
     [33m[2m✓[22m[39m 'generic-arrow-domain' [33m 381[2mms[22m[39m
     [33m[2m✓[22m[39m 'generic-arrow-read' [33m 372[2mms[22m[39m
     [33m[2m✓[22m[39m 'generic-arrow-pure' [33m 364[2mms[22m[39m
     [33m[2m✓[22m[39m 'generic-declaration-pure-send' [33m 362[2mms[22m[39m
     [33m[2m✓[22m[39m 'generic-expression-pure-send' [33m 367[2mms[22m[39m
     [33m[2m✓[22m[39m 'generic-pure-send-apply' [33m 386[2mms[22m[39m
     [33m[2m✓[22m[39m 'generic-real-send' [33m 383[2mms[22m[39m
     [33m[2m✓[22m[39m 'generic-mixed-http' [33m 375[2mms[22m[39m
     [33m[2m✓[22m[39m 'generic-mixed-domain' [33m 389[2mms[22m[39m
     [33m[2m✓[22m[39m 'generic-prefix-read' [33m 387[2mms[22m[39m
     [33m[2m✓[22m[39m 'generic-prefix-quota' [33m 381[2mms[22m[39m
     [33m[2m✓[22m[39m 'generic-prefix-extracted-domain' [33m 400[2mms[22m[39m
     [33m[2m✓[22m[39m 'generic-default-alias' [33m 385[2mms[22m[39m
     [33m[2m✓[22m[39m 'generic-array-rest-alias' [33m 360[2mms[22m[39m
     [33m[2m✓[22m[39m 'generic-object-spread-alias' [33m 382[2mms[22m[39m
     [33m[2m✓[22m[39m 'generic-allocation-independent' [33m 358[2mms[22m[39m
     [33m[2m✓[22m[39m 'generic-allocation-shared' [33m 394[2mms[22m[39m
     [33m[2m✓[22m[39m 'generic-uninvoked-domain' [33m 391[2mms[22m[39m
     [33m[2m✓[22m[39m 'generic-unknown-not-absent' [33m 381[2mms[22m[39m
     [33m[2m✓[22m[39m 'generic-query-config-read' [33m 385[2mms[22m[39m
     [33m[2m✓[22m[39m 'generic-query-config-mutated' [33m 378[2mms[22m[39m
     [33m[2m✓[22m[39m 'regression-native-array-push' [33m 387[2mms[22m[39m
     [33m[2m✓[22m[39m 'regression-native-array-filter' [33m 395[2mms[22m[39m
     [33m[2m✓[22m[39m 'regression-own-array-push-fetch' [33m 361[2mms[22m[39m
     [33m[2m✓[22m[39m 'regression-own-array-push-pure' [33m 366[2mms[22m[39m
     [33m[2m✓[22m[39m 'critic-direct-fetch' [33m 342[2mms[22m[39m
     [33m[2m✓[22m[39m 'critic-inert-text' [33m 353[2mms[22m[39m
     [33m[2m✓[22m[39m 'critic-direct-quota' [33m 338[2mms[22m[39m
     [33m[2m✓[22m[39m 'critic-bound-quota' [33m 376[2mms[22m[39m
     [33m[2m✓[22m[39m 'critic-own-custom-quota' [33m 401[2mms[22m[39m
     [33m[2m✓[22m[39m 'critic-bound-own-quota' [33m 373[2mms[22m[39m
     [33m[2m✓[22m[39m 'critic-apply-quota' [33m 380[2mms[22m[39m
     [33m[2m✓[22m[39m 'critic-layer-quota' [33m 384[2mms[22m[39m
     [33m[2m✓[22m[39m 'critic-direct-domain' [33m 350[2mms[22m[39m
     [33m[2m✓[22m[39m 'critic-bound-domain' [33m 363[2mms[22m[39m
     [33m[2m✓[22m[39m 'critic-own-custom-domain' [33m 386[2mms[22m[39m
     [33m[2m✓[22m[39m 'critic-bound-own-domain' [33m 373[2mms[22m[39m
     [33m[2m✓[22m[39m 'critic-apply-domain' [33m 378[2mms[22m[39m
     [33m[2m✓[22m[39m 'critic-layer-domain' [33m 395[2mms[22m[39m
     [33m[2m✓[22m[39m 'critic-direct-read' [33m 366[2mms[22m[39m
     [33m[2m✓[22m[39m 'critic-bound-read' [33m 375[2mms[22m[39m
     [33m[2m✓[22m[39m 'critic-own-custom-read' [33m 391[2mms[22m[39m
     [33m[2m✓[22m[39m 'critic-bound-own-read' [33m 394[2mms[22m[39m
     [33m[2m✓[22m[39m 'critic-apply-read' [33m 379[2mms[22m[39m
     [33m[2m✓[22m[39m 'critic-layer-read' [33m 372[2mms[22m[39m
     [33m[2m✓[22m[39m 'critic-native-bind-inert' [33m 375[2mms[22m[39m
     [33m[2m✓[22m[39m 'critic-bind-alias-inert' [33m 366[2mms[22m[39m
     [33m[2m✓[22m[39m 'critic-own-fetch' [33m 354[2mms[22m[39m
     [33m[2m✓[22m[39m 'critic-own-pure-send' [33m 371[2mms[22m[39m
     [33m[2m✓[22m[39m 'critic-bound-pure-send' [33m 380[2mms[22m[39m
     [33m[2m✓[22m[39m 'critic-distinct-bind-pure' [33m 379[2mms[22m[39m
     [33m[2m✓[22m[39m 'critic-function-spread-fetch' [33m 367[2mms[22m[39m
     [33m[2m✓[22m[39m 'critic-global-function-own-query' [33m 370[2mms[22m[39m
     [33m[2m✓[22m[39m 'critic-global-function-own-pure' [33m 383[2mms[22m[39m
     [33m[2m✓[22m[39m 'critic-own-rest-fetch' [33m 372[2mms[22m[39m
     [33m[2m✓[22m[39m 'critic-own-default-fetch' [33m 374[2mms[22m[39m
     [33m[2m✓[22m[39m 'critic-own-default-pure' [33m 390[2mms[22m[39m
     [33m[2m✓[22m[39m 'critic-assignment-default-fetch' [33m 362[2mms[22m[39m
     [33m[2m✓[22m[39m 'critic-array-spread-query' [33m 371[2mms[22m[39m
     [33m[2m✓[22m[39m 'critic-array-slice-query' [33m 411[2mms[22m[39m
     [33m[2m✓[22m[39m 'critic-primitive-copy' [33m 391[2mms[22m[39m
     [33m[2m✓[22m[39m 'critic-object-copy-alias' [33m 404[2mms[22m[39m
     [33m[2m✓[22m[39m 'critic-mixed-quota' [33m 389[2mms[22m[39m
     [33m[2m✓[22m[39m 'critic-cte-domain' [33m 383[2mms[22m[39m
     [33m[2m✓[22m[39m 'critic-unknown-target' [33m 380[2mms[22m[39m
     [33m[2m✓[22m[39m 'critic-quota-outside' [33m 392[2mms[22m[39m
     [33m[2m✓[22m[39m 'critic-prod-test-dir' [33m 382[2mms[22m[39m
     [33m[2m✓[22m[39m 'critic-interpolation-fetch' [33m 380[2mms[22m[39m
     [33m[2m✓[22m[39m 'critic-template-pure' [33m 386[2mms[22m[39m
     [33m[2m✓[22m[39m 'critic-own-bind-fetch' [33m 409[2mms[22m[39m
     [33m[2m✓[22m[39m 'critic-own-call-quota' [33m 379[2mms[22m[39m
     [33m[2m✓[22m[39m 'critic-own-apply-domain' [33m 384[2mms[22m[39m
     [33m[2m✓[22m[39m 'critic-native-bind-call-quota' [33m 407[2mms[22m[39m
     [33m[2m✓[22m[39m 'critic-native-bind-apply-domain' [33m 404[2mms[22m[39m
     [33m[2m✓[22m[39m 'critic-pure-member-on-fetch-send' [33m 371[2mms[22m[39m
     [33m[2m✓[22m[39m 'critic-stored-axios-pure' [33m 368[2mms[22m[39m
     [33m[2m✓[22m[39m 'confirm-confirm-global-domain' [33m 363[2mms[22m[39m
     [33m[2m✓[22m[39m 'confirm-confirm-local-domain' [33m 366[2mms[22m[39m
     [33m[2m✓[22m[39m 'confirm-confirm-import-domain' [33m 358[2mms[22m[39m
     [33m[2m✓[22m[39m 'confirm-confirm-alias-domain' [33m 378[2mms[22m[39m
     [33m[2m✓[22m[39m 'confirm-confirm-global-inert' [33m 362[2mms[22m[39m
     [33m[2m✓[22m[39m 'confirm-confirm-global-pure' [33m 361[2mms[22m[39m
     [33m[2m✓[22m[39m 'confirm-confirm-local-pure' [33m 372[2mms[22m[39m
     [33m[2m✓[22m[39m 'confirm-confirm-global-read' [33m 385[2mms[22m[39m
     [33m[2m✓[22m[39m 'external-holder-domain' [33m 376[2mms[22m[39m
     [33m[2m✓[22m[39m 'external-holder-read' [33m 398[2mms[22m[39m
     [33m[2m✓[22m[39m 'external-array-domain' [33m 386[2mms[22m[39m
     [33m[2m✓[22m[39m 'external-array-pure' [33m 356[2mms[22m[39m
     [33m[2m✓[22m[39m 'external-prefix-domain' [33m 376[2mms[22m[39m
     [33m[2m✓[22m[39m 'external-prefix-quota' [33m 395[2mms[22m[39m
     [33m[2m✓[22m[39m 'external-prefix-mixed' [33m 378[2mms[22m[39m
     [33m[2m✓[22m[39m 'external-default-pure' [33m 376[2mms[22m[39m
     [33m[2m✓[22m[39m 'external-present-default' [33m 355[2mms[22m[39m
     [33m[2m✓[22m[39m 'external-present-pure-default' [33m 371[2mms[22m[39m
     [33m[2m✓[22m[39m 'external-unknown-default' [33m 375[2mms[22m[39m
     [33m[2m✓[22m[39m 'external-query-config-read' [33m 388[2mms[22m[39m
     [33m[2m✓[22m[39m 'external-query-config-mutated' [33m 402[2mms[22m[39m
     [33m[2m✓[22m[39m 'external-pure-config-conservative' [33m 370[2mms[22m[39m
     [33m[2m✓[22m[39m 'external-unknown-config' [33m 393[2mms[22m[39m
     [33m[2m✓[22m[39m 'import-alias-domain' [33m 389[2mms[22m[39m
     [33m[2m✓[22m[39m 'import-alias-pure' [33m 374[2mms[22m[39m
     [33m[2m✓[22m[39m 'import-symbols-independent' [33m 419[2mms[22m[39m
     [33m[2m✓[22m[39m 'import-symbols-own-domain' [33m 400[2mms[22m[39m
     [33m[2m✓[22m[39m 'lexical-shadow-independent' [33m 373[2mms[22m[39m
     [33m[2m✓[22m[39m 'lexical-shadow-own-domain' [33m 387[2mms[22m[39m
     [33m[2m✓[22m[39m 'bound-external-independent' [33m 370[2mms[22m[39m
     [33m[2m✓[22m[39m 'bound-external-own-domain' [33m 396[2mms[22m[39m
     [33m[2m✓[22m[39m 'external-direct-effect' [33m 402[2mms[22m[39m
     [33m[2m✓[22m[39m 'external-native-inert' [33m 389[2mms[22m[39m
     [33m[2m✓[22m[39m 'external-native-invoke' [33m 399[2mms[22m[39m
     [33m[2m✓[22m[39m 'external-uninvoked-prefix' [33m 406[2mms[22m[39m
     [33m[2m✓[22m[39m 'external-native-layer-inert' [33m 386[2mms[22m[39m
     [33m[2m✓[22m[39m 'external-native-layer-invoke' [33m 377[2mms[22m[39m
     [33m[2m✓[22m[39m 'recognized-module-own-pure' [33m 380[2mms[22m[39m
     [33m[2m✓[22m[39m 'recognized-module-own-domain' [33m 391[2mms[22m[39m
     [33m[2m✓[22m[39m 'external-own-bind-query' [33m 388[2mms[22m[39m
     [33m[2m✓[22m[39m 'external-own-call-pure' [33m 391[2mms[22m[39m
     [33m[2m✓[22m[39m 'external-own-apply-query' [33m 394[2mms[22m[39m
     [33m[2m✓[22m[39m 'same-export-domain' [33m 404[2mms[22m[39m
     [33m[2m✓[22m[39m 'same-export-read' [33m 414[2mms[22m[39m
     [33m[2m✓[22m[39m 'same-export-pure' [33m 398[2mms[22m[39m
     [33m[2m✓[22m[39m 'confirm-default-get' [33m 417[2mms[22m[39m
     [33m[2m✓[22m[39m 'confirm-default-post' [33m 401[2mms[22m[39m
     [33m[2m✓[22m[39m 'confirm-default-post-unmodified' [33m 383[2mms[22m[39m
     [33m[2m✓[22m[39m 'confirm-default-selected-get' [33m 391[2mms[22m[39m
     [33m[2m✓[22m[39m 'confirm-default-selected-post' [33m 385[2mms[22m[39m
     [33m[2m✓[22m[39m 'holder-same' [33m 380[2mms[22m[39m
     [33m[2m✓[22m[39m 'holder-distinct' [33m 432[2mms[22m[39m
     [33m[2m✓[22m[39m 'array-same' [33m 381[2mms[22m[39m
     [33m[2m✓[22m[39m 'array-distinct' [33m 393[2mms[22m[39m
     [33m[2m✓[22m[39m 'destructure-same' [33m 394[2mms[22m[39m
     [33m[2m✓[22m[39m 'destructure-distinct' [33m 400[2mms[22m[39m
     [33m[2m✓[22m[39m 'index-same' [33m 395[2mms[22m[39m
     [33m[2m✓[22m[39m 'index-distinct' [33m 380[2mms[22m[39m
     [33m[2m✓[22m[39m 'rest-holder-same' [33m 435[2mms[22m[39m
     [33m[2m✓[22m[39m 'rest-holder-distinct' [33m 401[2mms[22m[39m
     [33m[2m✓[22m[39m 'call-same' [33m 389[2mms[22m[39m
     [33m[2m✓[22m[39m 'call-distinct' [33m 401[2mms[22m[39m
     [33m[2m✓[22m[39m 'apply-same' [33m 365[2mms[22m[39m
     [33m[2m✓[22m[39m 'apply-distinct' [33m 383[2mms[22m[39m
     [33m[2m✓[22m[39m 'bind-same' [33m 379[2mms[22m[39m
     [33m[2m✓[22m[39m 'bind-distinct' [33m 386[2mms[22m[39m
     [33m[2m✓[22m[39m 'stored-prefix-domain' [33m 417[2mms[22m[39m
     [33m[2m✓[22m[39m 'stored-prefix-read' [33m 403[2mms[22m[39m
     [33m[2m✓[22m[39m 'stored-prefix-quota' [33m 381[2mms[22m[39m
     [33m[2m✓[22m[39m 'stored-prefix-mixed' [33m 398[2mms[22m[39m
     [33m[2m✓[22m[39m 'stored-query-domain' [33m 364[2mms[22m[39m
     [33m[2m✓[22m[39m 'stored-query-read' [33m 398[2mms[22m[39m
     [33m[2m✓[22m[39m 'member-custom-pure' [33m 382[2mms[22m[39m
     [33m[2m✓[22m[39m 'member-custom-query-mutated' [33m 368[2mms[22m[39m
     [33m[2m✓[22m[39m 'member-custom-query-read' [33m 378[2mms[22m[39m
     [33m[2m✓[22m[39m 'same-export-member-shared' [33m 370[2mms[22m[39m
     [33m[2m✓[22m[39m 'same-export-member-distinct' [33m 372[2mms[22m[39m
     [33m[2m✓[22m[39m 'different-module-member-isolated' [33m 376[2mms[22m[39m
     [33m[2m✓[22m[39m 'owner-not-member' [33m 366[2mms[22m[39m
     [33m[2m✓[22m[39m 'member-direct-effect' [33m 361[2mms[22m[39m
     [33m[2m✓[22m[39m 'native-bind-inert' [33m 368[2mms[22m[39m
     [33m[2m✓[22m[39m 'native-bind-invoke' [33m 382[2mms[22m[39m
     [33m[2m✓[22m[39m 'native-layer-inert' [33m 384[2mms[22m[39m
     [33m[2m✓[22m[39m 'native-layer-invoke' [33m 404[2mms[22m[39m
     [33m[2m✓[22m[39m 'distinct-bound-allocation' [33m 388[2mms[22m[39m
     [33m[2m✓[22m[39m 'same-bound-alias' [33m 373[2mms[22m[39m
     [33m[2m✓[22m[39m 'lexical-shadow' [33m 358[2mms[22m[39m
     [33m[2m✓[22m[39m 'intrinsic-selected-store' [33m 360[2mms[22m[39m
     [33m[2m✓[22m[39m 'intrinsic-store-direct-alias' [33m 353[2mms[22m[39m
     [33m[2m✓[22m[39m 'own-store-direct-control' [33m 365[2mms[22m[39m
     [33m[2m✓[22m[39m 'intrinsic-selected-pure-control' [33m 359[2mms[22m[39m
     [33m[2m✓[22m[39m 'intrinsic-distinct-store' [33m 361[2mms[22m[39m
     [33m[2m✓[22m[39m 'call-channel' [33m 374[2mms[22m[39m
     [33m[2m✓[22m[39m 'call-pure' [33m 383[2mms[22m[39m
     [33m[2m✓[22m[39m 'call-read' [33m 378[2mms[22m[39m
     [33m[2m✓[22m[39m 'call-domain' [33m 383[2mms[22m[39m
     [33m[2m✓[22m[39m 'call-inert' [33m 387[2mms[22m[39m
     [33m[2m✓[22m[39m 'apply-channel' [33m 389[2mms[22m[39m
     [33m[2m✓[22m[39m 'apply-pure' [33m 405[2mms[22m[39m
     [33m[2m✓[22m[39m 'apply-read' [33m 406[2mms[22m[39m
     [33m[2m✓[22m[39m 'apply-domain' [33m 377[2mms[22m[39m
     [33m[2m✓[22m[39m 'apply-inert' [33m 365[2mms[22m[39m
     [33m[2m✓[22m[39m 'bind-channel' [33m 382[2mms[22m[39m
     [33m[2m✓[22m[39m 'bind-pure' [33m 410[2mms[22m[39m
     [33m[2m✓[22m[39m 'bind-read' [33m 398[2mms[22m[39m
     [33m[2m✓[22m[39m 'bind-domain' [33m 365[2mms[22m[39m
     [33m[2m✓[22m[39m 'bind-inert' [33m 360[2mms[22m[39m
     [33m[2m✓[22m[39m 'holder-channel' [33m 379[2mms[22m[39m
     [33m[2m✓[22m[39m 'holder-pure' [33m 357[2mms[22m[39m
     [33m[2m✓[22m[39m 'array-channel' [33m 366[2mms[22m[39m
     [33m[2m✓[22m[39m 'array-pure' [33m 374[2mms[22m[39m
     [33m[2m✓[22m[39m 'destructure-channel' [33m 385[2mms[22m[39m
     [33m[2m✓[22m[39m 'destructure-pure' [33m 368[2mms[22m[39m
     [33m[2m✓[22m[39m 'index-channel' [33m 374[2mms[22m[39m
     [33m[2m✓[22m[39m 'index-pure' [33m 357[2mms[22m[39m
     [33m[2m✓[22m[39m 'rest-channel' [33m 361[2mms[22m[39m
     [33m[2m✓[22m[39m 'rest-pure' [33m 388[2mms[22m[39m
     [33m[2m✓[22m[39m 'spread-channel' [33m 370[2mms[22m[39m
     [33m[2m✓[22m[39m 'spread-pure' [33m 361[2mms[22m[39m
     [33m[2m✓[22m[39m 'native-layer-bind-inert' [33m 379[2mms[22m[39m
     [33m[2m✓[22m[39m 'native-layer-bind-invoke' [33m 373[2mms[22m[39m
     [33m[2m✓[22m[39m 'native-layer-call-read' [33m 389[2mms[22m[39m
     [33m[2m✓[22m[39m 'native-layer-call-domain' [33m 414[2mms[22m[39m
     [33m[2m✓[22m[39m 'native-layer-apply-read' [33m 406[2mms[22m[39m
     [33m[2m✓[22m[39m 'native-layer-apply-domain' [33m 439[2mms[22m[39m
     [33m[2m✓[22m[39m 'stored-query-config-read' [33m 375[2mms[22m[39m
     [33m[2m✓[22m[39m 'stored-query-config-mutated' [33m 368[2mms[22m[39m
     [33m[2m✓[22m[39m 'stored-prefix-domain' [33m 377[2mms[22m[39m
     [33m[2m✓[22m[39m 'stored-prefix-read' [33m 389[2mms[22m[39m
     [33m[2m✓[22m[39m 'stored-prefix-quota' [33m 390[2mms[22m[39m
     [33m[2m✓[22m[39m 'stored-prefix-mixed' [33m 392[2mms[22m[39m
     [33m[2m✓[22m[39m 'same-native-operation-channel' [33m 371[2mms[22m[39m
     [33m[2m✓[22m[39m 'same-native-operation-pure' [33m 359[2mms[22m[39m
     [33m[2m✓[22m[39m 'bound-selection-channel' [33m 378[2mms[22m[39m
     [33m[2m✓[22m[39m 'bound-selection-pure' [33m 412[2mms[22m[39m
 [32m✓[39m tests/certify-controlled.test.js [2m([22m[2m43 tests[22m[2m)[22m[33m 50024[2mms[22m[39m
     [33m[2m✓[22m[39m removes its anonymous PostgreSQL volume while preserving exit 37 and unrelated resources [33m 302[2mms[22m[39m
     [33m[2m✓[22m[39m propagates readiness timeout failure with cleanup [33m 1917[2mms[22m[39m
     [33m[2m✓[22m[39m propagates hung database startup failure with cleanup [33m 4088[2mms[22m[39m
     [33m[2m✓[22m[39m propagates hung readiness subprocess failure with cleanup [33m 4143[2mms[22m[39m
     [33m[2m✓[22m[39m bounds stalled certification create-before without entering workload wait [33m 4169[2mms[22m[39m
     [33m[2m✓[22m[39m bounds stalled certification create-after without entering workload wait [33m 4230[2mms[22m[39m
     [33m[2m✓[22m[39m bounds stalled certification start without entering workload wait [33m 4261[2mms[22m[39m
     [33m[2m✓[22m[39m lets legitimate workload outlast startup and retain exit 0 [33m 3465[2mms[22m[39m
     [33m[2m✓[22m[39m lets legitimate workload outlast startup and retain exit 37 [33m 3457[2mms[22m[39m
     [33m[2m✓[22m[39m shares one startup budget across create and start instead of resetting it [33m 3327[2mms[22m[39m
     [33m[2m✓[22m[39m honors cancellation during stalled create-before [33m 1224[2mms[22m[39m
     [33m[2m✓[22m[39m honors cancellation during stalled start [33m 1298[2mms[22m[39m
     [33m[2m✓[22m[39m preserves invalid result failure without claiming certification success [33m 301[2mms[22m[39m
     [33m[2m✓[22m[39m preserves multiple results failure without claiming certification success [33m 303[2mms[22m[39m
     [33m[2m✓[22m[39m preserves the workload result when log collection fails [33m 312[2mms[22m[39m
     [33m[2m✓[22m[39m bounds stalled log collection while preserving the completed workload result [33m 4298[2mms[22m[39m
     [33m[2m✓[22m[39m cleans containers and child processes on SIGINT [33m 1343[2mms[22m[39m
     [33m[2m✓[22m[39m cleans containers and child processes on SIGTERM [33m 1348[2mms[22m[39m
     [33m[2m✓[22m[39m cleans containers and child processes on SIGHUP [33m 1343[2mms[22m[39m
 [32m✓[39m tests/mutation-sentinel.test.js [2m([22m[2m5 tests[22m[2m)[22m[33m 6290[2mms[22m[39m
     [33m[2m✓[22m[39m detects the frozen eval-threshold mutant without touching the worktree [33m 2676[2mms[22m[39m
     [33m[2m✓[22m[39m reports a drifted target as a gap instead of inventing detection [33m 1139[2mms[22m[39m
     [33m[2m✓[22m[39m returns a non-zero process exit when --fail-on-gaps finds a surviving gap [33m 1773[2mms[22m[39m
[90mstdout[2m | apps/api/src/__tests__/main-telemetry-process.test.ts[2m > [22m[2mAUD06 actual API process telemetry[2m > [22m[2mexports only when opted in (true) and drains on real SIGTERM
[22m[39m{"check":"api-process-telemetry","mode":"local_file","batches":2,"inboundRecords":2,"canaryAbsent":true,"shutdownExit":0}

[90mstdout[2m | apps/api/src/__tests__/main-telemetry-process.test.ts[2m > [22m[2mAUD06 actual API process telemetry[2m > [22m[2mexports only when opted in (false) and drains on real SIGTERM
[22m[39m{"check":"api-process-telemetry","mode":"disabled","files":0,"shutdownExit":0}

 [32m✓[39m apps/api/src/__tests__/main-telemetry-process.test.ts [2m([22m[2m2 tests[22m[2m)[22m[33m 3256[2mms[22m[39m
     [33m[2m✓[22m[39m exports only when opted in (true) and drains on real SIGTERM [33m 1522[2mms[22m[39m
     [33m[2m✓[22m[39m exports only when opted in (false) and drains on real SIGTERM [33m 1732[2mms[22m[39m
 [32m✓[39m apps/api/src/__tests__/readiness.test.ts [2m([22m[2m11 tests[22m[2m)[22m[33m 2896[2mms[22m[39m
     [33m[2m✓[22m[39m returns 503 when destruction rejects the timed out query [33m 918[2mms[22m[39m
     [33m[2m✓[22m[39m bounds pending pool admission and destroys a late client exactly once [33m 915[2mms[22m[39m
     [33m[2m✓[22m[39m ignores late query success and recovers after the outstanding operation settles [33m 910[2mms[22m[39m
 [32m✓[39m tests/promotion-expectation.test.js [2m([22m[2m14 tests[22m[2m)[22m[33m 2914[2mms[22m[39m
     [33m[2m✓[22m[39m keeps the default expectation exit code tied to eligibility [33m 962[2mms[22m[39m
     [33m[2m✓[22m[39m accepts EXTERNAL_ONLY while only human gates remain pending [33m 962[2mms[22m[39m
     [33m[2m✓[22m[39m fails closed on an unknown expectation value [33m 984[2mms[22m[39m
 [32m✓[39m apps/web/src/__tests__/app.test.tsx [2m([22m[2m17 tests[22m[2m)[22m[33m 1569[2mms[22m[39m
 [32m✓[39m tests/aud06-stack.test.js [2m([22m[2m18 tests[22m[2m)[22m[33m 2301[2mms[22m[39m
     [33m[2m✓[22m[39m removes the immutable owned ID despite diagnostics failing: {"stop":0,"logs":28} [33m 315[2mms[22m[39m
     [33m[2m✓[22m[39m removes the immutable owned ID despite diagnostics failing: {"stop":29,"logs":28} [33m 309[2mms[22m[39m
     [33m[2m✓[22m[39m never stops, reads logs or removes an unverified foreign ID (name) [33m 343[2mms[22m[39m
     [33m[2m✓[22m[39m never stops, reads logs or removes an unverified foreign ID (label) [33m 329[2mms[22m[39m
     [33m[2m✓[22m[39m never stops, reads logs or removes an unverified foreign ID (inspect) [33m 351[2mms[22m[39m
     [33m[2m✓[22m[39m preserves the startup failure when all cleanup operations succeed [33m 333[2mms[22m[39m
 [32m✓[39m apps/api/src/__tests__/shared-rate-boundary.test.ts [2m([22m[2m6 tests[22m[2m)[22m[33m 2143[2mms[22m[39m
     [33m[2m✓[22m[39m returns generic HTTP 503 within the acquisition deadline for a stalled pool [33m 2015[2mms[22m[39m
 [32m✓[39m apps/worker/src/__tests__/main-telemetry.test.ts [2m([22m[2m12 tests[22m[2m)[22m[33m 1539[2mms[22m[39m
     [33m[2m✓[22m[39m exports through the actual sanitized collector sink and drains after stopping the worker [33m 873[2mms[22m[39m
 [32m✓[39m apps/web/src/features/platform/multi-agent-creation.test.tsx [2m([22m[2m6 tests[22m[2m)[22m[33m 1165[2mms[22m[39m
     [33m[2m✓[22m[39m creates Agent A and Agent B in one tenant-scoped session with isolated drafts [33m 516[2mms[22m[39m
 [32m✓[39m packages/agent-runtime/src/__tests__/orchestration-branch-hardening.test.ts [2m([22m[2m88 tests[22m[2m)[22m[33m 1482[2mms[22m[39m
     [33m[2m✓[22m[39m renews the lease during a long execution and settles with the renewed lease [33m 421[2mms[22m[39m
     [33m[2m✓[22m[39m aborts execution and reports lease loss when heartbeat renewal fails quickly [33m 602[2mms[22m[39m
     [33m[2m✓[22m[39m awaits an in-flight heartbeat before reporting lease loss [33m 351[2mms[22m[39m
 [32m✓[39m tests/production-preflight.test.js [2m([22m[2m16 tests[22m[2m)[22m[33m 1346[2mms[22m[39m
     [33m[2m✓[22m[39m runs the shared gate before API and worker bootstrap [33m 1009[2mms[22m[39m
 [32m✓[39m tests/docs-integrity.test.js [2m([22m[2m12 tests[22m[2m)[22m[33m 1359[2mms[22m[39m
     [33m[2m✓[22m[39m has zero invalid JSON under docs/ and certification/ [33m 627[2mms[22m[39m
     [33m[2m✓[22m[39m passes the aggregate documentation checker [33m 655[2mms[22m[39m
 [32m✓[39m packages/agent-runtime/src/__tests__/branches-b-20260925.test.ts [2m([22m[2m13 tests[22m[2m)[22m[33m 1173[2mms[22m[39m
     [33m[2m✓[22m[39m renews the step lease while a slow executor runs [33m 753[2mms[22m[39m
     [33m[2m✓[22m[39m abandons the step when the lease heartbeat fails [33m 401[2mms[22m[39m
 [32m✓[39m apps/web/src/__tests__/platform-panel.test.tsx [2m([22m[2m6 tests[22m[2m)[22m[33m 903[2mms[22m[39m
     [33m[2m✓[22m[39m lists and transitions metadata-only plugin catalog entries with tenant scope [33m 358[2mms[22m[39m
 [32m✓[39m apps/web/src/__tests__/journeys-identity-race.test.tsx [2m([22m[2m13 tests[22m[2m)[22m[33m 781[2mms[22m[39m
{"event":"worker.started","level":"info","timestamp":"2026-10-08T13:37:35.898Z","workerId":"worker-restart-190-a","concurrency":2,"pollIntervalMs":5,"idleMaxBackoffMs":5000,"errorBackoffMs":500,"errorMaxBackoffMs":30000,"leaseMs":1000,"heartbeatIntervalMs":333,"drainMs":10000,"backlogProbe":true,"sweeps":false,"externalEffects":false,"durable":true}
{"event":"worker.outbox.summary","level":"info","timestamp":"2026-10-08T13:37:35.899Z","workerId":"worker-restart-190-a","reason":"start","claimed":0,"processed":0,"failed":0,"deadLettered":0,"handoffs":0,"errors":0,"claimFailures":0,"leaseLost":0,"heartbeats":0,"idlePolls":0,"released":0,"lag":null,"inFlight":0}
{"event":"worker.metric","name":"worker_outbox_lag","value":0,"attributes":{"operation":"outbox"},"timestamp":"2026-10-08T13:37:35.900Z"}
{"event":"worker.idle_backoff","level":"debug","timestamp":"2026-10-08T13:37:35.900Z","workerId":"worker-restart-190-a","backoffMs":5,"lag":0}
{"event":"worker.metric","name":"worker_outbox_processed_total","value":1,"attributes":{"status":"processed"},"timestamp":"2026-10-08T13:37:35.900Z"}
{"event":"worker.outbox.processed","level":"info","timestamp":"2026-10-08T13:37:35.900Z","eventId":"outbox_9b2aef3d-61d0-4a29-92af-f628a7e9fbb9","workerId":"worker-restart-190-a","status":"processed","attempt":1,"leaseLost":false,"operation":"outbox"}
{"event":"worker.outbox.summary","level":"info","timestamp":"2026-10-08T13:37:35.904Z","workerId":"worker-restart-190-a","reason":"stop","claimed":1,"processed":1,"failed":0,"deadLettered":0,"handoffs":0,"errors":0,"claimFailures":0,"leaseLost":0,"heartbeats":0,"idlePolls":1,"released":0,"lag":0,"inFlight":0}
{"event":"worker.stopped","level":"info","timestamp":"2026-10-08T13:37:35.904Z","workerId":"worker-restart-190-a","drained":true,"released":0,"releaseFailed":0,"processed":1,"failed":0,"deadLettered":0,"lag":0}
{"event":"worker.started","level":"info","timestamp":"2026-10-08T13:37:35.904Z","workerId":"worker-restart-190-b","concurrency":2,"pollIntervalMs":5,"idleMaxBackoffMs":5000,"errorBackoffMs":500,"errorMaxBackoffMs":30000,"leaseMs":1000,"heartbeatIntervalMs":333,"drainMs":10000,"backlogProbe":true,"sweeps":false,"externalEffects":false,"durable":true}
{"event":"worker.outbox.summary","level":"info","timestamp":"2026-10-08T13:37:35.905Z","workerId":"worker-restart-190-b","reason":"start","claimed":0,"processed":0,"failed":0,"deadLettered":0,"handoffs":0,"errors":0,"claimFailures":0,"leaseLost":0,"heartbeats":0,"idlePolls":0,"released":0,"lag":null,"inFlight":0}
{"event":"worker.metric","name":"worker_outbox_lag","value":0,"attributes":{"operation":"outbox"},"timestamp":"2026-10-08T13:37:35.905Z"}
{"event":"worker.idle_backoff","level":"debug","timestamp":"2026-10-08T13:37:35.905Z","workerId":"worker-restart-190-b","backoffMs":5,"lag":0}
{"event":"worker.metric","name":"worker_outbox_processed_total","value":1,"attributes":{"status":"processed"},"timestamp":"2026-10-08T13:37:35.905Z"}
{"event":"worker.outbox.processed","level":"info","timestamp":"2026-10-08T13:37:35.905Z","eventId":"outbox_745debce-9eff-411d-ad1e-fd68a8ff82db","workerId":"worker-restart-190-b","status":"processed","attempt":1,"leaseLost":false,"operation":"outbox"}
{"event":"worker.outbox.summary","level":"info","timestamp":"2026-10-08T13:37:35.911Z","workerId":"worker-restart-190-b","reason":"stop","claimed":1,"processed":1,"failed":0,"deadLettered":0,"handoffs":0,"errors":0,"claimFailures":0,"leaseLost":0,"heartbeats":0,"idlePolls":1,"released":0,"lag":0,"inFlight":0}
{"event":"worker.stopped","level":"info","timestamp":"2026-10-08T13:37:35.911Z","workerId":"worker-restart-190-b","drained":true,"released":0,"releaseFailed":0,"processed":1,"failed":0,"deadLettered":0,"lag":0}
{"event":"worker.started","level":"info","timestamp":"2026-10-08T13:37:35.928Z","workerId":"worker-retry-190","concurrency":2,"pollIntervalMs":5,"idleMaxBackoffMs":5000,"errorBackoffMs":500,"errorMaxBackoffMs":30000,"leaseMs":1000,"heartbeatIntervalMs":333,"drainMs":10000,"backlogProbe":true,"sweeps":false,"externalEffects":false,"durable":true}
{"event":"worker.outbox.summary","level":"info","timestamp":"2026-10-08T13:37:35.928Z","workerId":"worker-retry-190","reason":"start","claimed":0,"processed":0,"failed":0,"deadLettered":0,"handoffs":0,"errors":0,"claimFailures":0,"leaseLost":0,"heartbeats":0,"idlePolls":0,"released":0,"lag":null,"inFlight":0}
{"event":"worker.metric","name":"worker_outbox_lag","value":0,"attributes":{"operation":"outbox"},"timestamp":"2026-10-08T13:37:35.928Z"}
{"event":"worker.idle_backoff","level":"debug","timestamp":"2026-10-08T13:37:35.928Z","workerId":"worker-retry-190","backoffMs":5,"lag":0}
{"event":"worker.metric","name":"worker_outbox_failed_total","value":1,"attributes":{"status":"failed"},"timestamp":"2026-10-08T13:37:35.929Z"}
{"event":"worker.outbox.failed","level":"info","timestamp":"2026-10-08T13:37:35.929Z","eventId":"outbox_6d90f1f7-dff5-4076-9e55-38cf415f1a36","workerId":"worker-retry-190","status":"failed","attempt":1,"leaseLost":false,"error":"[redacted-outbox-error]","operation":"outbox"}
{"event":"worker.idle_backoff","level":"debug","timestamp":"2026-10-08T13:37:35.933Z","workerId":"worker-retry-190","backoffMs":5,"lag":0}
{"event":"worker.metric","name":"worker_outbox_processed_total","value":1,"attributes":{"status":"processed"},"timestamp":"2026-10-08T13:37:35.934Z"}
{"event":"worker.outbox.processed","level":"info","timestamp":"2026-10-08T13:37:35.934Z","eventId":"outbox_6d90f1f7-dff5-4076-9e55-38cf415f1a36","workerId":"worker-retry-190","status":"processed","attempt":2,"leaseLost":false,"operation":"outbox"}
{"event":"worker.outbox.summary","level":"info","timestamp":"2026-10-08T13:37:35.939Z","workerId":"worker-retry-190","reason":"stop","claimed":2,"processed":1,"failed":1,"deadLettered":0,"handoffs":0,"errors":0,"claimFailures":0,"leaseLost":0,"heartbeats":0,"idlePolls":2,"released":0,"lag":0,"inFlight":0}
{"event":"worker.stopped","level":"info","timestamp":"2026-10-08T13:37:35.939Z","workerId":"worker-retry-190","drained":true,"released":0,"releaseFailed":0,"processed":1,"failed":1,"deadLettered":0,"lag":0}
{"event":"worker.started","level":"info","timestamp":"2026-10-08T13:37:35.940Z","workerId":"worker-poison-190","concurrency":1,"pollIntervalMs":5,"idleMaxBackoffMs":5000,"errorBackoffMs":500,"errorMaxBackoffMs":30000,"leaseMs":1000,"heartbeatIntervalMs":333,"drainMs":10000,"backlogProbe":true,"sweeps":false,"externalEffects":false,"durable":true}
{"event":"worker.outbox.summary","level":"info","timestamp":"2026-10-08T13:37:35.940Z","workerId":"worker-poison-190","reason":"start","claimed":0,"processed":0,"failed":0,"deadLettered":0,"handoffs":0,"errors":0,"claimFailures":0,"leaseLost":0,"heartbeats":0,"idlePolls":0,"released":0,"lag":null,"inFlight":0}
{"event":"worker.metric","name":"worker_outbox_lag","value":1,"attributes":{"operation":"outbox"},"timestamp":"2026-10-08T13:37:35.940Z"}
{"event":"worker.metric","name":"worker_outbox_dead_lettered_total","value":1,"attributes":{"status":"dead_letter"},"timestamp":"2026-10-08T13:37:35.940Z"}
{"event":"worker.outbox.dead_letter","level":"info","timestamp":"2026-10-08T13:37:35.940Z","eventId":"outbox_e1bdc2db-a167-4465-becf-7ab34833dd34","workerId":"worker-poison-190","status":"dead_letter","attempt":1,"leaseLost":false,"error":"[redacted-outbox-error]","operation":"outbox"}
{"event":"worker.metric","name":"worker_outbox_processed_total","value":1,"attributes":{"status":"processed"},"timestamp":"2026-10-08T13:37:35.946Z"}
{"event":"worker.outbox.processed","level":"info","timestamp":"2026-10-08T13:37:35.946Z","eventId":"outbox_b6e5619d-3c26-4244-bab3-25613a9e1992","workerId":"worker-poison-190","status":"processed","attempt":1,"leaseLost":false,"operation":"outbox"}
{"event":"worker.outbox.summary","level":"info","timestamp":"2026-10-08T13:37:35.951Z","workerId":"worker-poison-190","reason":"stop","claimed":2,"processed":1,"failed":0,"deadLettered":1,"handoffs":0,"errors":0,"claimFailures":0,"leaseLost":0,"heartbeats":0,"idlePolls":0,"released":0,"lag":1,"inFlight":0}
{"event":"worker.stopped","level":"info","timestamp":"2026-10-08T13:37:35.951Z","workerId":"worker-poison-190","drained":true,"released":0,"releaseFailed":0,"processed":1,"failed":0,"deadLettered":1,"lag":1}
{"event":"worker.started","level":"info","timestamp":"2026-10-08T13:37:35.951Z","workerId":"worker-requeue-190-a","concurrency":1,"pollIntervalMs":5,"idleMaxBackoffMs":5000,"errorBackoffMs":500,"errorMaxBackoffMs":30000,"leaseMs":1000,"heartbeatIntervalMs":333,"drainMs":10000,"backlogProbe":true,"sweeps":false,"externalEffects":false,"durable":true}
{"event":"worker.outbox.summary","level":"info","timestamp":"2026-10-08T13:37:35.952Z","workerId":"worker-requeue-190-a","reason":"start","claimed":0,"processed":0,"failed":0,"deadLettered":0,"handoffs":0,"errors":0,"claimFailures":0,"leaseLost":0,"heartbeats":0,"idlePolls":0,"released":0,"lag":null,"inFlight":0}
{"event":"worker.metric","name":"worker_outbox_lag","value":0,"attributes":{"operation":"outbox"},"timestamp":"2026-10-08T13:37:35.952Z"}
{"event":"worker.metric","name":"worker_outbox_dead_lettered_total","value":1,"attributes":{"status":"dead_letter"},"timestamp":"2026-10-08T13:37:35.952Z"}
{"event":"worker.outbox.dead_letter","level":"info","timestamp":"2026-10-08T13:37:35.952Z","eventId":"outbox_6e1b20b7-b214-44d6-a77b-846ba75f619d","workerId":"worker-requeue-190-a","status":"dead_letter","attempt":1,"leaseLost":false,"error":"[redacted-outbox-error]","operation":"outbox"}
{"event":"worker.outbox.summary","level":"info","timestamp":"2026-10-08T13:37:35.957Z","workerId":"worker-requeue-190-a","reason":"stop","claimed":1,"processed":0,"failed":0,"deadLettered":1,"handoffs":0,"errors":0,"claimFailures":0,"leaseLost":0,"heartbeats":0,"idlePolls":0,"released":0,"lag":0,"inFlight":0}
{"event":"worker.stopped","level":"info","timestamp":"2026-10-08T13:37:35.957Z","workerId":"worker-requeue-190-a","drained":true,"released":0,"releaseFailed":0,"processed":0,"failed":0,"deadLettered":1,"lag":0}
{"event":"worker.started","level":"info","timestamp":"2026-10-08T13:37:35.958Z","workerId":"worker-requeue-190-b","concurrency":1,"pollIntervalMs":5,"idleMaxBackoffMs":5000,"errorBackoffMs":500,"errorMaxBackoffMs":30000,"leaseMs":1000,"heartbeatIntervalMs":333,"drainMs":10000,"backlogProbe":true,"sweeps":false,"externalEffects":false,"durable":true}
{"event":"worker.outbox.summary","level":"info","timestamp":"2026-10-08T13:37:35.958Z","workerId":"worker-requeue-190-b","reason":"start","claimed":0,"processed":0,"failed":0,"deadLettered":0,"handoffs":0,"errors":0,"claimFailures":0,"leaseLost":0,"heartbeats":0,"idlePolls":0,"released":0,"lag":null,"inFlight":0}
{"event":"worker.metric","name":"worker_outbox_lag","value":0,"attributes":{"operation":"outbox"},"timestamp":"2026-10-08T13:37:35.958Z"}
{"event":"worker.metric","name":"worker_outbox_processed_total","value":1,"attributes":{"status":"processed"},"timestamp":"2026-10-08T13:37:35.958Z"}
{"event":"worker.outbox.processed","level":"info","timestamp":"2026-10-08T13:37:35.958Z","eventId":"outbox_6e1b20b7-b214-44d6-a77b-846ba75f619d","workerId":"worker-requeue-190-b","status":"processed","attempt":1,"leaseLost":false,"operation":"outbox"}
{"event":"worker.outbox.summary","level":"info","timestamp":"2026-10-08T13:37:35.964Z","workerId":"worker-requeue-190-b","reason":"stop","claimed":1,"processed":1,"failed":0,"deadLettered":0,"handoffs":0,"errors":0,"claimFailures":0,"leaseLost":0,"heartbeats":0,"idlePolls":0,"released":0,"lag":0,"inFlight":0}
{"event":"worker.stopped","level":"info","timestamp":"2026-10-08T13:37:35.964Z","workerId":"worker-requeue-190-b","drained":true,"released":0,"releaseFailed":0,"processed":1,"failed":0,"deadLettered":0,"lag":0}
{"event":"worker.started","level":"info","timestamp":"2026-10-08T13:37:35.986Z","workerId":"worker-sigterm-190","concurrency":2,"pollIntervalMs":5,"idleMaxBackoffMs":5000,"errorBackoffMs":500,"errorMaxBackoffMs":30000,"leaseMs":1000,"heartbeatIntervalMs":333,"drainMs":10000,"backlogProbe":true,"sweeps":false,"externalEffects":false,"durable":true}
{"event":"worker.outbox.summary","level":"info","timestamp":"2026-10-08T13:37:35.986Z","workerId":"worker-sigterm-190","reason":"start","claimed":0,"processed":0,"failed":0,"deadLettered":0,"handoffs":0,"errors":0,"claimFailures":0,"leaseLost":0,"heartbeats":0,"idlePolls":0,"released":0,"lag":null,"inFlight":0}
{"event":"worker.metric","name":"worker_outbox_lag","value":0,"attributes":{"operation":"outbox"},"timestamp":"2026-10-08T13:37:35.986Z"}
{"event":"worker.idle_backoff","level":"debug","timestamp":"2026-10-08T13:37:35.986Z","workerId":"worker-sigterm-190","backoffMs":5,"lag":0}
{"event":"worker.metric","name":"worker_outbox_processed_total","value":1,"attributes":{"status":"processed"},"timestamp":"2026-10-08T13:37:36.012Z"}
{"event":"worker.outbox.processed","level":"info","timestamp":"2026-10-08T13:37:36.012Z","eventId":"outbox_33ded0ab-4410-430e-b6ac-8c1aa4d4ce48","workerId":"worker-sigterm-190","status":"processed","attempt":1,"leaseLost":false,"operation":"outbox"}
{"event":"worker.outbox.summary","level":"info","timestamp":"2026-10-08T13:37:36.012Z","workerId":"worker-sigterm-190","reason":"stop","claimed":1,"processed":1,"failed":0,"deadLettered":0,"handoffs":0,"errors":0,"claimFailures":0,"leaseLost":0,"heartbeats":0,"idlePolls":1,"released":0,"lag":0,"inFlight":0}
{"event":"worker.stopped","level":"info","timestamp":"2026-10-08T13:37:36.012Z","workerId":"worker-sigterm-190","drained":true,"released":0,"releaseFailed":0,"processed":1,"failed":0,"deadLettered":0,"lag":0}
{"event":"worker.started","level":"info","timestamp":"2026-10-08T13:37:36.013Z","workerId":"worker-release-190-a","concurrency":2,"pollIntervalMs":5,"idleMaxBackoffMs":5000,"errorBackoffMs":500,"errorMaxBackoffMs":30000,"leaseMs":1000,"heartbeatIntervalMs":333,"drainMs":10000,"backlogProbe":true,"sweeps":false,"externalEffects":false,"durable":true}
{"event":"worker.outbox.summary","level":"info","timestamp":"2026-10-08T13:37:36.013Z","workerId":"worker-release-190-a","reason":"start","claimed":0,"processed":0,"failed":0,"deadLettered":0,"handoffs":0,"errors":0,"claimFailures":0,"leaseLost":0,"heartbeats":0,"idlePolls":0,"released":0,"lag":null,"inFlight":0}
{"event":"worker.metric","name":"worker_outbox_lag","value":0,"attributes":{"operation":"outbox"},"timestamp":"2026-10-08T13:37:36.013Z"}
{"event":"worker.idle_backoff","level":"debug","timestamp":"2026-10-08T13:37:36.013Z","workerId":"worker-release-190-a","backoffMs":5,"lag":0}
{"event":"worker.shutdown_deferred_release","level":"warn","timestamp":"2026-10-08T13:37:36.048Z","eventId":"outbox_2fd9401f-41bc-4098-b7b4-8c0e73b5454f","workerId":"worker-release-190-a","leaseAction":"expire_for_retry","operation":"outbox"}
{"event":"worker.metric","name":"worker_outbox_shutdown_releases_total","value":1,"attributes":{"outcome":"deferred"},"timestamp":"2026-10-08T13:37:36.048Z"}
{"event":"worker.outbox.summary","level":"info","timestamp":"2026-10-08T13:37:36.048Z","workerId":"worker-release-190-a","reason":"stop","claimed":1,"processed":0,"failed":0,"deadLettered":0,"handoffs":0,"errors":0,"claimFailures":0,"leaseLost":0,"heartbeats":0,"idlePolls":1,"released":0,"lag":0,"inFlight":1}
{"event":"worker.stopped","level":"info","timestamp":"2026-10-08T13:37:36.048Z","workerId":"worker-release-190-a","drained":false,"released":0,"releaseFailed":0,"processed":0,"failed":0,"deadLettered":0,"lag":0}
{"event":"worker.metric","name":"worker_outbox_processed_total","value":1,"attributes":{"status":"processed"},"timestamp":"2026-10-08T13:37:36.049Z"}
{"event":"worker.outbox.processed","level":"info","timestamp":"2026-10-08T13:37:36.049Z","eventId":"outbox_2fd9401f-41bc-4098-b7b4-8c0e73b5454f","workerId":"worker-release-190-a","status":"processed","attempt":1,"leaseLost":false,"operation":"outbox"}
{"event":"worker.started","level":"info","timestamp":"2026-10-08T13:37:36.075Z","workerId":"worker-heartbeat-renew-190","concurrency":2,"pollIntervalMs":5,"idleMaxBackoffMs":5000,"errorBackoffMs":500,"errorMaxBackoffMs":30000,"leaseMs":1000,"heartbeatIntervalMs":10,"drainMs":10000,"backlogProbe":true,"sweeps":false,"externalEffects":false,"durable":true}
{"event":"worker.outbox.summary","level":"info","timestamp":"2026-10-08T13:37:36.075Z","workerId":"worker-heartbeat-renew-190","reason":"start","claimed":0,"processed":0,"failed":0,"deadLettered":0,"handoffs":0,"errors":0,"claimFailures":0,"leaseLost":0,"heartbeats":0,"idlePolls":0,"released":0,"lag":null,"inFlight":0}
{"event":"worker.metric","name":"worker_outbox_lag","value":0,"attributes":{"operation":"outbox"},"timestamp":"2026-10-08T13:37:36.076Z"}
{"event":"worker.idle_backoff","level":"debug","timestamp":"2026-10-08T13:37:36.076Z","workerId":"worker-heartbeat-renew-190","backoffMs":5,"lag":0}
{"event":"worker.idle_backoff","level":"debug","timestamp":"2026-10-08T13:37:36.081Z","workerId":"worker-heartbeat-renew-190","backoffMs":10,"lag":0}
{"event":"worker.metric","name":"worker_outbox_heartbeats_total","value":1,"attributes":{"outcome":"renewed"},"timestamp":"2026-10-08T13:37:36.086Z"}
{"event":"worker.metric","name":"worker_outbox_processed_total","value":1,"attributes":{"status":"processed"},"timestamp":"2026-10-08T13:37:36.086Z"}
{"event":"worker.outbox.processed","level":"info","timestamp":"2026-10-08T13:37:36.086Z","eventId":"outbox_9473f415-dd0a-4206-bcde-ef4dd4c01d7d","workerId":"worker-heartbeat-renew-190","status":"processed","attempt":1,"leaseLost":false,"operation":"outbox"}
{"event":"worker.idle_backoff","level":"debug","timestamp":"2026-10-08T13:37:36.091Z","workerId":"worker-heartbeat-renew-190","backoffMs":20,"lag":0}
{"event":"worker.outbox.summary","level":"info","timestamp":"2026-10-08T13:37:36.091Z","workerId":"worker-heartbeat-renew-190","reason":"stop","claimed":1,"processed":1,"failed":0,"deadLettered":0,"handoffs":0,"errors":0,"claimFailures":0,"leaseLost":0,"heartbeats":1,"idlePolls":3,"released":0,"lag":0,"inFlight":0}
{"event":"worker.stopped","level":"info","timestamp":"2026-10-08T13:37:36.091Z","workerId":"worker-heartbeat-renew-190","drained":true,"released":0,"releaseFailed":0,"processed":1,"failed":0,"deadLettered":0,"lag":0}
{"event":"worker.started","level":"info","timestamp":"2026-10-08T13:37:36.093Z","workerId":"worker-heartbeat-failure-190","concurrency":2,"pollIntervalMs":5,"idleMaxBackoffMs":5000,"errorBackoffMs":500,"errorMaxBackoffMs":30000,"leaseMs":1000,"heartbeatIntervalMs":5,"drainMs":10000,"backlogProbe":false,"sweeps":false,"externalEffects":false,"durable":true}
{"event":"worker.outbox.summary","level":"info","timestamp":"2026-10-08T13:37:36.093Z","workerId":"worker-heartbeat-failure-190","reason":"start","claimed":0,"processed":0,"failed":0,"deadLettered":0,"handoffs":0,"errors":0,"claimFailures":0,"leaseLost":0,"heartbeats":0,"idlePolls":0,"released":0,"lag":null,"inFlight":0}
{"event":"worker.event_error","level":"error","timestamp":"2026-10-08T13:37:36.093Z","eventId":"outbox_c3e825b5-4920-4d1e-bbfe-ef338324f964","workerId":"worker-heartbeat-failure-190","attempt":1,"error":"[redacted-outbox-error]","operation":"outbox"}
{"event":"worker.metric","name":"worker_outbox_errors_total","value":1,"attributes":{"outcome":"error"},"timestamp":"2026-10-08T13:37:36.093Z"}
{"event":"worker.idle_backoff","level":"debug","timestamp":"2026-10-08T13:37:36.093Z","workerId":"worker-heartbeat-failure-190","backoffMs":5,"lag":null}
{"event":"worker.outbox.summary","level":"info","timestamp":"2026-10-08T13:37:36.098Z","workerId":"worker-heartbeat-failure-190","reason":"stop","claimed":1,"processed":0,"failed":0,"deadLettered":0,"handoffs":0,"errors":1,"claimFailures":0,"leaseLost":0,"heartbeats":0,"idlePolls":1,"released":0,"lag":null,"inFlight":0}
{"event":"worker.stopped","level":"info","timestamp":"2026-10-08T13:37:36.099Z","workerId":"worker-heartbeat-failure-190","drained":true,"released":0,"releaseFailed":0,"processed":0,"failed":0,"deadLettered":0,"lag":null}
{"event":"worker.started","level":"info","timestamp":"2026-10-08T13:37:36.122Z","workerId":"worker-handoff-190","concurrency":2,"pollIntervalMs":5,"idleMaxBackoffMs":5000,"errorBackoffMs":500,"errorMaxBackoffMs":30000,"leaseMs":1000,"heartbeatIntervalMs":333,"drainMs":10000,"backlogProbe":true,"sweeps":false,"externalEffects":false,"durable":true}
{"event":"worker.outbox.summary","level":"info","timestamp":"2026-10-08T13:37:36.122Z","workerId":"worker-handoff-190","reason":"start","claimed":0,"processed":0,"failed":0,"deadLettered":0,"handoffs":0,"errors":0,"claimFailures":0,"leaseLost":0,"heartbeats":0,"idlePolls":0,"released":0,"lag":null,"inFlight":0}
{"event":"worker.metric","name":"worker_outbox_lag","value":0,"attributes":{"operation":"outbox"},"timestamp":"2026-10-08T13:37:36.122Z"}
{"event":"worker.idle_backoff","level":"debug","timestamp":"2026-10-08T13:37:36.122Z","workerId":"worker-handoff-190","backoffMs":5,"lag":0}
{"event":"worker.outbox.handoff","level":"warn","timestamp":"2026-10-08T13:37:36.122Z","eventId":"outbox_c88159f3-42c7-4135-b06f-feb5d85dd73a","workerId":"worker-handoff-190","status":"handoff","operation":"outbox"}
{"event":"worker.metric","name":"worker_outbox_handoffs_total","value":1,"attributes":{"outcome":"handoff"},"timestamp":"2026-10-08T13:37:36.122Z"}
{"event":"worker.outbox.summary","level":"info","timestamp":"2026-10-08T13:37:36.128Z","workerId":"worker-handoff-190","reason":"stop","claimed":1,"processed":0,"failed":0,"deadLettered":0,"handoffs":1,"errors":0,"claimFailures":0,"leaseLost":0,"heartbeats":0,"idlePolls":1,"released":0,"lag":0,"inFlight":0}
{"event":"worker.stopped","level":"info","timestamp":"2026-10-08T13:37:36.128Z","workerId":"worker-handoff-190","drained":true,"released":0,"releaseFailed":0,"processed":0,"failed":0,"deadLettered":0,"lag":0}
{"event":"worker.started","level":"info","timestamp":"2026-10-08T13:37:36.191Z","workerId":"worker-stop-190","concurrency":2,"pollIntervalMs":5,"idleMaxBackoffMs":5000,"errorBackoffMs":500,"errorMaxBackoffMs":30000,"leaseMs":1000,"heartbeatIntervalMs":333,"drainMs":10000,"backlogProbe":true,"sweeps":false,"externalEffects":false,"durable":true}
{"event":"worker.outbox.summary","level":"info","timestamp":"2026-10-08T13:37:36.191Z","workerId":"worker-stop-190","reason":"start","claimed":0,"processed":0,"failed":0,"deadLettered":0,"handoffs":0,"errors":0,"claimFailures":0,"leaseLost":0,"heartbeats":0,"idlePolls":0,"released":0,"lag":null,"inFlight":0}
{"event":"worker.metric","name":"worker_outbox_lag","value":0,"attributes":{"operation":"outbox"},"timestamp":"2026-10-08T13:37:36.191Z"}
{"event":"worker.idle_backoff","level":"debug","timestamp":"2026-10-08T13:37:36.191Z","workerId":"worker-stop-190","backoffMs":5,"lag":0}
{"event":"worker.outbox.summary","level":"info","timestamp":"2026-10-08T13:37:36.191Z","workerId":"worker-stop-190","reason":"stop","claimed":0,"processed":0,"failed":0,"deadLettered":0,"handoffs":0,"errors":0,"claimFailures":0,"leaseLost":0,"heartbeats":0,"idlePolls":1,"released":0,"lag":0,"inFlight":0}
{"event":"worker.stopped","level":"info","timestamp":"2026-10-08T13:37:36.191Z","workerId":"worker-stop-190","drained":true,"released":0,"releaseFailed":0,"processed":0,"failed":0,"deadLettered":0,"lag":0}
 [32m✓[39m apps/worker/src/__tests__/continuous-worker.test.ts [2m([22m[2m28 tests[22m[2m)[22m[33m 854[2mms[22m[39m
     [33m[2m✓[22m[39m exits non-zero when the real entrypoint starts without required config [33m 481[2mms[22m[39m
 [32m✓[39m apps/web/src/features/platform/release-candidate-ledger.test.tsx [2m([22m[2m1 test[22m[2m)[22m[33m 483[2mms[22m[39m
     [33m[2m✓[22m[39m records and validates controlled evidence without mutating the version [33m 482[2mms[22m[39m
 [32m✓[39m apps/api/src/__tests__/identity-composition-wiring.test.ts [2m([22m[2m8 tests[22m[2m)[22m[33m 645[2mms[22m[39m
     [33m[2m✓[22m[39m fails the real entrypoint closed before resolver composition without runtime proof [33m 502[2mms[22m[39m
 [32m✓[39m tests/worker-controlled-smoke.test.js [2m([22m[2m1 test[22m[2m)[22m[33m 585[2mms[22m[39m
     [33m[2m✓[22m[39m proves the configured local composition claims and acknowledges one event [33m 584[2mms[22m[39m
 [32m✓[39m packages/model-gateway/src/__tests__/gateway.test.ts [2m([22m[2m16 tests[22m[2m)[22m[33m 624[2mms[22m[39m
     [33m[2m✓[22m[39m enforces a real deadline and retries only bounded times [33m 603[2mms[22m[39m
 [32m✓[39m apps/web/src/features/platform/platform.test.tsx [2m([22m[2m3 tests[22m[2m)[22m[33m 508[2mms[22m[39m
 [32m✓[39m tests/worker-startup-smoke.test.js [2m([22m[2m1 test[22m[2m)[22m[33m 578[2mms[22m[39m
     [33m[2m✓[22m[39m proves the real entrypoint fails closed without a queue adapter [33m 576[2mms[22m[39m
 [32m✓[39m apps/web/src/features/journeys/journeys.test.tsx [2m([22m[2m2 tests[22m[2m)[22m[33m 374[2mms[22m[39m
     [33m[2m✓[22m[39m walks identify, draft, link and approval-blocked scheduling steps [33m 327[2mms[22m[39m
 [32m✓[39m apps/api/src/__tests__/branches-b-20260925.test.ts [2m([22m[2m54 tests[22m[2m)[22m[33m 457[2mms[22m[39m
 [32m✓[39m apps/web/src/features/platform/knowledge-source-catalog.test.tsx [2m([22m[2m1 test[22m[2m)[22m[33m 413[2mms[22m[39m
     [33m[2m✓[22m[39m loads, creates and approves metadata without editing an agent snapshot [33m 412[2mms[22m[39m
 [32m✓[39m apps/web/src/__tests__/audit-checkpoint-app.test.tsx [2m([22m[2m1 test[22m[2m)[22m[33m 335[2mms[22m[39m
     [33m[2m✓[22m[39m seals the loaded evidence page and archives it with CAS [33m 334[2mms[22m[39m
 [32m✓[39m apps/web/src/features/platform/handoff-policy-control-center.test.tsx [2m([22m[2m2 tests[22m[2m)[22m[33m 372[2mms[22m[39m
 [32m✓[39m apps/web/src/features/orchestration/orchestration.test.tsx [2m([22m[2m6 tests[22m[2m)[22m[32m 290[2mms[22m[39m
 [32m✓[39m apps/web/src/__tests__/attendance-approval-conflict.test.tsx [2m([22m[2m2 tests[22m[2m)[22m[33m 325[2mms[22m[39m
 [32m✓[39m apps/api/src/__tests__/platform-control-plane.test.ts [2m([22m[2m9 tests[22m[2m)[22m[33m 350[2mms[22m[39m
 [32m✓[39m apps/web/src/features/platform/prompt-profile-control-center.test.tsx [2m([22m[2m1 test[22m[2m)[22m[32m 254[2mms[22m[39m
 [32m✓[39m tests/aud19-external-evidence.test.js [2m([22m[2m4 tests[22m[2m)[22m[32m 290[2mms[22m[39m
 [32m✓[39m tests/phase11-formal-certification.test.js [2m([22m[2m14 tests[22m[2m)[22m[32m 272[2mms[22m[39m
 [32m✓[39m apps/api/src/__tests__/platform-admin-routes-coverage.test.ts [2m([22m[2m7 tests[22m[2m)[22m[32m 252[2mms[22m[39m
 [32m✓[39m apps/api/src/__tests__/server-boundary-envelope.test.ts [2m([22m[2m12 tests[22m[2m)[22m[32m 251[2mms[22m[39m
 [32m✓[39m apps/api/src/__tests__/published-runtime-integration.test.ts [2m([22m[2m6 tests[22m[2m)[22m[32m 238[2mms[22m[39m
 [32m✓[39m tests/critic-evidence.test.js [2m([22m[2m12 tests[22m[2m)[22m[32m 238[2mms[22m[39m
 [32m✓[39m apps/api/src/__tests__/inbound-runtime-edges.test.ts [2m([22m[2m5 tests[22m[2m)[22m[32m 238[2mms[22m[39m
 [32m✓[39m apps/api/src/__tests__/production-boundary.test.ts [2m([22m[2m9 tests[22m[2m)[22m[32m 211[2mms[22m[39m
 [32m✓[39m apps/web/src/features/dead-letters/dead-letters.test.tsx [2m([22m[2m4 tests[22m[2m)[22m[32m 211[2mms[22m[39m
 [32m✓[39m apps/api/src/__tests__/publish-evidence-authority.test.ts [2m([22m[2m3 tests[22m[2m)[22m[32m 219[2mms[22m[39m
 [32m✓[39m apps/api/src/__tests__/main-telemetry.test.ts [2m([22m[2m6 tests[22m[2m)[22m[32m 238[2mms[22m[39m
 [32m✓[39m apps/api/src/internal-task-field-boundary.test.ts [2m([22m[2m8 tests[22m[2m)[22m[32m 198[2mms[22m[39m
 [32m✓[39m apps/api/src/__tests__/webhook-security.test.ts [2m([22m[2m17 tests[22m[2m | [22m[33m1 skipped[39m[2m)[22m[32m 210[2mms[22m[39m
 [32m✓[39m apps/api/src/__tests__/build-server-from-env-boundary.test.ts [2m([22m[2m8 tests[22m[2m)[22m[32m 214[2mms[22m[39m
 [32m✓[39m apps/api/src/__tests__/operator-identity-rbac.test.ts [2m([22m[2m6 tests[22m[2m)[22m[32m 186[2mms[22m[39m
 [32m✓[39m apps/api/src/__tests__/identity-trusted-resolver.test.ts [2m([22m[2m7 tests[22m[2m)[22m[32m 182[2mms[22m[39m
 [32m✓[39m apps/api/src/http-security.test.ts [2m([22m[2m10 tests[22m[2m)[22m[32m 180[2mms[22m[39m
 [32m✓[39m packages/agent-runtime/src/__tests__/orchestration.test.ts [2m([22m[2m18 tests[22m[2m)[22m[32m 215[2mms[22m[39m
 [32m✓[39m apps/api/src/__tests__/capability-approval-api.test.ts [2m([22m[2m4 tests[22m[2m)[22m[32m 188[2mms[22m[39m
 [32m✓[39m apps/api/src/__tests__/attendance-approval-atomic.test.ts [2m([22m[2m6 tests[22m[2m)[22m[32m 195[2mms[22m[39m
 [32m✓[39m apps/api/src/http-target-boundary.test.ts [2m([22m[2m8 tests[22m[2m)[22m[32m 185[2mms[22m[39m
 [32m✓[39m tests/phase11-2-certification.test.js [2m([22m[2m5 tests[22m[2m)[22m[32m 161[2mms[22m[39m
 [32m✓[39m apps/api/src/__tests__/journey-routes-coverage.test.ts [2m([22m[2m4 tests[22m[2m)[22m[32m 181[2mms[22m[39m
 [32m✓[39m tests/bypass-sql-audit.test.js [2m([22m[2m429 tests[22m[2m)[22m[32m 146[2mms[22m[39m
 [32m✓[39m apps/api/src/__tests__/rate-limit.test.ts [2m([22m[2m5 tests[22m[2m)[22m[32m 169[2mms[22m[39m
 [32m✓[39m tests/architecture.test.js [2m([22m[2m7 tests[22m[2m)[22m[32m 173[2mms[22m[39m
 [32m✓[39m apps/api/src/__tests__/runtime-approval-routes.test.ts [2m([22m[2m4 tests[22m[2m)[22m[32m 155[2mms[22m[39m
 [32m✓[39m apps/api/src/__tests__/secretary-bootstrap.test.ts [2m([22m[2m2 tests[22m[2m)[22m[32m 161[2mms[22m[39m
 [32m✓[39m apps/api/src/__tests__/operator-replay-guard.test.ts [2m([22m[2m5 tests[22m[2m | [22m[33m1 skipped[39m[2m)[22m[32m 166[2mms[22m[39m
 [32m✓[39m apps/api/src/__tests__/audit-evidence.test.ts [2m([22m[2m4 tests[22m[2m)[22m[32m 168[2mms[22m[39m
 [32m✓[39m apps/api/src/__tests__/tenant-inbound-isolation.test.ts [2m([22m[2m4 tests[22m[2m)[22m[32m 168[2mms[22m[39m
 [32m✓[39m packages/chaos/src/__tests__/chaos.test.ts [2m([22m[2m15 tests[22m[2m)[22m[32m 176[2mms[22m[39m
 [32m✓[39m apps/web/src/features/approvals/approvals.test.tsx [2m([22m[2m3 tests[22m[2m)[22m[32m 158[2mms[22m[39m
 [32m✓[39m apps/api/src/approval-request-field-boundary.test.ts [2m([22m[2m5 tests[22m[2m)[22m[32m 148[2mms[22m[39m
 [32m✓[39m apps/api/src/response-correlation.test.ts [2m([22m[2m6 tests[22m[2m)[22m[32m 175[2mms[22m[39m
 [32m✓[39m apps/api/src/rem-risk-boundary.test.ts [2m([22m[2m2 tests[22m[2m)[22m[32m 163[2mms[22m[39m
 [32m✓[39m packages/agent-runtime/src/__tests__/runtime-execution-recovery.test.ts [2m([22m[2m76 tests[22m[2m)[22m[32m 185[2mms[22m[39m
 [32m✓[39m apps/api/src/audit-filter-duplicate-boundary.test.ts [2m([22m[2m6 tests[22m[2m)[22m[32m 160[2mms[22m[39m
 [32m✓[39m apps/api/src/__tests__/http-security-edge-branches.test.ts [2m([22m[2m4 tests[22m[2m)[22m[32m 156[2mms[22m[39m
 [32m✓[39m apps/web/src/features/tasks/tasks.test.tsx [2m([22m[2m2 tests[22m[2m)[22m[32m 158[2mms[22m[39m
 [32m✓[39m tests/aud20-10-composition.test.ts [2m([22m[2m13 tests[22m[2m)[22m[32m 158[2mms[22m[39m
 [32m✓[39m apps/api/src/__tests__/durable-inbound.test.ts [2m([22m[2m3 tests[22m[2m)[22m[32m 150[2mms[22m[39m
 [32m✓[39m packages/model-gateway/src/__tests__/local-http-providers.test.ts [2m([22m[2m12 tests[22m[2m)[22m[32m 170[2mms[22m[39m
 [32m✓[39m apps/api/src/http-request-boundary.test.ts [2m([22m[2m8 tests[22m[2m)[22m[32m 146[2mms[22m[39m
 [32m✓[39m apps/api/src/__tests__/knowledge-input-boundary.test.ts [2m([22m[2m2 tests[22m[2m)[22m[32m 153[2mms[22m[39m
 [32m✓[39m apps/api/src/__tests__/orchestration-observability.test.ts [2m([22m[2m5 tests[22m[2m)[22m[32m 155[2mms[22m[39m
 [32m✓[39m apps/web/src/features/conversations/timeline.test.tsx [2m([22m[2m2 tests[22m[2m)[22m[32m 150[2mms[22m[39m
 [32m✓[39m packages/channel-gateway/src/__tests__/channel-effect-malformed-version.test.ts [2m([22m[2m6 tests[22m[2m)[22m[32m 147[2mms[22m[39m
 [32m✓[39m apps/api/src/__tests__/task-lifecycle.test.ts [2m([22m[2m3 tests[22m[2m)[22m[32m 148[2mms[22m[39m
 [32m✓[39m apps/api/src/pagination-boundary.test.ts [2m([22m[2m5 tests[22m[2m)[22m[32m 154[2mms[22m[39m
 [32m✓[39m apps/api/src/metrics-exposure.test.ts [2m([22m[2m2 tests[22m[2m)[22m[32m 149[2mms[22m[39m
 [32m✓[39m apps/api/src/__tests__/test-suite-catalog.test.ts [2m([22m[2m1 test[22m[2m)[22m[32m 149[2mms[22m[39m
 [32m✓[39m tests/browser-parity-reproducer.test.js [2m([22m[2m3 tests[22m[2m)[22m[32m 155[2mms[22m[39m
 [32m✓[39m apps/api/src/__tests__/audit-evidence-checkpoint.test.ts [2m([22m[2m2 tests[22m[2m)[22m[32m 142[2mms[22m[39m
 [32m✓[39m apps/api/src/__tests__/release-candidate-ledger.test.ts [2m([22m[2m2 tests[22m[2m)[22m[32m 157[2mms[22m[39m
 [32m✓[39m apps/api/src/__tests__/health.test.ts [2m([22m[2m2 tests[22m[2m)[22m[32m 135[2mms[22m[39m
 [32m✓[39m apps/api/src/__tests__/postgres-persistence-mode.test.ts [2m([22m[2m25 tests[22m[2m | [22m[33m7 skipped[39m[2m)[22m[32m 145[2mms[22m[39m
 [32m✓[39m apps/api/src/__tests__/outbox-routes.test.ts [2m([22m[2m3 tests[22m[2m)[22m[32m 143[2mms[22m[39m
 [32m✓[39m apps/api/src/__tests__/conversation-list.test.ts [2m([22m[2m2 tests[22m[2m)[22m[32m 140[2mms[22m[39m
 [32m✓[39m apps/api/src/__tests__/audit-evidence-checkpoint-boundary.test.ts [2m([22m[2m2 tests[22m[2m)[22m[32m 159[2mms[22m[39m
 [32m✓[39m packages/platform/src/__tests__/critical-safety-preflight.test.ts [2m([22m[2m9 tests[22m[2m)[22m[32m 134[2mms[22m[39m
{"event":"worker.sweep_tick","level":"info","timestamp":"2026-10-08T13:38:59.547Z","now":"2026-09-13T00:00:00.000Z","journalReleased":1,"approvalsReleased":2,"approvalsUncertain":1,"goalsInspected":0,"goalsResumed":0,"goalsSkipped":0,"goalsCompleted":0,"goalRecoveryFailures":0,"durationMs":0,"operation":"sweep"}
{"event":"worker.metric","name":"worker_sweep_journal_released_total","value":1,"attributes":{"operation":"sweep"},"timestamp":"2026-10-08T13:38:59.549Z"}
{"event":"worker.metric","name":"worker_sweep_approvals_released_total","value":2,"attributes":{"status":"released"},"timestamp":"2026-10-08T13:38:59.549Z"}
{"event":"worker.metric","name":"worker_sweep_approvals_uncertain_total","value":1,"attributes":{"status":"uncertain"},"timestamp":"2026-10-08T13:38:59.549Z"}
{"event":"worker.metric","name":"worker_sweep_goals_inspected_total","value":0,"attributes":{"operation":"goal_recovery"},"timestamp":"2026-10-08T13:38:59.549Z"}
{"event":"worker.metric","name":"worker_sweep_goals_resumed_total","value":0,"attributes":{"operation":"goal_recovery"},"timestamp":"2026-10-08T13:38:59.549Z"}
{"event":"worker.metric","name":"worker_sweep_goals_completed_total","value":0,"attributes":{"operation":"goal_recovery"},"timestamp":"2026-10-08T13:38:59.549Z"}
{"event":"worker.metric","name":"worker_sweep_goal_recovery_failures_total","value":0,"attributes":{"operation":"goal_recovery"},"timestamp":"2026-10-08T13:38:59.549Z"}
{"event":"worker.started","level":"info","timestamp":"2026-10-08T13:38:59.551Z","workerId":"worker-sweeps-191","concurrency":2,"pollIntervalMs":5,"idleMaxBackoffMs":5000,"errorBackoffMs":500,"errorMaxBackoffMs":30000,"leaseMs":1000,"heartbeatIntervalMs":333,"drainMs":10000,"backlogProbe":true,"sweeps":true,"externalEffects":false,"durable":true}
{"event":"worker.sweep_started","level":"info","timestamp":"2026-10-08T13:38:59.551Z","intervalMs":10,"operation":"sweep"}
{"event":"worker.outbox.summary","level":"info","timestamp":"2026-10-08T13:38:59.551Z","workerId":"worker-sweeps-191","reason":"start","claimed":0,"processed":0,"failed":0,"deadLettered":0,"handoffs":0,"errors":0,"claimFailures":0,"leaseLost":0,"heartbeats":0,"idlePolls":0,"released":0,"lag":null,"inFlight":0}
{"event":"worker.metric","name":"worker_outbox_lag","value":0,"attributes":{"operation":"outbox"},"timestamp":"2026-10-08T13:38:59.552Z"}
{"event":"worker.idle_backoff","level":"debug","timestamp":"2026-10-08T13:38:59.552Z","workerId":"worker-sweeps-191","backoffMs":5,"lag":0}
{"event":"worker.idle_backoff","level":"debug","timestamp":"2026-10-08T13:38:59.558Z","workerId":"worker-sweeps-191","backoffMs":10,"lag":0}
{"event":"worker.sweep_tick","level":"info","timestamp":"2026-10-08T13:38:59.562Z","now":"2026-10-08T13:38:59.562Z","journalReleased":0,"approvalsReleased":0,"approvalsUncertain":0,"goalsInspected":0,"goalsResumed":0,"goalsSkipped":0,"goalsCompleted":0,"goalRecoveryFailures":0,"durationMs":0,"operation":"sweep"}
{"event":"worker.metric","name":"worker_sweep_journal_released_total","value":0,"attributes":{"operation":"sweep"},"timestamp":"2026-10-08T13:38:59.562Z"}
{"event":"worker.metric","name":"worker_sweep_approvals_released_total","value":0,"attributes":{"status":"released"},"timestamp":"2026-10-08T13:38:59.562Z"}
{"event":"worker.metric","name":"worker_sweep_approvals_uncertain_total","value":0,"attributes":{"status":"uncertain"},"timestamp":"2026-10-08T13:38:59.562Z"}
{"event":"worker.metric","name":"worker_sweep_goals_inspected_total","value":0,"attributes":{"operation":"goal_recovery"},"timestamp":"2026-10-08T13:38:59.562Z"}
{"event":"worker.metric","name":"worker_sweep_goals_resumed_total","value":0,"attributes":{"operation":"goal_recovery"},"timestamp":"2026-10-08T13:38:59.562Z"}
{"event":"worker.metric","name":"worker_sweep_goals_completed_total","value":0,"attributes":{"operation":"goal_recovery"},"timestamp":"2026-10-08T13:38:59.562Z"}
{"event":"worker.metric","name":"worker_sweep_goal_recovery_failures_total","value":0,"attributes":{"operation":"goal_recovery"},"timestamp":"2026-10-08T13:38:59.562Z"}
{"event":"worker.sweep_stopped","level":"info","timestamp":"2026-10-08T13:38:59.563Z","operation":"sweep"}
{"event":"worker.outbox.summary","level":"info","timestamp":"2026-10-08T13:38:59.563Z","workerId":"worker-sweeps-191","reason":"stop","claimed":0,"processed":0,"failed":0,"deadLettered":0,"handoffs":0,"errors":0,"claimFailures":0,"leaseLost":0,"heartbeats":0,"idlePolls":2,"released":0,"lag":0,"inFlight":0}
{"event":"worker.stopped","level":"info","timestamp":"2026-10-08T13:38:59.563Z","workerId":"worker-sweeps-191","drained":true,"released":0,"releaseFailed":0,"processed":0,"failed":0,"deadLettered":0,"lag":0}
 [32m✓[39m apps/worker/src/__tests__/worker-sweeps.test.ts [2m([22m[2m7 tests[22m[2m)[22m[32m 142[2mms[22m[39m
 [32m✓[39m apps/web/src/features/audit/audit-checkpoint.test.tsx [2m([22m[2m1 test[22m[2m)[22m[32m 116[2mms[22m[39m
 [32m✓[39m tests/aud20-05-resource-attestation-check.test.js [2m([22m[2m8 tests[22m[2m)[22m[32m 134[2mms[22m[39m
 [32m✓[39m apps/api/src/approval-decision-note-field-boundary.test.ts [2m([22m[2m3 tests[22m[2m)[22m[32m 140[2mms[22m[39m
 [32m✓[39m apps/api/src/prompt-profile-error-boundary.test.ts [2m([22m[2m4 tests[22m[2m)[22m[32m 125[2mms[22m[39m
 [32m✓[39m apps/web/src/features/conversations/conversations.test.tsx [2m([22m[2m1 test[22m[2m)[22m[32m 124[2mms[22m[39m
 [32m✓[39m packages/policy-engine/src/__tests__/aud06-n3-policy.test.ts [2m([22m[2m22 tests[22m[2m)[22m[32m 110[2mms[22m[39m
 [32m✓[39m apps/api/src/__tests__/plugin-catalog.test.ts [2m([22m[2m1 test[22m[2m)[22m[32m 138[2mms[22m[39m
 [32m✓[39m apps/api/src/__tests__/aud17-connected-redteam.test.ts [2m([22m[2m1 test[22m[2m)[22m[32m 125[2mms[22m[39m
 [32m✓[39m apps/api/src/__tests__/small-module-boundaries.test.ts [2m([22m[2m8 tests[22m[2m)[22m[32m 122[2mms[22m[39m
 [32m✓[39m tests/e2e/critical-flows.test.ts [2m([22m[2m1 test[22m[2m)[22m[32m 119[2mms[22m[39m
 [32m✓[39m apps/api/src/__tests__/approval-actions.test.ts [2m([22m[2m1 test[22m[2m)[22m[32m 114[2mms[22m[39m
 [32m✓[39m apps/api/src/__tests__/observability.test.ts [2m([22m[2m1 test[22m[2m)[22m[32m 122[2mms[22m[39m
 [32m✓[39m apps/api/src/__tests__/knowledge-source-catalog.test.ts [2m([22m[2m1 test[22m[2m)[22m[32m 122[2mms[22m[39m
 [32m✓[39m apps/api/src/request-metrics.test.ts [2m([22m[2m3 tests[22m[2m)[22m[32m 127[2mms[22m[39m
 [32m✓[39m apps/api/src/__tests__/audit-route.integration.test.ts [2m([22m[2m1 test[22m[2m)[22m[32m 120[2mms[22m[39m
 [32m✓[39m apps/api/src/__tests__/correlation.test.ts [2m([22m[2m1 test[22m[2m)[22m[32m 120[2mms[22m[39m
 [32m✓[39m apps/api/src/__tests__/journeys-api.test.ts [2m([22m[2m1 test[22m[2m)[22m[32m 116[2mms[22m[39m
 [32m✓[39m packages/platform/src/__tests__/platform-foundation.test.ts [2m([22m[2m20 tests[22m[2m)[22m[32m 109[2mms[22m[39m
 [32m✓[39m packages/shared/src/__tests__/lifecycle.test.ts [2m([22m[2m5 tests[22m[2m)[22m[32m 110[2mms[22m[39m
 [32m✓[39m packages/agent-runtime/src/__tests__/aud06-n3-executor.test.ts [2m([22m[2m16 tests[22m[2m)[22m[32m 100[2mms[22m[39m
 [32m✓[39m tests/aud20-05-replay-grants-probe.test.js [2m([22m[2m6 tests[22m[2m)[22m[32m 104[2mms[22m[39m
 [32m✓[39m packages/channel-gateway/src/__tests__/channel-effect-journal-edges.test.ts [2m([22m[2m9 tests[22m[2m)[22m[32m 106[2mms[22m[39m
 [32m✓[39m packages/platform/src/__tests__/branches-b-20260925.test.ts [2m([22m[2m25 tests[22m[2m)[22m[32m 85[2mms[22m[39m
 [32m✓[39m packages/agent-runtime/src/__tests__/runtime-kernel-coverage.test.ts [2m([22m[2m40 tests[22m[2m)[22m[32m 72[2mms[22m[39m
 [32m✓[39m packages/platform/src/__tests__/safety-assessment.test.ts [2m([22m[2m29 tests[22m[2m)[22m[32m 94[2mms[22m[39m
 [32m✓[39m apps/worker/src/__tests__/postgres-controlled-hardening.test.ts [2m([22m[2m8 tests[22m[2m)[22m[32m 74[2mms[22m[39m
 [32m✓[39m packages/agent-runtime/src/__tests__/runtime-journal.test.ts [2m([22m[2m19 tests[22m[2m)[22m[32m 81[2mms[22m[39m
 [32m✓[39m packages/agent-runtime/src/__tests__/effect-journal.test.ts [2m([22m[2m41 tests[22m[2m)[22m[32m 65[2mms[22m[39m
 [32m✓[39m packages/channel-gateway/src/__tests__/channel-coverage-gateway-journal-paths.test.ts [2m([22m[2m16 tests[22m[2m)[22m[32m 70[2mms[22m[39m
 [32m✓[39m packages/shared/src/__tests__/shared-branches-hardening.test.ts [2m([22m[2m16 tests[22m[2m)[22m[32m 70[2mms[22m[39m
 [32m✓[39m packages/channel-gateway/src/__tests__/channel-coverage-journal-hardening.test.ts [2m([22m[2m12 tests[22m[2m)[22m[32m 72[2mms[22m[39m
 [32m✓[39m packages/agent-runtime/src/__tests__/runtime-branch-hardening.test.ts [2m([22m[2m35 tests[22m[2m)[22m[32m 74[2mms[22m[39m
 [32m✓[39m apps/worker/src/__tests__/postgres-role-preflight-fake-20260925.test.ts [2m([22m[2m22 tests[22m[2m)[22m[32m 62[2mms[22m[39m
 [32m✓[39m packages/platform/src/__tests__/plugin-gateway-hardening.test.ts [2m([22m[2m12 tests[22m[2m)[22m[32m 45[2mms[22m[39m
 [32m✓[39m tests/aud06-state-routing.test.js [2m([22m[2m13 tests[22m[2m)[22m[32m 50[2mms[22m[39m
 [32m✓[39m apps/worker/src/__tests__/postgres-controlled.test.ts [2m([22m[2m6 tests[22m[2m)[22m[32m 58[2mms[22m[39m
{"event":"worker.outbox.summary","level":"info","timestamp":"2026-10-08T13:39:33.916Z","workerId":"worker-branches-b","reason":"stop","claimed":0,"processed":0,"failed":0,"deadLettered":0,"handoffs":0,"errors":0,"claimFailures":0,"leaseLost":0,"heartbeats":0,"idlePolls":0,"released":0,"lag":null,"inFlight":0}
{"event":"worker.stopped","level":"info","timestamp":"2026-10-08T13:39:33.918Z","workerId":"worker-branches-b","drained":true,"released":0,"releaseFailed":0,"processed":0,"failed":0,"deadLettered":0,"lag":null}
{"event":"worker.started","level":"info","timestamp":"2026-10-08T13:39:33.919Z","workerId":"worker-branches-b","concurrency":2,"pollIntervalMs":5,"idleMaxBackoffMs":5000,"errorBackoffMs":500,"errorMaxBackoffMs":30000,"leaseMs":1000,"heartbeatIntervalMs":333,"drainMs":50,"backlogProbe":true,"sweeps":false,"externalEffects":false,"durable":true}
{"event":"worker.outbox.summary","level":"info","timestamp":"2026-10-08T13:39:33.919Z","workerId":"worker-branches-b","reason":"start","claimed":0,"processed":0,"failed":0,"deadLettered":0,"handoffs":0,"errors":0,"claimFailures":0,"leaseLost":0,"heartbeats":0,"idlePolls":0,"released":0,"lag":null,"inFlight":0}
{"event":"worker.metric","name":"worker_outbox_lag","value":0,"attributes":{"operation":"outbox"},"timestamp":"2026-10-08T13:39:33.919Z"}
{"event":"worker.idle_backoff","level":"debug","timestamp":"2026-10-08T13:39:33.919Z","workerId":"worker-branches-b","backoffMs":5,"lag":0}
{"event":"worker.outbox.summary","level":"info","timestamp":"2026-10-08T13:39:33.919Z","workerId":"worker-branches-b","reason":"stop","claimed":0,"processed":0,"failed":0,"deadLettered":0,"handoffs":0,"errors":0,"claimFailures":0,"leaseLost":0,"heartbeats":0,"idlePolls":1,"released":0,"lag":0,"inFlight":0}
{"event":"worker.stopped","level":"info","timestamp":"2026-10-08T13:39:33.920Z","workerId":"worker-branches-b","drained":true,"released":0,"releaseFailed":0,"processed":0,"failed":0,"deadLettered":0,"lag":0}
{"event":"worker.started","level":"info","timestamp":"2026-10-08T13:39:33.920Z","workerId":"worker-branches-b","concurrency":2,"pollIntervalMs":5,"idleMaxBackoffMs":5000,"errorBackoffMs":500,"errorMaxBackoffMs":30000,"leaseMs":1000,"heartbeatIntervalMs":333,"drainMs":50,"backlogProbe":true,"sweeps":false,"externalEffects":false,"durable":true}
{"event":"worker.outbox.summary","level":"info","timestamp":"2026-10-08T13:39:33.920Z","workerId":"worker-branches-b","reason":"start","claimed":0,"processed":0,"failed":0,"deadLettered":0,"handoffs":0,"errors":0,"claimFailures":0,"leaseLost":0,"heartbeats":0,"idlePolls":0,"released":0,"lag":null,"inFlight":0}
{"event":"worker.metric","name":"worker_outbox_lag","value":0,"attributes":{"operation":"outbox"},"timestamp":"2026-10-08T13:39:33.920Z"}
{"event":"worker.idle_backoff","level":"debug","timestamp":"2026-10-08T13:39:33.920Z","workerId":"worker-branches-b","backoffMs":5,"lag":0}
{"event":"worker.outbox.summary","level":"info","timestamp":"2026-10-08T13:39:33.920Z","workerId":"worker-branches-b","reason":"stop","claimed":0,"processed":0,"failed":0,"deadLettered":0,"handoffs":0,"errors":0,"claimFailures":0,"leaseLost":0,"heartbeats":0,"idlePolls":1,"released":0,"lag":0,"inFlight":0}
{"event":"worker.stopped","level":"info","timestamp":"2026-10-08T13:39:33.920Z","workerId":"worker-branches-b","drained":true,"released":0,"releaseFailed":0,"processed":0,"failed":0,"deadLettered":0,"lag":0}
{"event":"worker.started","level":"info","timestamp":"2026-10-08T13:39:33.920Z","workerId":"worker-branches-b","concurrency":2,"pollIntervalMs":5,"idleMaxBackoffMs":5000,"errorBackoffMs":500,"errorMaxBackoffMs":30000,"leaseMs":1000,"heartbeatIntervalMs":333,"drainMs":50,"backlogProbe":true,"sweeps":false,"externalEffects":false,"durable":true}
{"event":"worker.outbox.summary","level":"info","timestamp":"2026-10-08T13:39:33.920Z","workerId":"worker-branches-b","reason":"start","claimed":0,"processed":0,"failed":0,"deadLettered":0,"handoffs":0,"errors":0,"claimFailures":0,"leaseLost":0,"heartbeats":0,"idlePolls":0,"released":0,"lag":null,"inFlight":0}
{"event":"worker.metric","name":"worker_outbox_lag","value":0,"attributes":{"operation":"outbox"},"timestamp":"2026-10-08T13:39:33.921Z"}
{"event":"worker.idle_backoff","level":"debug","timestamp":"2026-10-08T13:39:33.921Z","workerId":"worker-branches-b","backoffMs":5,"lag":0}
{"event":"worker.outbox.summary","level":"info","timestamp":"2026-10-08T13:39:33.921Z","workerId":"worker-branches-b","reason":"stop","claimed":0,"processed":0,"failed":0,"deadLettered":0,"handoffs":0,"errors":0,"claimFailures":0,"leaseLost":0,"heartbeats":0,"idlePolls":1,"released":0,"lag":0,"inFlight":0}
{"event":"worker.stopped","level":"info","timestamp":"2026-10-08T13:39:33.921Z","workerId":"worker-branches-b","drained":true,"released":0,"releaseFailed":0,"processed":0,"failed":0,"deadLettered":0,"lag":0}
{"event":"worker.started","level":"info","timestamp":"2026-10-08T13:39:33.921Z","workerId":"worker-branches-b","concurrency":2,"pollIntervalMs":5,"idleMaxBackoffMs":5000,"errorBackoffMs":500,"errorMaxBackoffMs":30000,"leaseMs":1000,"heartbeatIntervalMs":333,"drainMs":50,"backlogProbe":true,"sweeps":false,"externalEffects":false,"durable":true}
{"event":"worker.outbox.summary","level":"info","timestamp":"2026-10-08T13:39:33.921Z","workerId":"worker-branches-b","reason":"start","claimed":0,"processed":0,"failed":0,"deadLettered":0,"handoffs":0,"errors":0,"claimFailures":0,"leaseLost":0,"heartbeats":0,"idlePolls":0,"released":0,"lag":null,"inFlight":0}
{"event":"worker.metric","name":"worker_outbox_lag","value":0,"attributes":{"operation":"outbox"},"timestamp":"2026-10-08T13:39:33.921Z"}
{"event":"worker.idle_backoff","level":"debug","timestamp":"2026-10-08T13:39:33.921Z","workerId":"worker-branches-b","backoffMs":5,"lag":0}
{"event":"worker.outbox.summary","level":"info","timestamp":"2026-10-08T13:39:33.921Z","workerId":"worker-branches-b","reason":"stop","claimed":0,"processed":0,"failed":0,"deadLettered":0,"handoffs":0,"errors":0,"claimFailures":0,"leaseLost":0,"heartbeats":0,"idlePolls":1,"released":0,"lag":0,"inFlight":0}
{"event":"worker.stopped","level":"info","timestamp":"2026-10-08T13:39:33.921Z","workerId":"worker-branches-b","drained":true,"released":0,"releaseFailed":0,"processed":0,"failed":0,"deadLettered":0,"lag":0}
{"event":"worker.started","level":"info","timestamp":"2026-10-08T13:39:33.922Z","workerId":"worker-branches-b","concurrency":2,"pollIntervalMs":5,"idleMaxBackoffMs":5000,"errorBackoffMs":500,"errorMaxBackoffMs":30000,"leaseMs":1000,"heartbeatIntervalMs":333,"drainMs":50,"backlogProbe":true,"sweeps":false,"externalEffects":false,"durable":true}
{"event":"worker.outbox.summary","level":"info","timestamp":"2026-10-08T13:39:33.922Z","workerId":"worker-branches-b","reason":"start","claimed":0,"processed":0,"failed":0,"deadLettered":0,"handoffs":0,"errors":0,"claimFailures":0,"leaseLost":0,"heartbeats":0,"idlePolls":0,"released":0,"lag":null,"inFlight":0}
{"event":"worker.metric","name":"worker_outbox_lag","value":0,"attributes":{"operation":"outbox"},"timestamp":"2026-10-08T13:39:33.922Z"}
{"event":"worker.idle_backoff","level":"debug","timestamp":"2026-10-08T13:39:33.922Z","workerId":"worker-branches-b","backoffMs":5,"lag":0}
{"event":"worker.outbox.summary","level":"info","timestamp":"2026-10-08T13:39:33.922Z","workerId":"worker-branches-b","reason":"stop","claimed":0,"processed":0,"failed":0,"deadLettered":0,"handoffs":0,"errors":0,"claimFailures":0,"leaseLost":0,"heartbeats":0,"idlePolls":1,"released":0,"lag":0,"inFlight":0}
{"event":"worker.stopped","level":"info","timestamp":"2026-10-08T13:39:33.922Z","workerId":"worker-branches-b","drained":true,"released":0,"releaseFailed":0,"processed":0,"failed":0,"deadLettered":0,"lag":0}
{"event":"worker.started","level":"info","timestamp":"2026-10-08T13:39:33.923Z","workerId":"worker-branches-b","concurrency":2,"pollIntervalMs":5,"idleMaxBackoffMs":5000,"errorBackoffMs":500,"errorMaxBackoffMs":30000,"leaseMs":1000,"heartbeatIntervalMs":333,"drainMs":50,"backlogProbe":true,"sweeps":true,"externalEffects":false,"durable":true}
{"event":"worker.outbox.summary","level":"info","timestamp":"2026-10-08T13:39:33.923Z","workerId":"worker-branches-b","reason":"start","claimed":0,"processed":0,"failed":0,"deadLettered":0,"handoffs":0,"errors":0,"claimFailures":0,"leaseLost":0,"heartbeats":0,"idlePolls":0,"released":0,"lag":null,"inFlight":0}
{"event":"worker.metric","name":"worker_outbox_lag","value":0,"attributes":{"operation":"outbox"},"timestamp":"2026-10-08T13:39:33.923Z"}
{"event":"worker.idle_backoff","level":"debug","timestamp":"2026-10-08T13:39:33.923Z","workerId":"worker-branches-b","backoffMs":5,"lag":0}
{"event":"worker.outbox.summary","level":"info","timestamp":"2026-10-08T13:39:33.923Z","workerId":"worker-branches-b","reason":"stop","claimed":0,"processed":0,"failed":0,"deadLettered":0,"handoffs":0,"errors":0,"claimFailures":0,"leaseLost":0,"heartbeats":0,"idlePolls":1,"released":0,"lag":0,"inFlight":0}
{"event":"worker.stopped","level":"info","timestamp":"2026-10-08T13:39:33.923Z","workerId":"worker-branches-b","drained":true,"released":0,"releaseFailed":0,"processed":0,"failed":0,"deadLettered":0,"lag":0}
{"event":"worker.started","level":"info","timestamp":"2026-10-08T13:39:33.923Z","workerId":"worker-branches-b","concurrency":2,"pollIntervalMs":5,"idleMaxBackoffMs":5000,"errorBackoffMs":500,"errorMaxBackoffMs":30000,"leaseMs":1000,"heartbeatIntervalMs":333,"drainMs":50,"backlogProbe":true,"sweeps":true,"externalEffects":false,"durable":true}
{"event":"worker.outbox.summary","level":"info","timestamp":"2026-10-08T13:39:33.923Z","workerId":"worker-branches-b","reason":"start","claimed":0,"processed":0,"failed":0,"deadLettered":0,"handoffs":0,"errors":0,"claimFailures":0,"leaseLost":0,"heartbeats":0,"idlePolls":0,"released":0,"lag":null,"inFlight":0}
{"event":"worker.sweep_stop_failed","level":"error","timestamp":"2026-10-08T13:39:33.923Z","workerId":"worker-branches-b","error":"[redacted-outbox-error]"}
{"event":"worker.metric","name":"worker_outbox_lag","value":0,"attributes":{"operation":"outbox"},"timestamp":"2026-10-08T13:39:33.924Z"}
{"event":"worker.idle_backoff","level":"debug","timestamp":"2026-10-08T13:39:33.924Z","workerId":"worker-branches-b","backoffMs":5,"lag":0}
{"event":"worker.outbox.summary","level":"info","timestamp":"2026-10-08T13:39:33.924Z","workerId":"worker-branches-b","reason":"stop","claimed":0,"processed":0,"failed":0,"deadLettered":0,"handoffs":0,"errors":0,"claimFailures":0,"leaseLost":0,"heartbeats":0,"idlePolls":1,"released":0,"lag":0,"inFlight":0}
{"event":"worker.stopped","level":"info","timestamp":"2026-10-08T13:39:33.924Z","workerId":"worker-branches-b","drained":true,"released":0,"releaseFailed":0,"processed":0,"failed":0,"deadLettered":0,"lag":0}
 [32m✓[39m apps/worker/src/__tests__/branches-b-20260925.test.ts [2m([22m[2m80 tests[22m[2m)[22m[32m 50[2mms[22m[39m
 [32m✓[39m apps/worker/src/__tests__/published-worker-runtime.test.ts [2m([22m[2m9 tests[22m[2m)[22m[32m 45[2mms[22m[39m
 [32m✓[39m packages/agent-runtime/src/__tests__/runtime-limits.test.ts [2m([22m[2m16 tests[22m[2m)[22m[32m 53[2mms[22m[39m
 [32m✓[39m tests/phase11-certification.test.js [2m([22m[2m3 tests[22m[2m)[22m[32m 53[2mms[22m[39m
 [32m✓[39m packages/platform/src/__tests__/output-policy.test.ts [2m([22m[2m35 tests[22m[2m)[22m[32m 44[2mms[22m[39m
 [32m✓[39m packages/policy-engine/src/__tests__/execution-contract-matrix.test.ts [2m([22m[2m10 tests[22m[2m)[22m[32m 45[2mms[22m[39m
 [32m✓[39m packages/agent-core/src/__tests__/published-agent-runtime.test.ts [2m([22m[2m9 tests[22m[2m)[22m[32m 47[2mms[22m[39m
 [32m✓[39m packages/channel-gateway/src/__tests__/channel-coverage-gateway-hardening.test.ts [2m([22m[2m10 tests[22m[2m)[22m[32m 54[2mms[22m[39m
 [32m✓[39m packages/channel-gateway/src/__tests__/channel-effect-journal.test.ts [2m([22m[2m11 tests[22m[2m)[22m[32m 53[2mms[22m[39m
 [32m✓[39m packages/agent-runtime/src/__tests__/runtime-binding.test.ts [2m([22m[2m17 tests[22m[2m)[22m[32m 45[2mms[22m[39m
 [32m✓[39m apps/worker/src/__tests__/worker.test.ts [2m([22m[2m1 test[22m[2m)[22m[32m 48[2mms[22m[39m
 [32m✓[39m packages/platform/src/__tests__/secretary-preset.test.ts [2m([22m[2m2 tests[22m[2m)[22m[32m 46[2mms[22m[39m
 [32m✓[39m packages/platform/src/__tests__/prompt-profile.test.ts [2m([22m[2m8 tests[22m[2m)[22m[32m 42[2mms[22m[39m
 [32m✓[39m apps/worker/src/__tests__/worker-health.test.ts [2m([22m[2m9 tests[22m[2m)[22m[32m 44[2mms[22m[39m
 [32m✓[39m apps/worker/src/__tests__/kernel-composition-branch-hardening.test.ts [2m([22m[2m79 tests[22m[2m | [22m[33m29 skipped[39m[2m)[22m[32m 41[2mms[22m[39m
 [32m✓[39m packages/agent-runtime/src/__tests__/runtime-legacy-rearm.test.ts [2m([22m[2m8 tests[22m[2m)[22m[32m 38[2mms[22m[39m
 [32m✓[39m packages/platform/src/__tests__/test-lab-events.test.ts [2m([22m[2m5 tests[22m[2m)[22m[32m 44[2mms[22m[39m
 [32m✓[39m packages/platform/src/__tests__/controlled-tool-registry.test.ts [2m([22m[2m5 tests[22m[2m)[22m[32m 37[2mms[22m[39m
 [32m✓[39m packages/persistence/src/__tests__/platform-control-plane-repository.test.ts [2m([22m[2m9 tests[22m[2m)[22m[32m 41[2mms[22m[39m
 [32m✓[39m packages/persistence/src/__tests__/restore-integrity.test.ts [2m([22m[2m12 tests[22m[2m)[22m[32m 39[2mms[22m[39m
 [32m✓[39m packages/observability/src/__tests__/runtime-collector.test.ts [2m([22m[2m28 tests[22m[2m)[22m[32m 37[2mms[22m[39m
 [32m✓[39m packages/agent-runtime/src/__tests__/runtime-sweep-operation-key.test.ts [2m([22m[2m7 tests[22m[2m)[22m[32m 48[2mms[22m[39m
 [32m✓[39m apps/web/src/features/audit/audit-view.test.tsx [2m([22m[2m1 test[22m[2m)[22m[32m 34[2mms[22m[39m
 [32m✓[39m packages/platform/src/__tests__/handoff-policy.test.ts [2m([22m[2m3 tests[22m[2m)[22m[32m 38[2mms[22m[39m
 [32m✓[39m apps/worker/src/__tests__/published-worker-knowledge-boundary.test.ts [2m([22m[2m5 tests[22m[2m)[22m[32m 35[2mms[22m[39m
 [32m✓[39m packages/agent-runtime/src/__tests__/agent-runtime.test.ts [2m([22m[2m9 tests[22m[2m)[22m[32m 38[2mms[22m[39m
 [32m✓[39m packages/channel-gateway/src/__tests__/channel-effect-hash-version.test.ts [2m([22m[2m9 tests[22m[2m)[22m[32m 30[2mms[22m[39m
 [32m✓[39m packages/persistence/src/__tests__/coverage-20260925.test.ts [2m([22m[2m45 tests[22m[2m)[22m[32m 28[2mms[22m[39m
 [32m✓[39m packages/platform/src/__tests__/test-suite-catalog.test.ts [2m([22m[2m2 tests[22m[2m)[22m[32m 32[2mms[22m[39m
 [32m✓[39m apps/api/src/__tests__/tenant-isolation-branch-hardening.test.ts [2m([22m[2m12 tests[22m[2m)[22m[32m 30[2mms[22m[39m
 [32m✓[39m packages/platform/src/__tests__/tool-invocation-boundary.test.ts [2m([22m[2m14 tests[22m[2m)[22m[32m 33[2mms[22m[39m
 [32m✓[39m packages/model-gateway/src/__tests__/gateway-hardening.test.ts [2m([22m[2m36 tests[22m[2m)[22m[32m 29[2mms[22m[39m
 [32m✓[39m packages/platform/src/__tests__/plugin-registry-versioning.test.ts [2m([22m[2m3 tests[22m[2m)[22m[32m 24[2mms[22m[39m
 [32m✓[39m packages/persistence/src/__tests__/tenant-isolation.test.ts [2m([22m[2m14 tests[22m[2m | [22m[33m2 skipped[39m[2m)[22m[32m 26[2mms[22m[39m
 [32m✓[39m packages/platform/src/__tests__/knowledge-resolver.test.ts [2m([22m[2m1 test[22m[2m)[22m[32m 23[2mms[22m[39m
 [32m✓[39m packages/approval-engine/src/__tests__/approval-critical-coverage.test.ts [2m([22m[2m36 tests[22m[2m)[22m[32m 23[2mms[22m[39m
 [32m✓[39m packages/agent-evals/src/__tests__/eval-contract.test.ts [2m([22m[2m16 tests[22m[2m)[22m[32m 22[2mms[22m[39m
 [32m✓[39m packages/observability/src/__tests__/observability.test.ts [2m([22m[2m12 tests[22m[2m)[22m[32m 26[2mms[22m[39m
 [32m✓[39m packages/channel-gateway/src/__tests__/channel-gateway.test.ts [2m([22m[2m14 tests[22m[2m)[22m[32m 21[2mms[22m[39m
 [32m✓[39m packages/platform/src/__tests__/knowledge-input-boundary.test.ts [2m([22m[2m3 tests[22m[2m)[22m[32m 25[2mms[22m[39m
 [32m✓[39m apps/worker/src/__tests__/kernel-composition-state.test.ts [2m([22m[2m12 tests[22m[2m)[22m[32m 18[2mms[22m[39m
 [32m✓[39m packages/approval-engine/src/__tests__/approval-coverage-closure.test.ts [2m([22m[2m14 tests[22m[2m)[22m[32m 22[2mms[22m[39m
 [32m✓[39m packages/persistence/src/__tests__/outbox-edge.test.ts [2m([22m[2m22 tests[22m[2m)[22m[32m 23[2mms[22m[39m
 [32m✓[39m packages/platform/src/__tests__/capability-approval-gateway.test.ts [2m([22m[2m4 tests[22m[2m)[22m[32m 20[2mms[22m[39m
 [32m✓[39m packages/observability/src/__tests__/branches-b-20260925.test.ts [2m([22m[2m19 tests[22m[2m)[22m[32m 17[2mms[22m[39m
 [32m✓[39m packages/agent-evals/src/__tests__/agent-evals.test.ts [2m([22m[2m8 tests[22m[2m)[22m[32m 21[2mms[22m[39m
 [32m✓[39m packages/agent-runtime/src/__tests__/effect-journal-edges.test.ts [2m([22m[2m19 tests[22m[2m)[22m[32m 22[2mms[22m[39m
 [32m✓[39m packages/persistence/src/__tests__/audit-evidence-checkpoint.test.ts [2m([22m[2m3 tests[22m[2m)[22m[32m 19[2mms[22m[39m
 [32m✓[39m packages/agent-evals/src/__tests__/integrated-holdout.test.ts [2m([22m[2m6 tests[22m[2m)[22m[32m 19[2mms[22m[39m
 [32m✓[39m packages/agent-runtime/src/__tests__/capability-action-binding.test.ts [2m([22m[2m3 tests[22m[2m)[22m[32m 23[2mms[22m[39m
 [32m✓[39m packages/persistence/src/__tests__/journeys-postgres.test.ts [2m([22m[2m24 tests[22m[2m | [22m[33m15 skipped[39m[2m)[22m[32m 19[2mms[22m[39m
 [32m✓[39m apps/worker/src/__tests__/kernel-coverage-20260925.test.ts [2m([22m[2m27 tests[22m[2m)[22m[32m 20[2mms[22m[39m
 [32m✓[39m packages/platform/src/__tests__/trace-governance.test.ts [2m([22m[2m14 tests[22m[2m)[22m[32m 25[2mms[22m[39m
 [32m✓[39m packages/persistence/src/__tests__/repository-error-paths.test.ts [2m([22m[2m7 tests[22m[2m)[22m[32m 21[2mms[22m[39m
 [32m✓[39m packages/persistence/src/__tests__/outbox-branch-hardening.test.ts [2m([22m[2m11 tests[22m[2m)[22m[32m 22[2mms[22m[39m
 [32m✓[39m packages/persistence/src/__tests__/branches-b-20260925.test.ts [2m([22m[2m30 tests[22m[2m)[22m[32m 18[2mms[22m[39m
 [32m✓[39m packages/platform/src/__tests__/secretary-preset-hardening.test.ts [2m([22m[2m3 tests[22m[2m)[22m[32m 16[2mms[22m[39m
 [32m✓[39m packages/channel-gateway/src/__tests__/channel-effect-reconciliation-actor.test.ts [2m([22m[2m6 tests[22m[2m)[22m[32m 25[2mms[22m[39m
 [32m✓[39m packages/platform/src/__tests__/event-bus-hardening.test.ts [2m([22m[2m7 tests[22m[2m)[22m[32m 19[2mms[22m[39m
 [32m✓[39m packages/observability/src/__tests__/observability-coverage.test.ts [2m([22m[2m5 tests[22m[2m)[22m[32m 18[2mms[22m[39m
 [32m✓[39m packages/approval-engine/src/__tests__/approval-lifecycle.test.ts [2m([22m[2m19 tests[22m[2m)[22m[32m 19[2mms[22m[39m
 [32m✓[39m packages/platform/src/__tests__/release-candidate-ledger.test.ts [2m([22m[2m5 tests[22m[2m)[22m[32m 21[2mms[22m[39m
 [32m✓[39m packages/persistence/src/__tests__/postgres-migration-smoke.test.ts [2m([22m[2m9 tests[22m[2m | [22m[33m1 skipped[39m[2m)[22m[32m 18[2mms[22m[39m
 [32m✓[39m packages/platform/src/__tests__/approval-authority.test.ts [2m([22m[2m6 tests[22m[2m)[22m[32m 16[2mms[22m[39m
 [32m✓[39m packages/platform/src/__tests__/malformed-model-output.test.ts [2m([22m[2m1 test[22m[2m)[22m[32m 21[2mms[22m[39m
 [32m✓[39m apps/worker/src/__tests__/kernel-composition-postgres.integration.test.ts [2m([22m[2m14 tests[22m[2m | [22m[33m5 skipped[39m[2m)[22m[32m 16[2mms[22m[39m
 [32m✓[39m packages/agent-evals/src/__tests__/branches-b-20260925.test.ts [2m([22m[2m10 tests[22m[2m)[22m[32m 20[2mms[22m[39m
 [32m✓[39m packages/persistence/src/__tests__/audit-evidence-checkpoint-postgres.test.ts [2m([22m[2m2 tests[22m[2m)[22m[32m 19[2mms[22m[39m
 [32m✓[39m packages/persistence/src/__tests__/platform-approval-repository.test.ts [2m([22m[2m3 tests[22m[2m)[22m[32m 16[2mms[22m[39m
 [32m✓[39m packages/platform/src/__tests__/publish-evidence-authority.test.ts [2m([22m[2m4 tests[22m[2m)[22m[32m 18[2mms[22m[39m
 [32m✓[39m packages/observability/src/__tests__/observability-exercise.test.ts [2m([22m[2m4 tests[22m[2m)[22m[32m 16[2mms[22m[39m
 [32m✓[39m packages/approval-engine/src/__tests__/approval-lifecycle-edges.test.ts [2m([22m[2m10 tests[22m[2m)[22m[32m 15[2mms[22m[39m
 [32m✓[39m packages/persistence/src/__tests__/conversation-repository.test.ts [2m([22m[2m15 tests[22m[2m)[22m[32m 17[2mms[22m[39m
 [32m✓[39m packages/approval-engine/src/__tests__/approval-lifecycle-fencing.test.ts [2m([22m[2m6 tests[22m[2m)[22m[32m 13[2mms[22m[39m
 [32m✓[39m packages/observability/src/__tests__/sli-slo-catalog.test.ts [2m([22m[2m4 tests[22m[2m)[22m[32m 16[2mms[22m[39m
 [32m✓[39m packages/persistence/src/__tests__/retention.test.ts [2m([22m[2m27 tests[22m[2m)[22m[32m 17[2mms[22m[39m
 [32m✓[39m packages/model-gateway/src/__tests__/providers.test.ts [2m([22m[2m14 tests[22m[2m)[22m[32m 18[2mms[22m[39m
 [32m✓[39m apps/api/src/__tests__/orchestration-observability-coverage-20260925.test.ts [2m([22m[2m13 tests[22m[2m)[22m[32m 11[2mms[22m[39m
 [32m✓[39m packages/platform/src/__tests__/event-bus.test.ts [2m([22m[2m8 tests[22m[2m)[22m[32m 15[2mms[22m[39m
 [32m✓[39m tests/aud20-10-alerts-ledger.test.ts [2m([22m[2m10 tests[22m[2m)[22m[32m 15[2mms[22m[39m
 [32m✓[39m packages/channel-gateway/src/__tests__/channel-coverage-inbound-adapters.test.ts [2m([22m[2m11 tests[22m[2m)[22m[32m 16[2mms[22m[39m
 [32m✓[39m packages/rag/src/__tests__/institutional-rag-hardening.test.ts [2m([22m[2m8 tests[22m[2m)[22m[32m 15[2mms[22m[39m
 [32m✓[39m packages/platform/src/__tests__/platform-misc-hardening.test.ts [2m([22m[2m6 tests[22m[2m)[22m[32m 16[2mms[22m[39m
 [32m✓[39m packages/agent-core/src/__tests__/receive-inbound-message.test.ts [2m([22m[2m9 tests[22m[2m)[22m[32m 16[2mms[22m[39m
 [32m✓[39m packages/shared/src/__tests__/shared-contracts.test.ts [2m([22m[2m11 tests[22m[2m)[22m[32m 17[2mms[22m[39m
 [32m✓[39m packages/persistence/src/__tests__/outbox.test.ts [2m([22m[2m6 tests[22m[2m)[22m[32m 15[2mms[22m[39m
 [32m✓[39m packages/channel-gateway/src/__tests__/channel-coverage.test.ts [2m([22m[2m6 tests[22m[2m)[22m[32m 15[2mms[22m[39m
 [32m✓[39m packages/channel-gateway/src/__tests__/channel-adapters-branch-hardening.test.ts [2m([22m[2m5 tests[22m[2m)[22m[32m 17[2mms[22m[39m
 [32m✓[39m packages/persistence/src/__tests__/persistence-schema.test.ts [2m([22m[2m7 tests[22m[2m)[22m[32m 14[2mms[22m[39m
 [32m✓[39m packages/channel-gateway/src/__tests__/channel-effect-race.test.ts [2m([22m[2m2 tests[22m[2m)[22m[32m 14[2mms[22m[39m
 [32m✓[39m tests/docs-readiness.test.js [2m([22m[2m7 tests[22m[2m)[22m[32m 15[2mms[22m[39m
 [32m✓[39m packages/persistence/src/__tests__/journey-task-atomicity.test.ts [2m([22m[2m8 tests[22m[2m | [22m[33m2 skipped[39m[2m)[22m[32m 14[2mms[22m[39m
 [32m✓[39m packages/platform/src/__tests__/plugin-catalog.test.ts [2m([22m[2m1 test[22m[2m)[22m[32m 16[2mms[22m[39m
 [32m✓[39m packages/approval-engine/src/__tests__/approval-operation-key.test.ts [2m([22m[2m7 tests[22m[2m)[22m[32m 12[2mms[22m[39m
 [32m✓[39m apps/api/src/__tests__/bootstrap-coverage-20260925.test.ts [2m([22m[2m21 tests[22m[2m)[22m[32m 13[2mms[22m[39m
 [32m✓[39m packages/observability/src/__tests__/collector.test.ts [2m([22m[2m8 tests[22m[2m)[22m[32m 14[2mms[22m[39m
 [32m✓[39m packages/policy-engine/src/__tests__/policy-engine.test.ts [2m([22m[2m14 tests[22m[2m)[22m[32m 13[2mms[22m[39m
 [32m✓[39m apps/worker/src/__tests__/controlled-worker-hardening.test.ts [2m([22m[2m7 tests[22m[2m)[22m[32m 15[2mms[22m[39m
 [32m✓[39m packages/agent-evals/src/__tests__/datasets-coverage-20260925.test.ts [2m([22m[2m6 tests[22m[2m)[22m[32m 13[2mms[22m[39m
 [32m✓[39m packages/persistence/src/__tests__/runtime-trace-correlation.test.ts [2m([22m[2m2 tests[22m[2m)[22m[32m 13[2mms[22m[39m
 [32m✓[39m packages/model-gateway/src/__tests__/edge-coverage.test.ts [2m([22m[2m15 tests[22m[2m)[22m[32m 12[2mms[22m[39m
 [32m✓[39m packages/approval-engine/src/__tests__/approval-engine.test.ts [2m([22m[2m10 tests[22m[2m)[22m[32m 12[2mms[22m[39m
 [32m✓[39m packages/persistence/src/__tests__/outbox-memory.test.ts [2m([22m[2m6 tests[22m[2m)[22m[32m 15[2mms[22m[39m
 [32m✓[39m tests/phase11-score-rubric.test.js [2m([22m[2m6 tests[22m[2m)[22m[32m 10[2mms[22m[39m
 [32m✓[39m packages/persistence/src/__tests__/release-candidate-repository.test.ts [2m([22m[2m3 tests[22m[2m)[22m[32m 13[2mms[22m[39m
 [32m✓[39m apps/worker/src/__tests__/outbox-recovery.test.ts [2m([22m[2m5 tests[22m[2m)[22m[32m 12[2mms[22m[39m
 [32m✓[39m apps/api/src/startup-failure.test.ts [2m([22m[2m8 tests[22m[2m)[22m[32m 12[2mms[22m[39m
 [32m✓[39m apps/api/src/__tests__/request-context.test.ts [2m([22m[2m12 tests[22m[2m)[22m[32m 14[2mms[22m[39m
 [32m✓[39m packages/platform/src/__tests__/model-provider-boundary.test.ts [2m([22m[2m4 tests[22m[2m)[22m[32m 12[2mms[22m[39m
 [32m✓[39m apps/api/src/__tests__/trusted-operator-identity.test.ts [2m([22m[2m10 tests[22m[2m)[22m[32m 12[2mms[22m[39m
 [32m✓[39m packages/persistence/src/__tests__/attendance-approval-atomic.test.ts [2m([22m[2m6 tests[22m[2m)[22m[32m 12[2mms[22m[39m
 [32m✓[39m packages/persistence/src/__tests__/restore.test.ts [2m([22m[2m5 tests[22m[2m)[22m[32m 11[2mms[22m[39m
 [32m✓[39m apps/web/src/features/platform/prompt-profile.test.ts [2m([22m[2m5 tests[22m[2m)[22m[32m 12[2mms[22m[39m
 [32m✓[39m packages/tools/src/__tests__/platform-adapter.test.ts [2m([22m[2m1 test[22m[2m)[22m[32m 10[2mms[22m[39m
 [32m✓[39m packages/policy-engine/src/__tests__/policy-coverage.test.ts [2m([22m[2m6 tests[22m[2m)[22m[32m 12[2mms[22m[39m
 [32m✓[39m packages/persistence/src/__tests__/journeys.test.ts [2m([22m[2m2 tests[22m[2m)[22m[32m 12[2mms[22m[39m
 [32m✓[39m apps/api/src/__tests__/request-query.test.ts [2m([22m[2m7 tests[22m[2m)[22m[32m 10[2mms[22m[39m
 [32m✓[39m apps/web/src/api/audit-evidence-checkpoint-client.test.ts [2m([22m[2m3 tests[22m[2m)[22m[32m 8[2mms[22m[39m
 [32m✓[39m packages/workflows/src/__tests__/persistent-journey.flow.test.ts [2m([22m[2m5 tests[22m[2m)[22m[32m 11[2mms[22m[39m
 [32m✓[39m packages/persistence/src/__tests__/plugin-catalog-repository.test.ts [2m([22m[2m1 test[22m[2m)[22m[32m 10[2mms[22m[39m
 [32m✓[39m packages/observability/src/__tests__/alerts.test.ts [2m([22m[2m9 tests[22m[2m)[22m[32m 9[2mms[22m[39m
 [32m✓[39m apps/worker/src/__tests__/controlled-worker.test.ts [2m([22m[2m2 tests[22m[2m)[22m[32m 8[2mms[22m[39m
 [32m✓[39m apps/api/src/__tests__/identity-key-ring-rotation.test.ts [2m([22m[2m8 tests[22m[2m)[22m[32m 10[2mms[22m[39m
 [32m✓[39m packages/policy-engine/src/__tests__/policy-engine-branch-hardening.test.ts [2m([22m[2m9 tests[22m[2m)[22m[32m 10[2mms[22m[39m
 [32m✓[39m packages/shared/src/__tests__/audit-governance-hardening.test.ts [2m([22m[2m10 tests[22m[2m)[22m[32m 9[2mms[22m[39m
 [32m✓[39m packages/platform/src/__tests__/knowledge-source-catalog.test.ts [2m([22m[2m2 tests[22m[2m)[22m[32m 10[2mms[22m[39m
 [32m✓[39m packages/persistence/src/__tests__/runtime-audit-chain.test.ts [2m([22m[2m2 tests[22m[2m)[22m[32m 9[2mms[22m[39m
 [32m✓[39m packages/policy-engine/src/__tests__/capability-scope.test.ts [2m([22m[2m15 tests[22m[2m)[22m[32m 9[2mms[22m[39m
 [32m✓[39m packages/tools/src/__tests__/journey-tools.test.ts [2m([22m[2m2 tests[22m[2m)[22m[32m 8[2mms[22m[39m
 [32m✓[39m packages/persistence/src/__tests__/runtime-approval-store-branch-hardening.test.ts [2m([22m[2m19 tests[22m[2m | [22m[33m15 skipped[39m[2m)[22m[32m 7[2mms[22m[39m
 [32m✓[39m tests/aud19-certification-guards.test.js [2m([22m[2m9 tests[22m[2m)[22m[32m 10[2mms[22m[39m
 [32m✓[39m packages/chaos/src/__tests__/faults-coverage.test.ts [2m([22m[2m3 tests[22m[2m)[22m[32m 11[2mms[22m[39m
 [32m✓[39m packages/platform/src/__tests__/retention-ledger.test.ts [2m([22m[2m2 tests[22m[2m)[22m[32m 7[2mms[22m[39m
 [32m✓[39m packages/platform/src/__tests__/tool-invocation-boundary-hardening.test.ts [2m([22m[2m9 tests[22m[2m)[22m[32m 8[2mms[22m[39m
 [32m✓[39m packages/approval-engine/src/__tests__/approval-coverage.test.ts [2m([22m[2m3 tests[22m[2m)[22m[32m 8[2mms[22m[39m
 [32m✓[39m apps/web/src/api/release-candidate-client.test.ts [2m([22m[2m3 tests[22m[2m)[22m[32m 8[2mms[22m[39m
 [32m✓[39m apps/worker/src/__tests__/worker-observability.test.ts [2m([22m[2m4 tests[22m[2m)[22m[32m 8[2mms[22m[39m
 [32m✓[39m packages/agent-runtime/src/__tests__/proposal-errors.test.ts [2m([22m[2m10 tests[22m[2m)[22m[32m 8[2mms[22m[39m
 [32m✓[39m tests/phase11-eval-contract.test.js [2m([22m[2m24 tests[22m[2m)[22m[32m 8[2mms[22m[39m
 [32m✓[39m tests/repository-structure.test.js [2m([22m[2m2 tests[22m[2m)[22m[32m 8[2mms[22m[39m
 [32m✓[39m apps/api/src/__tests__/operator-replay-store.test.ts [2m([22m[2m20 tests[22m[2m | [22m[33m3 skipped[39m[2m)[22m[32m 9[2mms[22m[39m
 [32m✓[39m packages/persistence/src/__tests__/audit-repository.test.ts [2m([22m[2m2 tests[22m[2m)[22m[32m 6[2mms[22m[39m
 [32m✓[39m apps/api/src/__tests__/request-context-branches-20260925.test.ts [2m([22m[2m8 tests[22m[2m)[22m[32m 8[2mms[22m[39m
 [32m✓[39m tests/aud20-16-capacity-model.test.js [2m([22m[2m5 tests[22m[2m)[22m[32m 6[2mms[22m[39m
 [32m✓[39m packages/persistence/src/__tests__/retention-renewal.test.ts [2m([22m[2m12 tests[22m[2m)[22m[32m 8[2mms[22m[39m
 [32m✓[39m packages/tools/src/__tests__/local-handlers-hardening.test.ts [2m([22m[2m5 tests[22m[2m)[22m[32m 7[2mms[22m[39m
 [32m✓[39m packages/shared/src/__tests__/ssrf.test.ts [2m([22m[2m34 tests[22m[2m)[22m[32m 8[2mms[22m[39m
 [32m✓[39m packages/agent-runtime/src/__tests__/composition-branch-hardening.test.ts [2m([22m[2m7 tests[22m[2m)[22m[32m 8[2mms[22m[39m
 [32m✓[39m apps/worker/src/__tests__/production-worker-guard.test.ts [2m([22m[2m11 tests[22m[2m)[22m[32m 7[2mms[22m[39m
 [32m✓[39m packages/agent-core/src/__tests__/conversation-session.integration.test.ts [2m([22m[2m1 test[22m[2m)[22m[32m 7[2mms[22m[39m
 [32m✓[39m packages/persistence/src/__tests__/session-version-pinning.test.ts [2m([22m[2m2 tests[22m[2m)[22m[32m 7[2mms[22m[39m
 [32m✓[39m packages/platform/src/__tests__/model-provider.test.ts [2m([22m[2m3 tests[22m[2m)[22m[32m 6[2mms[22m[39m
 [32m✓[39m packages/agent-core/src/__tests__/coverage-20260925.test.ts [2m([22m[2m5 tests[22m[2m)[22m[32m 7[2mms[22m[39m
 [32m✓[39m packages/adapters/src/__tests__/model-adapter.test.ts [2m([22m[2m3 tests[22m[2m)[22m[32m 7[2mms[22m[39m
 [32m✓[39m packages/shared/src/__tests__/http-security-env.test.ts [2m([22m[2m4 tests[22m[2m)[22m[32m 6[2mms[22m[39m
 [32m✓[39m apps/web/src/api/client.test.ts [2m([22m[2m1 test[22m[2m)[22m[32m 5[2mms[22m[39m
 [32m✓[39m tests/aud19-critical-coverage.test.js [2m([22m[2m5 tests[22m[2m)[22m[32m 6[2mms[22m[39m
 [32m✓[39m tests/aud20-19-qualification.test.js [2m([22m[2m5 tests[22m[2m)[22m[32m 6[2mms[22m[39m
 [32m✓[39m packages/adapters/src/__tests__/controlled-delivery.test.ts [2m([22m[2m2 tests[22m[2m)[22m[32m 6[2mms[22m[39m
 [32m✓[39m packages/adapters/src/__tests__/fake-whatsapp-adapter.test.ts [2m([22m[2m2 tests[22m[2m)[22m[32m 4[2mms[22m[39m
 [32m✓[39m packages/shared/src/__tests__/ids-hardening.test.ts [2m([22m[2m3 tests[22m[2m)[22m[32m 5[2mms[22m[39m
 [32m✓[39m tests/ci-workflow-contract.test.js [2m([22m[2m6 tests[22m[2m)[22m[32m 5[2mms[22m[39m
 [32m✓[39m packages/platform/src/__tests__/qualification.test.ts [2m([22m[2m3 tests[22m[2m)[22m[32m 5[2mms[22m[39m
 [32m✓[39m packages/workflows/src/__tests__/intent-workflow.flow.test.ts [2m([22m[2m5 tests[22m[2m)[22m[32m 5[2mms[22m[39m
 [32m✓[39m packages/shared/src/__tests__/canonical.test.ts [2m([22m[2m9 tests[22m[2m)[22m[32m 6[2mms[22m[39m
 [32m✓[39m packages/tools/src/__tests__/tool-registry.test.ts [2m([22m[2m2 tests[22m[2m)[22m[32m 4[2mms[22m[39m
 [32m✓[39m packages/policy/src/__tests__/policy-engine.test.ts [2m([22m[2m3 tests[22m[2m)[22m[32m 4[2mms[22m[39m
 [32m✓[39m packages/agent-core/src/__tests__/internal-task.integration.test.ts [2m([22m[2m1 test[22m[2m)[22m[32m 4[2mms[22m[39m
 [32m✓[39m packages/rag/src/__tests__/institutional-rag.test.ts [2m([22m[2m3 tests[22m[2m)[22m[32m 6[2mms[22m[39m
 [32m✓[39m tests/construction-readiness.test.js [2m([22m[2m4 tests[22m[2m)[22m[32m 5[2mms[22m[39m
 [32m✓[39m packages/persistence/src/__tests__/outbox-durability.test.ts [2m([22m[2m10 tests[22m[2m | [22m[33m8 skipped[39m[2m)[22m[32m 5[2mms[22m[39m
 [32m✓[39m apps/api/src/__tests__/postgres-rate-limit.test.ts [2m([22m[2m7 tests[22m[2m | [22m[33m6 skipped[39m[2m)[22m[32m 4[2mms[22m[39m
 [32m✓[39m packages/shared/src/__tests__/data-classification.test.ts [2m([22m[2m7 tests[22m[2m)[22m[32m 5[2mms[22m[39m
 [32m✓[39m tests/release-candidate-boundary.test.js [2m([22m[2m5 tests[22m[2m)[22m[32m 4[2mms[22m[39m
 [32m✓[39m packages/shared/src/__tests__/auth-identity-mode.test.ts [2m([22m[2m3 tests[22m[2m)[22m[32m 6[2mms[22m[39m
 [32m✓[39m packages/workflows/src/__tests__/handoff-summary.unit.test.ts [2m([22m[2m1 test[22m[2m)[22m[32m 3[2mms[22m[39m
 [32m✓[39m apps/worker/src/__tests__/worker-docker-topology.test.ts [2m([22m[2m4 tests[22m[2m)[22m[32m 3[2mms[22m[39m
 [32m✓[39m tests/vitest-hermetic.test.ts [2m([22m[2m1 test[22m[2m)[22m[32m 4[2mms[22m[39m
 [32m✓[39m packages/persistence/src/__tests__/channel-effect-journal-postgres.test.ts [2m([22m[2m12 tests[22m[2m | [22m[33m11 skipped[39m[2m)[22m[32m 4[2mms[22m[39m
 [32m✓[39m tests/workspace-scripts.test.js [2m([22m[2m2 tests[22m[2m)[22m[32m 4[2mms[22m[39m
 [32m✓[39m packages/persistence/src/__tests__/effect-journal-postgres.test.ts [2m([22m[2m10 tests[22m[2m | [22m[33m9 skipped[39m[2m)[22m[32m 4[2mms[22m[39m
 [32m✓[39m packages/workflows/src/__tests__/triage-safety.flow.test.ts [2m([22m[2m1 test[22m[2m)[22m[32m 3[2mms[22m[39m
 [32m✓[39m packages/policy/src/__tests__/approval-state.integration.test.ts [2m([22m[2m1 test[22m[2m)[22m[32m 3[2mms[22m[39m
 [32m✓[39m apps/worker/src/__tests__/postgres-outbox-bridge.integration.test.ts [2m([22m[2m2 tests[22m[2m | [22m[33m1 skipped[39m[2m)[22m[32m 3[2mms[22m[39m
 [32m✓[39m packages/tools/src/__tests__/owner-patient-tools.integration.test.ts [2m([22m[2m1 test[22m[2m)[22m[32m 4[2mms[22m[39m
 [32m✓[39m packages/workflows/src/__tests__/scheduling-draft.flow.test.ts [2m([22m[2m1 test[22m[2m)[22m[32m 3[2mms[22m[39m
 [32m✓[39m packages/persistence/src/__tests__/session-version-pinning-postgres.test.ts [2m([22m[2m2 tests[22m[2m | [22m[33m1 skipped[39m[2m)[22m[32m 3[2mms[22m[39m
 [32m✓[39m packages/platform/src/__tests__/handoff.test.ts [2m([22m[2m2 tests[22m[2m)[22m[32m 4[2mms[22m[39m
 [32m✓[39m apps/worker/src/__tests__/postgres-role-preflight.test.ts [2m([22m[2m13 tests[22m[2m | [22m[33m12 skipped[39m[2m)[22m[32m 3[2mms[22m[39m
 [32m✓[39m packages/memory/src/__tests__/memory-facts.test.ts [2m([22m[2m1 test[22m[2m)[22m[32m 3[2mms[22m[39m
 [32m✓[39m packages/workflows/src/__tests__/institutional-rag-safe.flow.test.ts [2m([22m[2m1 test[22m[2m)[22m[32m 3[2mms[22m[39m
 [2m[90m↓[39m[22m apps/api/src/__tests__/journeys-api-postgres.test.ts [2m([22m[2m10 tests[22m[2m | [22m[33m10 skipped[39m[2m)[22m
 [2m[90m↓[39m[22m apps/worker/src/__tests__/continuous-worker-entrypoint.integration.test.ts [2m([22m[2m2 tests[22m[2m | [22m[33m2 skipped[39m[2m)[22m
 [2m[90m↓[39m[22m apps/worker/src/__tests__/continuous-worker-postgres.integration.test.ts [2m([22m[2m3 tests[22m[2m | [22m[33m3 skipped[39m[2m)[22m
 [2m[90m↓[39m[22m apps/worker/src/__tests__/kernel-durable-orchestrator-postgres.test.ts [2m([22m[2m6 tests[22m[2m | [22m[33m6 skipped[39m[2m)[22m
 [2m[90m↓[39m[22m packages/chaos/src/__tests__/chaos-postgres.test.ts [2m([22m[2m2 tests[22m[2m | [22m[33m2 skipped[39m[2m)[22m
 [2m[90m↓[39m[22m packages/persistence/src/__tests__/attendance-approval-postgres.test.ts [2m([22m[2m1 test[22m[2m | [22m[33m1 skipped[39m[2m)[22m
 [2m[90m↓[39m[22m packages/persistence/src/__tests__/goal-concurrency-postgres.test.ts [2m([22m[2m8 tests[22m[2m | [22m[33m8 skipped[39m[2m)[22m
 [2m[90m↓[39m[22m packages/persistence/src/__tests__/orchestrator-postgres.test.ts [2m([22m[2m5 tests[22m[2m | [22m[33m5 skipped[39m[2m)[22m
 [2m[90m↓[39m[22m packages/persistence/src/__tests__/platform-approval-postgres.test.ts [2m([22m[2m2 tests[22m[2m | [22m[33m2 skipped[39m[2m)[22m
 [2m[90m↓[39m[22m packages/persistence/src/__tests__/platform-postgres-smoke.test.ts [2m([22m[2m5 tests[22m[2m | [22m[33m5 skipped[39m[2m)[22m
 [2m[90m↓[39m[22m packages/persistence/src/__tests__/retention-postgres.test.ts [2m([22m[2m13 tests[22m[2m | [22m[33m13 skipped[39m[2m)[22m
 [2m[90m↓[39m[22m packages/persistence/src/__tests__/runtime-approval-store-postgres.test.ts [2m([22m[2m14 tests[22m[2m | [22m[33m14 skipped[39m[2m)[22m

[2m Test Files [22m [1m[32m322 passed[39m[22m[2m | [22m[33m12 skipped[39m[90m (334)[39m
[2m      Tests [22m [1m[32m4338 passed[39m[22m[2m | [22m[33m200 skipped[39m[90m (4538)[39m
[2m   Start at [22m 13:29:22
[2m   Duration [22m 769.56s[2m (transform 5.41s, setup 0ms, import 44.39s, tests 504.79s, environment 185.23s)[22m

JSON report written to /tmp/cvg-aud06-certification-aottnvx0/repo/certification/phase11/logs/unit-report.json


