$ npm run verify
# certificationId=phase11-f15cece0c6784845-muznvvts
# candidateId=f15cece0c6784845acf939d7ef04fca1686fc54689b8bf5606139c31814acca0
# commit=7c1fdfc488664c365b4df6423d1b81c60e27ac22
# treeHash=4cdf59ff11007f8732b59ba8ddf1759ecaaf3e4d276fb89eff7f29d67025f283
# gate=verify
# profile=CONTROLLED_LOCAL
# databaseConfigured=false
# realEffects=disabled
# exitCode=0 durationMs=1533315


> cvg-claw@1.0.0 verify
> npm run format:check && npm run docs:check && npm run typecheck && npm run lint && npm run build && npm test && npm run test:coverage && npm run audit:security


> cvg-claw@1.0.0 format:check
> prettier --check .

Checking formatting...
All matched files use Prettier code style!

> cvg-claw@1.0.0 docs:check
> node scripts/docs-check.mjs

{
  "schemaVersion": 1,
  "kind": "aud19-documentation-check",
  "valid": true,
  "links": {
    "checked": 2666,
    "broken": []
  },
  "json": {
    "checked": 1620,
    "invalid": []
  },
  "states": {
    "declared": [
      "WAITING_HUMAN_APPROVAL",
      "READY_FOR_NEXT_STEP"
    ],
    "unexpected": []
  },
  "nextAction": {
    "valid": true,
    "reason": null,
    "runtimeStateAction": "conferir os recibos da certificação local AUD06-13 do candidato congelado; com autoridade de publicação, validar Verify/Security remotos do mesmo SHA; manter AUD06-11 e AUD06-14 sem aceite.",
    "currentIndexAction": "conferir os recibos da certificação local AUD06-13 do candidato congelado; com autoridade de publicação, validar Verify/Security remotos do mesmo SHA; manter AUD06-11 e AUD06-14 sem aceite."
  },
  "semantic": {
    "valid": true,
    "failures": [],
    "state": {
      "valid": true,
      "failures": []
    },
    "node": {
      "valid": true,
      "failures": []
    },
    "observedNode": "v22.23.2"
  }
}

> cvg-claw@1.0.0 typecheck
> tsc -p tsconfig.typecheck.json --noEmit


> cvg-claw@1.0.0 lint
> eslint .


> cvg-claw@1.0.0 build
> npm run typecheck && npm run build:web


> cvg-claw@1.0.0 typecheck
> tsc -p tsconfig.typecheck.json --noEmit


> cvg-claw@1.0.0 build:web
> vite --config vite.config.mts build apps/web

[36mvite v8.2.2 [32mbuilding client environment for production...[36m[39m
transforming...
✓ 166 modules transformed.
rendering chunks...
computing gzip size...
apps/web/dist/index.html                   0.40 kB │ gzip:   0.27 kB
apps/web/dist/assets/index-D6AUeih4.css   30.57 kB │ gzip:   6.28 kB
apps/web/dist/assets/index-B8BMOsdI.js   405.28 kB │ gzip: 114.78 kB

[32m✓ built in 415ms[39m

> cvg-claw@1.0.0 test
> vitest run --no-file-parallelism --maxWorkers=2


[1m[30m[46m RUN [49m[39m[22m [36mv4.1.11 [39m[90m/tmp/cvg-aud06-certification-aottnvx0/repo[39m

 [32m✓[39m tests/phase11-bypass-audit.test.js [2m([22m[2m1041 tests[22m[2m)[22m[33m 372516[2mms[22m[39m
     [33m[2m✓[22m[39m expands every identifier in a fixed readiness table list [33m 351[2mms[22m[39m
     [33m[2m✓[22m[39m does not grant mutable or mixed-table SQL a static exemption: const tables = ["api_rate_limit_buckets", "billing_items"] as const; for (const table of tables) { client.query(`DELETE FROM ${table} WHERE id=$1`) } [33m 361[2mms[22m[39m
     [33m[2m✓[22m[39m does not grant mutable or mixed-table SQL a static exemption: const tables = ["api_rate_limit_buckets"]; tables.push("billing_items"); for (const table of tables) { client.query(`DELETE FROM ${table} WHERE id=$1`) } [33m 349[2mms[22m[39m
     [33m[2m✓[22m[39m does not grant mutable or mixed-table SQL a static exemption: let sql = "SELECT 1"; sql = "DELETE FROM billing_items"; client.query(sql) [33m 349[2mms[22m[39m
     [33m[2m✓[22m[39m does not grant mutable or mixed-table SQL a static exemption: const config = {text:"SELECT 1"}; config.text = "DELETE FROM billing_items"; client.query(config) [33m 338[2mms[22m[39m
     [33m[2m✓[22m[39m rejects actual executable effects or unresolved query: f\u0065tch("https://example.invalid") [33m 348[2mms[22m[39m
     [33m[2m✓[22m[39m rejects actual executable effects or unresolved query: globalThis["f\u0065tch"]("https://example.invalid") [33m 342[2mms[22m[39m
     [33m[2m✓[22m[39m rejects actual executable effects or unresolved query: const fn = fetch; fn("https://example.invalid") [33m 346[2mms[22m[39m
     [33m[2m✓[22m[39m rejects actual executable effects or unresolved query: const fn = fetch.bind(globalThis); fn("https://example.invalid") [33m 346[2mms[22m[39m
     [33m[2m✓[22m[39m rejects actual executable effects or unresolved query: const run = client.query; run("DELETE FROM billing_items") [33m 349[2mms[22m[39m
     [33m[2m✓[22m[39m rejects actual executable effects or unresolved query: (fetch as typeof fetch)("https://example.invalid") [33m 345[2mms[22m[39m
     [33m[2m✓[22m[39m rejects actual executable effects or unresolved query: fetch!.apply(globalThis,["https://example.invalid"]) [33m 363[2mms[22m[39m
     [33m[2m✓[22m[39m rejects actual executable effects or unresolved query: client.query({text:"DELETE FROM billing_items", values:[]}) [33m 344[2mms[22m[39m
     [33m[2m✓[22m[39m rejects actual executable effects or unresolved query: client.query(unknownStatement) [33m 341[2mms[22m[39m
     [33m[2m✓[22m[39m recognizes only the existing pure parameter forwarder [33m 338[2mms[22m[39m
     [33m[2m✓[22m[39m does not exempt writes/effects in the forwarding file: const adapter = {query: (text, values) => client.query("DELETE FROM billing_items", values)} [33m 345[2mms[22m[39m
     [33m[2m✓[22m[39m does not exempt writes/effects in the forwarding file: const adapter = {query: (text, values) => client.query(text + " DELETE FROM billing_items", values)} [33m 353[2mms[22m[39m
     [33m[2m✓[22m[39m does not exempt writes/effects in the forwarding file: const adapter = {query: (text, values) => { fetch("https://example.invalid"); return client.query(text, values) }} [33m 364[2mms[22m[39m
     [33m[2m✓[22m[39m admits static quota metadata only: INSERT INTO api_rate_limit_buckets (namespace) VALUES ($1) ON CONFLICT (namespace) DO UPDATE SET request_count = 2 [33m 361[2mms[22m[39m
     [33m[2m✓[22m[39m admits static quota metadata only: DELETE FROM api_rate_limit_buckets WHERE reset_at <= clock_timestamp() [33m 356[2mms[22m[39m
     [33m[2m✓[22m[39m admits static quota metadata only: UPDATE api_rate_limit_buckets SET request_count = 2 [33m 350[2mms[22m[39m
     [33m[2m✓[22m[39m admits static quota metadata only: iNsErT /* reviewed quota */ INTO
 api_rate_limit_buckets (namespace) VALUES ($1) [33m 339[2mms[22m[39m
     [33m[2m✓[22m[39m rejects domain, mixed or unknown SQL within quota file: INSERT INTO patient_records (id) VALUES ($1) [33m 377[2mms[22m[39m
     [33m[2m✓[22m[39m rejects domain, mixed or unknown SQL within quota file: UPDATE appointments SET status = $1 [33m 349[2mms[22m[39m
     [33m[2m✓[22m[39m rejects domain, mixed or unknown SQL within quota file: DELETE FROM billing_items WHERE id = $1 [33m 349[2mms[22m[39m
     [33m[2m✓[22m[39m rejects domain, mixed or unknown SQL within quota file: INSERT INTO api_rate_limit_buckets VALUES ($1); INSERT INTO billing_items VALUES ($2) [33m 365[2mms[22m[39m
     [33m[2m✓[22m[39m rejects domain, mixed or unknown SQL within quota file: WITH deleted AS (DELETE FROM patient_records RETURNING id) INSERT INTO api_rate_limit_buckets SELECT id FROM deleted [33m 345[2mms[22m[39m
     [33m[2m✓[22m[39m rejects domain, mixed or unknown SQL within quota file: INSERT INTO ${table} VALUES ($1) [33m 357[2mms[22m[39m
     [33m[2m✓[22m[39m rejects domain, mixed or unknown SQL within quota file: UPDATE ${table} SET value = $1 [33m 350[2mms[22m[39m
     [33m[2m✓[22m[39m rejects domain, mixed or unknown SQL within quota file: UPDATE ${ tableName } SET value = $1 [33m 357[2mms[22m[39m
     [33m[2m✓[22m[39m rejects domain, mixed or unknown SQL within quota file: UPDATE "patient records" SET value = $1 [33m 364[2mms[22m[39m
     [33m[2m✓[22m[39m rejects domain, mixed or unknown SQL within quota file: UPDATE "public"."billing items" AS target SET value = $1 [33m 376[2mms[22m[39m
     [33m[2m✓[22m[39m rejects domain, mixed or unknown SQL within quota file: DELETE FROM ${table} WHERE id = $1 [33m 363[2mms[22m[39m
     [33m[2m✓[22m[39m rejects domain, mixed or unknown SQL within quota file: INSERT INTO public.api_rate_limit_buckets VALUES ($1) [33m 365[2mms[22m[39m
     [33m[2m✓[22m[39m rejects domain, mixed or unknown SQL within quota file: INSERT INTO api_rate_limit_buckets_evil VALUES ($1) [33m 354[2mms[22m[39m
     [33m[2m✓[22m[39m rejects domain, mixed or unknown SQL within quota file: uPdAtE /* disguised */ patient_records SET value = $1 [33m 366[2mms[22m[39m
     [33m[2m✓[22m[39m rejects domain, mixed or unknown SQL within quota file: DELETE /* disguised */ FROM
 appointments WHERE id = $1 [33m 344[2mms[22m[39m
     [33m[2m✓[22m[39m rejects domain, mixed or unknown SQL within quota file: INSERT INTO "billing_items" VALUES ($1) [33m 346[2mms[22m[39m
     [33m[2m✓[22m[39m rejects quota SQL in another source file [33m 355[2mms[22m[39m
     [33m[2m✓[22m[39m rejects external effects in quota file: fetch("https://example.invalid") [33m 353[2mms[22m[39m
     [33m[2m✓[22m[39m rejects external effects in quota file: sendMessage("synthetic") [33m 355[2mms[22m[39m
     [33m[2m✓[22m[39m preserves existing replay store exception: apps/api/src/webhook-security.ts [33m 347[2mms[22m[39m
     [33m[2m✓[22m[39m preserves existing replay store exception: apps/api/src/operator-replay-store.ts [33m 337[2mms[22m[39m
     [33m[2m✓[22m[39m includes untracked source files in the governed inventory [33m 346[2mms[22m[39m
     [33m[2m✓[22m[39m ignores comments without masking following domain writes [33m 334[2mms[22m[39m
     [33m[2m✓[22m[39m does not mistake a read-only privilege diagnostic for UPDATE SQL [33m 354[2mms[22m[39m
     [33m[2m✓[22m[39m fails closed when Git inventory cannot be read [33m 324[2mms[22m[39m
     [33m[2m✓[22m[39m 'positive-quota' [33m 347[2mms[22m[39m
     [33m[2m✓[22m[39m 'plain-domain-update' [33m 349[2mms[22m[39m
     [33m[2m✓[22m[39m 'mixed-quoted-alias' [33m 358[2mms[22m[39m
     [33m[2m✓[22m[39m 'update-quoted-alias' [33m 372[2mms[22m[39m
     [33m[2m✓[22m[39m 'delete-sql-line-comment' [33m 365[2mms[22m[39m
     [33m[2m✓[22m[39m 'update-sql-line-comment' [33m 365[2mms[22m[39m
     [33m[2m✓[22m[39m 'url-mask-domain' [33m 354[2mms[22m[39m
     [33m[2m✓[22m[39m 'mixed-cte-quoted-alias' [33m 341[2mms[22m[39m
     [33m[2m✓[22m[39m 'dynamic-quoted-alias' [33m 366[2mms[22m[39m
     [33m[2m✓[22m[39m 'positive-comment-only' [33m 341[2mms[22m[39m
     [33m[2m✓[22m[39m 'untracked-domain' [33m 353[2mms[22m[39m
     [33m[2m✓[22m[39m 'path-test-substring' [33m 326[2mms[22m[39m
     [33m[2m✓[22m[39m 'quota-quoted-target' [33m 360[2mms[22m[39m
     [33m[2m✓[22m[39m 'quota-schema-target' [33m 341[2mms[22m[39m
     [33m[2m✓[22m[39m 'positive-benign-url' [33m 348[2mms[22m[39m
     [33m[2m✓[22m[39m 'domain-after-block-comment' [33m 348[2mms[22m[39m
     [33m[2m✓[22m[39m 'tracked-path-test-substring' [33m 340[2mms[22m[39m
     [33m[2m✓[22m[39m 'real-test-ignored' [33m 322[2mms[22m[39m
     [33m[2m✓[22m[39m 'read-only-diagnostic' [33m 352[2mms[22m[39m
     [33m[2m✓[22m[39m 'positive-plain-quota-alias' [33m 364[2mms[22m[39m
     [33m[2m✓[22m[39m 'domain-quoted-alias-outside-exception' [33m 346[2mms[22m[39m
     [33m[2m✓[22m[39m retains forbidden effects after lexical normalization: const expression = /["']/; client.query(`DELETE FROM billing_items WHERE id=$1`) [33m 351[2mms[22m[39m
     [33m[2m✓[22m[39m retains forbidden effects after lexical normalization: const marker = "/*"; client.query(`INSERT INTO appointments VALUES ($1)`) [33m 350[2mms[22m[39m
     [33m[2m✓[22m[39m retains forbidden effects after lexical normalization: client.query("UPDATE patient_records AS \"target\" SET value=$1") [33m 350[2mms[22m[39m
     [33m[2m✓[22m[39m retains forbidden effects after lexical normalization: client.query(`INSERT INTO api_rate_limit_buckets VALUES ('-- literal'); DELETE FROM billing_items WHERE id=$1`) [33m 349[2mms[22m[39m
     [33m[2m✓[22m[39m retains forbidden effects after lexical normalization: const value = `${fetch("https://example.invalid")}` [33m 348[2mms[22m[39m
     [33m[2m✓[22m[39m rejects recognized writes with unresolved targets: client.query(`UPDATE patient_records * SET value=$1`) [33m 356[2mms[22m[39m
     [33m[2m✓[22m[39m rejects recognized writes with unresolved targets: client.query(`UPDATE ONLY (patient_records) SET value=$1`) [33m 342[2mms[22m[39m
     [33m[2m✓[22m[39m rejects recognized writes with unresolved targets: client.query("UPDATE " + table + " SET value=$1") [33m 357[2mms[22m[39m
     [33m[2m✓[22m[39m ignores SQL comment prose while retaining read-only SQL [33m 341[2mms[22m[39m
     [33m[2m✓[22m[39m preserves SQL values and ordinary constants: client.query(`SELECT has_table_privilege(current_user, 'patient_records', 'UPDATE')`) [33m 371[2mms[22m[39m
     [33m[2m✓[22m[39m preserves SQL values and ordinary constants: client.query(`INSERT INTO api_rate_limit_buckets VALUES ('DELETE FROM billing_items')`) [33m 358[2mms[22m[39m
     [33m[2m✓[22m[39m preserves SQL values and ordinary constants: const method = "DELETE"; const endpoint = "https://example.invalid" [33m 368[2mms[22m[39m
     [33m[2m✓[22m[39m fails closed on syntactically invalid source [33m 341[2mms[22m[39m
     [33m[2m✓[22m[39m 'sql-value-fetch-expression' [33m 359[2mms[22m[39m
     [33m[2m✓[22m[39m 'sql-comment-fetch-expression' [33m 362[2mms[22m[39m
     [33m[2m✓[22m[39m 'sql-blockcomment-send-expression' [33m 352[2mms[22m[39m
     [33m[2m✓[22m[39m 'sql-value-pure-expression' [33m 349[2mms[22m[39m
     [33m[2m✓[22m[39m 'SQL-standard-backslash-value' [33m 356[2mms[22m[39m
     [33m[2m✓[22m[39m 'SQL-escaped-value-positive' [33m 361[2mms[22m[39m
     [33m[2m✓[22m[39m rejects real expressions and following writes: client.query(`SELECT '${`inner${fetch("https://example.invalid")}`}'`) [33m 351[2mms[22m[39m
     [33m[2m✓[22m[39m rejects real expressions and following writes: sqlTag`SELECT /* ${sendMessage("synthetic")} */ 1` [33m 341[2mms[22m[39m
     [33m[2m✓[22m[39m rejects real expressions and following writes: fetch`https://example.invalid` [33m 346[2mms[22m[39m
     [33m[2m✓[22m[39m rejects real expressions and following writes: globalThis.fetch`https://example.invalid` [33m 345[2mms[22m[39m
     [33m[2m✓[22m[39m rejects real expressions and following writes: client.query(`INSERT INTO api_rate_limit_buckets VALUES ($1); UPDATE api_rate_limit_buckets AS "b'x" SET request_count=2; DELETE FROM billing_items WHERE id=$1`) [33m 355[2mms[22m[39m
     [33m[2m✓[22m[39m retains inert explicitly escaped SQL strings [33m 355[2mms[22m[39m
     [33m[2m✓[22m[39m preserves a pure tagged-template interpolation [33m 342[2mms[22m[39m
     [33m[2m✓[22m[39m 'host-optional-fetch' [33m 342[2mms[22m[39m
     [33m[2m✓[22m[39m 'host-parenthesized-fetch' [33m 353[2mms[22m[39m
     [33m[2m✓[22m[39m 'host-bracket-fetch' [33m 385[2mms[22m[39m
     [33m[2m✓[22m[39m 'host-generic-fetch' [33m 344[2mms[22m[39m
     [33m[2m✓[22m[39m 'host-optional-message' [33m 343[2mms[22m[39m
     [33m[2m✓[22m[39m 'host-parenthesized-message' [33m 361[2mms[22m[39m
     [33m[2m✓[22m[39m 'host-axios-post' [33m 343[2mms[22m[39m
     [33m[2m✓[22m[39m 'host-fetch-call' [33m 336[2mms[22m[39m
     [33m[2m✓[22m[39m 'host-sql-value-optional' [33m 350[2mms[22m[39m
     [33m[2m✓[22m[39m 'benign-fetch-string' [33m 333[2mms[22m[39m
     [33m[2m✓[22m[39m 'benign-message-string' [33m 343[2mms[22m[39m
     [33m[2m✓[22m[39m 'benign-plain-template' [33m 332[2mms[22m[39m
     [33m[2m✓[22m[39m 'unknown-opaque-quota-update' [33m 340[2mms[22m[39m
     [33m[2m✓[22m[39m 'unknown-incomplete-quota-update' [33m 335[2mms[22m[39m
     [33m[2m✓[22m[39m 'dollar-comment-value-domain-definitive' [33m 361[2mms[22m[39m
     [33m[2m✓[22m[39m 'dollar-comment-domain' [33m 334[2mms[22m[39m
     [33m[2m✓[22m[39m 'dollar-select-domain' [33m 354[2mms[22m[39m
     [33m[2m✓[22m[39m 'tagged-dollar-comment-domain' [33m 344[2mms[22m[39m
     [33m[2m✓[22m[39m 'dollar-inert-value' [33m 343[2mms[22m[39m
     [33m[2m✓[22m[39m 'read-only-quoted-identifier' [33m 358[2mms[22m[39m
     [33m[2m✓[22m[39m 'read-only-quoted-update-identifier' [33m 337[2mms[22m[39m
     [33m[2m✓[22m[39m 'quota-comment-external-call' [33m 338[2mms[22m[39m
     [33m[2m✓[22m[39m 'unknown-leading-semicolon' [33m 357[2mms[22m[39m
     [33m[2m✓[22m[39m 'read-only-select-for-update' [33m 359[2mms[22m[39m
     [33m[2m✓[22m[39m 'read-only-select-for-update-of' [33m 385[2mms[22m[39m
     [33m[2m✓[22m[39m 'inert_host_literals' [33m 373[2mms[22m[39m
     [33m[2m✓[22m[39m 'sql_shadow_param' [33m 347[2mms[22m[39m
     [33m[2m✓[22m[39m 'sql_shadow_catch' [33m 350[2mms[22m[39m
     [33m[2m✓[22m[39m 'sql_destructure_shadow' [33m 361[2mms[22m[39m
     [33m[2m✓[22m[39m 'sql_config_duplicate' [33m 337[2mms[22m[39m
     [33m[2m✓[22m[39m 'sql_config_spread_later' [33m 351[2mms[22m[39m
     [33m[2m✓[22m[39m 'sql_config_static_computed' [33m 344[2mms[22m[39m
     [33m[2m✓[22m[39m 'sql_config_alias_mutation' [33m 346[2mms[22m[39m
     [33m[2m✓[22m[39m 'sql_config_assign' [33m 349[2mms[22m[39m
     [33m[2m✓[22m[39m 'finite_loop_direct_mutation' [33m 341[2mms[22m[39m
     [33m[2m✓[22m[39m 'finite_loop_alias_mutation' [33m 343[2mms[22m[39m
     [33m[2m✓[22m[39m 'finite_loop_computed_mutation' [33m 365[2mms[22m[39m
     [33m[2m✓[22m[39m 'finite_loop_assign_mutation' [33m 350[2mms[22m[39m
     [33m[2m✓[22m[39m 'finite_loop_shadow' [33m 359[2mms[22m[39m
     [33m[2m✓[22m[39m 'static_object_alias_effect' [33m 346[2mms[22m[39m
     [33m[2m✓[22m[39m 'destructure_global_effect' [33m 341[2mms[22m[39m
     [33m[2m✓[22m[39m 'import_renamed_effect' [33m 349[2mms[22m[39m
     [33m[2m✓[22m[39m 'query_destructure' [33m 374[2mms[22m[39m
     [33m[2m✓[22m[39m 'query_wrapper_known' [33m 354[2mms[22m[39m
     [33m[2m✓[22m[39m 'literal_method_shadow' [33m 329[2mms[22m[39m
     [33m[2m✓[22m[39m 'literal_query_shadow' [33m 346[2mms[22m[39m
     [33m[2m✓[22m[39m 'shadow_param_no_outer_binding' [33m 348[2mms[22m[39m
     [33m[2m✓[22m[39m 'config_spread_before_good' [33m 339[2mms[22m[39m
     [33m[2m✓[22m[39m 'config_unknown_spread_after' [33m 354[2mms[22m[39m
     [33m[2m✓[22m[39m 'config_getter_overrides' [33m 349[2mms[22m[39m
     [33m[2m✓[22m[39m 'finite_loop_alias_benign' [33m 360[2mms[22m[39m
     [33m[2m✓[22m[39m 'finite_loop_indirect_splice' [33m 352[2mms[22m[39m
     [33m[2m✓[22m[39m 'host_import_unaliased' [33m 354[2mms[22m[39m
     [33m[2m✓[22m[39m 'host_import_axios_renamed' [33m 365[2mms[22m[39m
     [33m[2m✓[22m[39m 'host_static_member_alias' [33m 342[2mms[22m[39m
     [33m[2m✓[22m[39m 'nested_static_template_concat' [33m 357[2mms[22m[39m
     [33m[2m✓[22m[39m 'nested_static_template_concat_control' [33m 342[2mms[22m[39m
     [33m[2m✓[22m[39m 'nested_static_template_in_config' [33m 355[2mms[22m[39m
     [33m[2m✓[22m[39m 'nested_static_template_top_level' [33m 338[2mms[22m[39m
     [33m[2m✓[22m[39m 'quota_insert' [33m 355[2mms[22m[39m
     [33m[2m✓[22m[39m 'domain_delete' [33m 335[2mms[22m[39m
     [33m[2m✓[22m[39m 'sql_truncate' [33m 348[2mms[22m[39m
     [33m[2m✓[22m[39m 'sql_drop' [33m 345[2mms[22m[39m
     [33m[2m✓[22m[39m 'sql_copy' [33m 339[2mms[22m[39m
     [33m[2m✓[22m[39m 'sql_create_as' [33m 344[2mms[22m[39m
     [33m[2m✓[22m[39m 'sql_select_into' [33m 340[2mms[22m[39m
     [33m[2m✓[22m[39m 'sql_do' [33m 340[2mms[22m[39m
     [33m[2m✓[22m[39m 'outside_quota_25' [33m 359[2mms[22m[39m
     [33m[2m✓[22m[39m 'quota_mixed_26' [33m 345[2mms[22m[39m
     [33m[2m✓[22m[39m 'outside_quota_31' [33m 357[2mms[22m[39m
     [33m[2m✓[22m[39m 'quota_mixed_32' [33m 352[2mms[22m[39m
     [33m[2m✓[22m[39m 'dollar_block_inert' [33m 356[2mms[22m[39m
     [33m[2m✓[22m[39m 'pure-object-method' [33m 353[2mms[22m[39m
     [33m[2m✓[22m[39m 'read-shorthand' [33m 354[2mms[22m[39m
     [33m[2m✓[22m[39m 'numeric-static' [33m 351[2mms[22m[39m
     [33m[2m✓[22m[39m 'destructured-array-mutation' [33m 374[2mms[22m[39m
     [33m[2m✓[22m[39m 'bound-array-mutator' [33m 386[2mms[22m[39m
     [33m[2m✓[22m[39m 'config-assignment-escape' [33m 359[2mms[22m[39m
     [33m[2m✓[22m[39m 'config-unmodeled-escape' [33m 370[2mms[22m[39m
     [33m[2m✓[22m[39m 'mutable-callee-assignment' [33m 359[2mms[22m[39m
     [33m[2m✓[22m[39m 'scoped-local-pure' [33m 366[2mms[22m[39m
     [33m[2m✓[22m[39m 'nested-spread-effective' [33m 362[2mms[22m[39m
     [33m[2m✓[22m[39m 'computed-static-effect' [33m 348[2mms[22m[39m
     [33m[2m✓[22m[39m inspects forwarded SQL DELETE FROM billing_items [33m 348[2mms[22m[39m
     [33m[2m✓[22m[39m inspects forwarded SQL SELECT 1 [33m 359[2mms[22m[39m
     [33m[2m✓[22m[39m keeps static module call provenance const run=require("node-fetch");run("https://example.invalid") [33m 352[2mms[22m[39m
     [33m[2m✓[22m[39m keeps static module call provenance const {fetch:run}=require("undici");run("https://example.invalid") [33m 344[2mms[22m[39m
     [33m[2m✓[22m[39m keeps static module call provenance const run=require("axios");run.get("https://example.invalid") [33m 347[2mms[22m[39m
     [33m[2m✓[22m[39m keeps static module call provenance const {fetch:run}=await import("undici");run("https://example.invalid") [33m 372[2mms[22m[39m
     [33m[2m✓[22m[39m keeps static module call provenance function require(x){return ()=>42};const run=require("node-fetch");run() [33m 353[2mms[22m[39m
     [33m[2m✓[22m[39m 'escape-array-concrete' [33m 348[2mms[22m[39m
     [33m[2m✓[22m[39m 'escape-object-concrete' [33m 365[2mms[22m[39m
     [33m[2m✓[22m[39m 'escape-spread-concrete' [33m 352[2mms[22m[39m
     [33m[2m✓[22m[39m 'escape-tag-concrete' [33m 354[2mms[22m[39m
     [33m[2m✓[22m[39m 'escape-new-concrete' [33m 352[2mms[22m[39m
     [33m[2m✓[22m[39m 'array-escape-concrete' [33m 344[2mms[22m[39m
     [33m[2m✓[22m[39m 'config-alias-positive' [33m 357[2mms[22m[39m
     [33m[2m✓[22m[39m 'escape-inert-template-control' [33m 351[2mms[22m[39m
     [33m[2m✓[22m[39m 'array-alias-control' [33m 339[2mms[22m[39m
     [33m[2m✓[22m[39m 'escape-direct-concrete-control' [33m 378[2mms[22m[39m
     [33m[2m✓[22m[39m 'config-destructure-object-write' [33m 352[2mms[22m[39m
     [33m[2m✓[22m[39m 'config-destructure-array-write' [33m 336[2mms[22m[39m
     [33m[2m✓[22m[39m 'array-destructure-write' [33m 355[2mms[22m[39m
     [33m[2m✓[22m[39m 'destructure-copy-positive' [33m 339[2mms[22m[39m
     [33m[2m✓[22m[39m 'config-alias-write' [33m 347[2mms[22m[39m
     [33m[2m✓[22m[39m 'array-own-join-write' [33m 356[2mms[22m[39m
     [33m[2m✓[22m[39m 'config-own-join-write' [33m 344[2mms[22m[39m
     [33m[2m✓[22m[39m 'own-slice-mutation' [33m 360[2mms[22m[39m
     [33m[2m✓[22m[39m 'own-join-via-alias' [33m 351[2mms[22m[39m
     [33m[2m✓[22m[39m 'config-own-join-pure' [33m 357[2mms[22m[39m
     [33m[2m✓[22m[39m 'own-other-pure-control' [33m 352[2mms[22m[39m
     [33m[2m✓[22m[39m 'own-other-method-mutation-control' [33m 358[2mms[22m[39m
     [33m[2m✓[22m[39m 'nodefetch-namespace-default' [33m 361[2mms[22m[39m
     [33m[2m✓[22m[39m 'namespace-default-call' [33m 365[2mms[22m[39m
     [33m[2m✓[22m[39m 'namespace-destructure-default' [33m 359[2mms[22m[39m
     [33m[2m✓[22m[39m 'dynamic-nodefetch-default' [33m 348[2mms[22m[39m
     [33m[2m✓[22m[39m 'local-default-pure-control' [33m 359[2mms[22m[39m
     [33m[2m✓[22m[39m 'nodefetch-default-import' [33m 355[2mms[22m[39m
     [33m[2m✓[22m[39m 'nodefetch-named-default' [33m 361[2mms[22m[39m
     [33m[2m✓[22m[39m 'local-default-real-effect-control' [33m 353[2mms[22m[39m
     [33m[2m✓[22m[39m 'sql-bind-unused' [33m 359[2mms[22m[39m
     [33m[2m✓[22m[39m 'sql-bind-select' [33m 378[2mms[22m[39m
     [33m[2m✓[22m[39m 'bind-sql-benign-no-preargs' [33m 359[2mms[22m[39m
     [33m[2m✓[22m[39m 'bind-fetch-unused-control' [33m 339[2mms[22m[39m
     [33m[2m✓[22m[39m 'bind-local-function-unused' [33m 372[2mms[22m[39m
     [33m[2m✓[22m[39m 'select-positive' [33m 362[2mms[22m[39m
     [33m[2m✓[22m[39m 'sql-bind-domain' [33m 360[2mms[22m[39m
     [33m[2m✓[22m[39m 'bind-sql-domain-no-preargs' [33m 367[2mms[22m[39m
     [33m[2m✓[22m[39m 'domain-negative' [33m 350[2mms[22m[39m
     [33m[2m✓[22m[39m 'forwarder-parameters-default' [33m 357[2mms[22m[39m
     [33m[2m✓[22m[39m 'forwarder-parameters-rest' [33m 344[2mms[22m[39m
     [33m[2m✓[22m[39m 'forwarder-exact-control' [33m 346[2mms[22m[39m
     [33m[2m✓[22m[39m 'forwarder-consumer-select' [33m 361[2mms[22m[39m
     [33m[2m✓[22m[39m 'forwarder-body-transform' [33m 347[2mms[22m[39m
     [33m[2m✓[22m[39m 'forwarder-consumer-write' [33m 345[2mms[22m[39m
     [33m[2m✓[22m[39m 'closed-readiness-callback' [33m 357[2mms[22m[39m
     [33m[2m✓[22m[39m 'returned-closure-reference' [33m 367[2mms[22m[39m
     [33m[2m✓[22m[39m 'returned-closure-array' [33m 367[2mms[22m[39m
     [33m[2m✓[22m[39m 'function-carried-reference' [33m 386[2mms[22m[39m
     [33m[2m✓[22m[39m 'pure-local-return-alias' [33m 353[2mms[22m[39m
     [33m[2m✓[22m[39m 'primitive-value-read' [33m 357[2mms[22m[39m
     [33m[2m✓[22m[39m 'primitive-array-native-read' [33m 362[2mms[22m[39m
     [33m[2m✓[22m[39m 'literal-object-sql-interpolation' [33m 340[2mms[22m[39m
     [33m[2m✓[22m[39m 'implicit-coercion-mutation' [33m 337[2mms[22m[39m
     [33m[2m✓[22m[39m 'implicit-coercion-pure' [33m 344[2mms[22m[39m
     [33m[2m✓[22m[39m 'bound-sql-call-prefix' [33m 367[2mms[22m[39m
     [33m[2m✓[22m[39m 'bound-sql-apply-prefix' [33m 355[2mms[22m[39m
     [33m[2m✓[22m[39m 'bound-sql-nested' [33m 404[2mms[22m[39m
     [33m[2m✓[22m[39m preserves declaration identity across property writes const c={text:"SELECT 1"};const holder=()=>1;holder.c=c;mutate(holder);client.query(c) [33m 339[2mms[22m[39m
     [33m[2m✓[22m[39m preserves declaration identity across property writes const c={text:"SELECT 1"};function holder(){return 1};holder.note="readonly";client.query(c) [33m 344[2mms[22m[39m
     [33m[2m✓[22m[39m array-effect-member [33m 359[2mms[22m[39m
     [33m[2m✓[22m[39m array-effect-binding [33m 343[2mms[22m[39m
     [33m[2m✓[22m[39m array-import-binding [33m 355[2mms[22m[39m
     [33m[2m✓[22m[39m array-query-member [33m 358[2mms[22m[39m
     [33m[2m✓[22m[39m array-query-binding [33m 365[2mms[22m[39m
     [33m[2m✓[22m[39m nested-array-effect [33m 357[2mms[22m[39m
     [33m[2m✓[22m[39m spread-array-effect [33m 348[2mms[22m[39m
     [33m[2m✓[22m[39m nested-binding-effect [33m 340[2mms[22m[39m
     [33m[2m✓[22m[39m array-pure-member [33m 362[2mms[22m[39m
     [33m[2m✓[22m[39m array-pure-binding [33m 340[2mms[22m[39m
     [33m[2m✓[22m[39m array-import-inert [33m 350[2mms[22m[39m
     [33m[2m✓[22m[39m array-query-read [33m 355[2mms[22m[39m
     [33m[2m✓[22m[39m nested-array-pure [33m 353[2mms[22m[39m
     [33m[2m✓[22m[39m array-assigned-effect [33m 364[2mms[22m[39m
     [33m[2m✓[22m[39m object-assigned-effect [33m 348[2mms[22m[39m
     [33m[2m✓[22m[39m array-assigned-pure [33m 360[2mms[22m[39m
     [33m[2m✓[22m[39m array-assignment-alias [33m 385[2mms[22m[39m
     [33m[2m✓[22m[39m object-assignment-alias [33m 370[2mms[22m[39m
     [33m[2m✓[22m[39m nested-assignment-alias [33m 378[2mms[22m[39m
     [33m[2m✓[22m[39m assignment-distinct-object [33m 359[2mms[22m[39m
     [33m[2m✓[22m[39m assignment-primitive [33m 348[2mms[22m[39m
     [33m[2m✓[22m[39m assigned-alias-direct-write [33m 356[2mms[22m[39m
     [33m[2m✓[22m[39m closure-stored-reference [33m 356[2mms[22m[39m
     [33m[2m✓[22m[39m arrow-stored-reference [33m 358[2mms[22m[39m
     [33m[2m✓[22m[39m closure-exposed-store-only [33m 347[2mms[22m[39m
     [33m[2m✓[22m[39m closure-stored-copy [33m 353[2mms[22m[39m
     [33m[2m✓[22m[39m closure-local-store [33m 349[2mms[22m[39m
     [33m[2m✓[22m[39m closure-read-primitive [33m 373[2mms[22m[39m
     [33m[2m✓[22m[39m getter-exposed-reference [33m 353[2mms[22m[39m
     [33m[2m✓[22m[39m getter-distinct-copy [33m 345[2mms[22m[39m
     [33m[2m✓[22m[39m closure-list-length [33m 353[2mms[22m[39m
     [33m[2m✓[22m[39m closure-list-index [33m 369[2mms[22m[39m
     [33m[2m✓[22m[39m closure-native-join [33m 343[2mms[22m[39m
     [33m[2m✓[22m[39m closure-reference-escape [33m 374[2mms[22m[39m
     [33m[2m✓[22m[39m array-contained-reference [33m 354[2mms[22m[39m
     [33m[2m✓[22m[39m const {...box}={http:fetch};box.http("https://synthetic.invalid") [33m 349[2mms[22m[39m
     [33m[2m✓[22m[39m const {omit,...box}={omit:fetch,run:()=>1};box.run() [33m 360[2mms[22m[39m
     [33m[2m✓[22m[39m const [,...calls]=[0,fetch];calls[0]("https://synthetic.invalid") [33m 336[2mms[22m[39m
     [33m[2m✓[22m[39m const [,...calls]=[0,()=>1];calls[0]() [33m 350[2mms[22m[39m
     [33m[2m✓[22m[39m let box;({...box}={http:fetch});box.http("https://synthetic.invalid") [33m 362[2mms[22m[39m
     [33m[2m✓[22m[39m let box;({omit,...box}={omit:fetch,run:()=>1});box.run() [33m 353[2mms[22m[39m
     [33m[2m✓[22m[39m const [http=fetch]=[undefined];http("https://synthetic.invalid") [33m 343[2mms[22m[39m
     [33m[2m✓[22m[39m const [http=fetch]=[()=>1];http() [33m 352[2mms[22m[39m
     [33m[2m✓[22m[39m let http;[http=fetch]=[()=>1];http() [33m 360[2mms[22m[39m
     [33m[2m✓[22m[39m let http;[http=fetch]=[undefined];http("https://synthetic.invalid") [33m 345[2mms[22m[39m
     [33m[2m✓[22m[39m const cfg={text:"SELECT 1"};const box={get value(){return cfg}};box.value.text="DELETE FROM patients";client.query(cfg) [33m 373[2mms[22m[39m
     [33m[2m✓[22m[39m const cfg={text:"SELECT 1"};const box={get value(){return {text:cfg.text}}};box.value.text="DELETE FROM patients";client.query(cfg) [33m 357[2mms[22m[39m
     [33m[2m✓[22m[39m const data=[1];data.join=fetch;data.join("https://synthetic.invalid") [33m 375[2mms[22m[39m
     [33m[2m✓[22m[39m const data=[1];data.join=()=>"one";data.join() [33m 360[2mms[22m[39m
     [33m[2m✓[22m[39m 'F1-default-empty' [33m 350[2mms[22m[39m
     [33m[2m✓[22m[39m 'F1-default-undefined' [33m 362[2mms[22m[39m
     [33m[2m✓[22m[39m 'F1-default-query' [33m 350[2mms[22m[39m
     [33m[2m✓[22m[39m 'F1-default-benign' [33m 365[2mms[22m[39m
     [33m[2m✓[22m[39m 'F1-present-benign' [33m 373[2mms[22m[39m
     [33m[2m✓[22m[39m 'F2-property-domain-prefix' [33m 365[2mms[22m[39m
     [33m[2m✓[22m[39m 'F2-array-domain-prefix' [33m 378[2mms[22m[39m
     [33m[2m✓[22m[39m 'F2-property-read-arg' [33m 358[2mms[22m[39m
     [33m[2m✓[22m[39m 'F2-property-allowed-prefix' [33m 371[2mms[22m[39m
     [33m[2m✓[22m[39m 'F2-member-call' [33m 373[2mms[22m[39m
     [33m[2m✓[22m[39m 'F2-member-apply' [33m 391[2mms[22m[39m
     [33m[2m✓[22m[39m 'F2-direct-bound' [33m 373[2mms[22m[39m
     [33m[2m✓[22m[39m 'F2-bound-inert' [33m 372[2mms[22m[39m
     [33m[2m✓[22m[39m 'F3-stored-destruct-alias' [33m 364[2mms[22m[39m
     [33m[2m✓[22m[39m 'F3-assigned-destruct' [33m 373[2mms[22m[39m
     [33m[2m✓[22m[39m 'F3-stored-direct-alias' [33m 351[2mms[22m[39m
     [33m[2m✓[22m[39m 'F3-literal-destruct-alias' [33m 349[2mms[22m[39m
     [33m[2m✓[22m[39m 'F3-stored-primitive' [33m 374[2mms[22m[39m
     [33m[2m✓[22m[39m 'F3-unexposed-store' [33m 348[2mms[22m[39m
     [33m[2m✓[22m[39m 'F4-closure-default' [33m 350[2mms[22m[39m
     [33m[2m✓[22m[39m 'F4-closure-explicit' [33m 355[2mms[22m[39m
     [33m[2m✓[22m[39m 'F4-closure-primitive' [33m 340[2mms[22m[39m
     [33m[2m✓[22m[39m 'F5-array-selected-mutation' [33m 361[2mms[22m[39m
     [33m[2m✓[22m[39m 'F5-array-selected-unmutated' [33m 357[2mms[22m[39m
     [33m[2m✓[22m[39m 'P2-native-slice-copy' [33m 356[2mms[22m[39m
     [33m[2m✓[22m[39m 'P2-original-ref-mutation' [33m 352[2mms[22m[39m
     [33m[2m✓[22m[39m 'rest-config-mutated' [33m 341[2mms[22m[39m
     [33m[2m✓[22m[39m 'rest-config-unmutated' [33m 337[2mms[22m[39m
     [33m[2m✓[22m[39m 'rest-config-direct-write' [33m 345[2mms[22m[39m
     [33m[2m✓[22m[39m 'rest-assigned-config-mutated' [33m 351[2mms[22m[39m
     [33m[2m✓[22m[39m 'rest-config-independent-copy' [33m 344[2mms[22m[39m
     [33m[2m✓[22m[39m 'rest-distinct-allocation' [33m 370[2mms[22m[39m
     [33m[2m✓[22m[39m 'rest-source-mutated-before-copy' [33m 346[2mms[22m[39m
     [33m[2m✓[22m[39m 'array-rest-mutated' [33m 353[2mms[22m[39m
     [33m[2m✓[22m[39m 'array-rest-unmutated' [33m 347[2mms[22m[39m
     [33m[2m✓[22m[39m 'slice-shallow-config-ref' [33m 348[2mms[22m[39m
     [33m[2m✓[22m[39m 'slice-shallow-config-ref-binding' [33m 343[2mms[22m[39m
     [33m[2m✓[22m[39m 'slice-primitive-source-independent' [33m 344[2mms[22m[39m
     [33m[2m✓[22m[39m 'slice-primitive-copy-mutated' [33m 358[2mms[22m[39m
     [33m[2m✓[22m[39m 'slice-source-mutated-before-copy' [33m 349[2mms[22m[39m
     [33m[2m✓[22m[39m 'slice-unmutated-copy' [33m 370[2mms[22m[39m
     [33m[2m✓[22m[39m 'slice-distinct-copies' [33m 340[2mms[22m[39m
     [33m[2m✓[22m[39m 'slice-static-bounds' [33m 345[2mms[22m[39m
     [33m[2m✓[22m[39m 'slice-override' [33m 362[2mms[22m[39m
     [33m[2m✓[22m[39m 'stored-bound-config' [33m 359[2mms[22m[39m
     [33m[2m✓[22m[39m 'stored-bound-read' [33m 352[2mms[22m[39m
     [33m[2m✓[22m[39m 'default-nested-bound' [33m 376[2mms[22m[39m
     [33m[2m✓[22m[39m 'rest-mutated-in-hoisted-body' [33m 355[2mms[22m[39m
     [33m[2m✓[22m[39m 'slice-mutated-in-hoisted-body' [33m 348[2mms[22m[39m
     [33m[2m✓[22m[39m 'rest-source-write-body-first' [33m 366[2mms[22m[39m
     [33m[2m✓[22m[39m 'slice-source-write-body-first' [33m 344[2mms[22m[39m
     [33m[2m✓[22m[39m 'rest-alias-mutation' [33m 353[2mms[22m[39m
     [33m[2m✓[22m[39m 'rest-shallow-cfg-ref' [33m 374[2mms[22m[39m
     [33m[2m✓[22m[39m 'rest-primitive-copy-only' [33m 345[2mms[22m[39m
     [33m[2m✓[22m[39m 'slice-shallow-copy-unexposed' [33m 355[2mms[22m[39m
     [33m[2m✓[22m[39m 'slice-shallow-copy-read' [33m 361[2mms[22m[39m
     [33m[2m✓[22m[39m 'slice-copy-write-source-primitive' [33m 352[2mms[22m[39m
     [33m[2m✓[22m[39m 'slice-copy-write-own-primitive' [33m 358[2mms[22m[39m
     [33m[2m✓[22m[39m 'array-rest-assignment-mutated' [33m 343[2mms[22m[39m
     [33m[2m✓[22m[39m 'stored-config-hoisted-body' [33m 371[2mms[22m[39m
     [33m[2m✓[22m[39m 'stored-config-pure-primitive-hoisted' [33m 372[2mms[22m[39m
     [33m[2m✓[22m[39m 'bound-prefix-mutated-holder' [33m 376[2mms[22m[39m
     [33m[2m✓[22m[39m 'bound-prefix-mutated-array' [33m 379[2mms[22m[39m
     [33m[2m✓[22m[39m 'bound-prefix-untouched-holder' [33m 363[2mms[22m[39m
     [33m[2m✓[22m[39m 'closure-default-nested-ref' [33m 348[2mms[22m[39m
     [33m[2m✓[22m[39m 'closure-default-read-scalar' [33m 359[2mms[22m[39m
     [33m[2m✓[22m[39m 'rest-spread-source-mutated' [33m 362[2mms[22m[39m
     [33m[2m✓[22m[39m 'rest-spread-source-safe' [33m 335[2mms[22m[39m
     [33m[2m✓[22m[39m 'slice-spread-source-mutated' [33m 361[2mms[22m[39m
     [33m[2m✓[22m[39m 'slice-spread-source-safe' [33m 340[2mms[22m[39m
     [33m[2m✓[22m[39m 'paired-array-direct' [33m 334[2mms[22m[39m
     [33m[2m✓[22m[39m 'paired-array-pure-stored' [33m 338[2mms[22m[39m
     [33m[2m✓[22m[39m 'replay-assignment-1' [33m 348[2mms[22m[39m
     [33m[2m✓[22m[39m 'replay-benign-rest-array' [33m 358[2mms[22m[39m
     [33m[2m✓[22m[39m 'replay-benign-rest-object' [33m 354[2mms[22m[39m
     [33m[2m✓[22m[39m 'replay-benign-stored-default-array' [33m 352[2mms[22m[39m
     [33m[2m✓[22m[39m 'replay-benign-stored-default-object' [33m 335[2mms[22m[39m
     [33m[2m✓[22m[39m 'replay-proof-literal-rest-array' [33m 351[2mms[22m[39m
     [33m[2m✓[22m[39m 'replay-proof-literal-rest-object' [33m 353[2mms[22m[39m
     [33m[2m✓[22m[39m 'replay-proof-object-rest' [33m 344[2mms[22m[39m
     [33m[2m✓[22m[39m 'replay-proof-object-spread' [33m 359[2mms[22m[39m
     [33m[2m✓[22m[39m 'replay-proof-primitive-rest' [33m 347[2mms[22m[39m
     [33m[2m✓[22m[39m 'replay-proof-primitive-spread' [33m 365[2mms[22m[39m
     [33m[2m✓[22m[39m 'replay-proof-rest-array' [33m 377[2mms[22m[39m
     [33m[2m✓[22m[39m 'replay-proof-rest-object' [33m 368[2mms[22m[39m
     [33m[2m✓[22m[39m 'replay-proof-stored-default-array' [33m 355[2mms[22m[39m
     [33m[2m✓[22m[39m 'replay-proof-stored-default-object' [33m 379[2mms[22m[39m
     [33m[2m✓[22m[39m 'stored-object-bound-prefix' [33m 359[2mms[22m[39m
     [33m[2m✓[22m[39m 'stored-array-bound-prefix' [33m 385[2mms[22m[39m
     [33m[2m✓[22m[39m 'stored-object-pure-present-default' [33m 349[2mms[22m[39m
     [33m[2m✓[22m[39m 'stored-array-pure-present-default' [33m 362[2mms[22m[39m
     [33m[2m✓[22m[39m 'object-unknown-spread-not-absent' [33m 356[2mms[22m[39m
     [33m[2m✓[22m[39m 'array-unknown-spread-not-absent' [33m 353[2mms[22m[39m
     [33m[2m✓[22m[39m 'object-unknown-override-not-absent' [33m 342[2mms[22m[39m
     [33m[2m✓[22m[39m 'array-unknown-stored-not-absent' [33m 351[2mms[22m[39m
     [33m[2m✓[22m[39m 'object-known-absent-default' [33m 344[2mms[22m[39m
     [33m[2m✓[22m[39m 'array-known-absent-default' [33m 362[2mms[22m[39m
     [33m[2m✓[22m[39m 'stored-object-spread-ref' [33m 374[2mms[22m[39m
     [33m[2m✓[22m[39m 'stored-array-spread-ref' [33m 347[2mms[22m[39m
     [33m[2m✓[22m[39m 'stored-object-spread-primitive' [33m 344[2mms[22m[39m
     [33m[2m✓[22m[39m 'stored-array-spread-primitive' [33m 349[2mms[22m[39m
     [33m[2m✓[22m[39m 'object-spread-shallow-ref' [33m 341[2mms[22m[39m
     [33m[2m✓[22m[39m 'array-spread-shallow-ref' [33m 356[2mms[22m[39m
     [33m[2m✓[22m[39m 'object-spread-mutated-copy' [33m 340[2mms[22m[39m
     [33m[2m✓[22m[39m 'object-spread-mutated-source' [33m 348[2mms[22m[39m
     [33m[2m✓[22m[39m 'object-spread-distinct-copies' [33m 344[2mms[22m[39m
     [33m[2m✓[22m[39m 'object-rest-mutated-stored-source' [33m 355[2mms[22m[39m
     [33m[2m✓[22m[39m 'object-unknown-slot-not-absent' [33m 349[2mms[22m[39m
     [33m[2m✓[22m[39m 'array-unknown-slot-not-absent' [33m 359[2mms[22m[39m
     [33m[2m✓[22m[39m 'object-spread-explicit-present' [33m 365[2mms[22m[39m
     [33m[2m✓[22m[39m 'object-over-limit-not-absent' [33m 354[2mms[22m[39m
     [33m[2m✓[22m[39m 'array-over-limit-not-absent' [33m 363[2mms[22m[39m
     [33m[2m✓[22m[39m 'array-stored-slot-literal-index' [33m 350[2mms[22m[39m
     [33m[2m✓[22m[39m 'object-stored-slot-spread-callable' [33m 340[2mms[22m[39m
     [33m[2m✓[22m[39m 'stored_fetch_bind' [33m 337[2mms[22m[39m
     [33m[2m✓[22m[39m 'literal_fetch_bind' [33m 336[2mms[22m[39m
     [33m[2m✓[22m[39m 'literal_pure_bind' [33m 356[2mms[22m[39m
     [33m[2m✓[22m[39m 'stored_query_bind' [33m 368[2mms[22m[39m
     [33m[2m✓[22m[39m 'literal_query_bind' [33m 355[2mms[22m[39m
     [33m[2m✓[22m[39m 'stored_fetch_call' [33m 359[2mms[22m[39m
     [33m[2m✓[22m[39m 'literal_fetch_call' [33m 340[2mms[22m[39m
     [33m[2m✓[22m[39m 'literal_pure_call' [33m 344[2mms[22m[39m
     [33m[2m✓[22m[39m 'stored_query_call' [33m 349[2mms[22m[39m
     [33m[2m✓[22m[39m 'literal_query_call' [33m 350[2mms[22m[39m
     [33m[2m✓[22m[39m 'stored_fetch_apply' [33m 369[2mms[22m[39m
     [33m[2m✓[22m[39m 'literal_fetch_apply' [33m 350[2mms[22m[39m
     [33m[2m✓[22m[39m 'literal_pure_apply' [33m 340[2mms[22m[39m
     [33m[2m✓[22m[39m 'stored_query_apply' [33m 340[2mms[22m[39m
     [33m[2m✓[22m[39m 'literal_query_apply' [33m 356[2mms[22m[39m
     [33m[2m✓[22m[39m 'alias_array_binding' [33m 354[2mms[22m[39m
     [33m[2m✓[22m[39m 'pure_array_binding' [33m 359[2mms[22m[39m
     [33m[2m✓[22m[39m 'bound_array_binding_bad' [33m 376[2mms[22m[39m
     [33m[2m✓[22m[39m 'bound_array_binding_quota' [33m 361[2mms[22m[39m
     [33m[2m✓[22m[39m 'bound_nested_binding_bad' [33m 357[2mms[22m[39m
     [33m[2m✓[22m[39m 'bound_nested_binding_quota' [33m 358[2mms[22m[39m
     [33m[2m✓[22m[39m 'bound_bind_named_member_bad' [33m 362[2mms[22m[39m
     [33m[2m✓[22m[39m 'bound_bind_named_member_quota' [33m 360[2mms[22m[39m
     [33m[2m✓[22m[39m 'bound_rest_bind_named_bad' [33m 368[2mms[22m[39m
     [33m[2m✓[22m[39m 'bound_rest_bind_named_quota' [33m 374[2mms[22m[39m
     [33m[2m✓[22m[39m 'inert_bind' [33m 364[2mms[22m[39m
     [33m[2m✓[22m[39m 'invoke_call_bad' [33m 362[2mms[22m[39m
     [33m[2m✓[22m[39m 'invoke_call_quota' [33m 388[2mms[22m[39m
     [33m[2m✓[22m[39m 'invoke_apply_bad' [33m 352[2mms[22m[39m
     [33m[2m✓[22m[39m 'invoke_apply_quota' [33m 354[2mms[22m[39m
     [33m[2m✓[22m[39m 'invoke_bind_bad' [33m 360[2mms[22m[39m
     [33m[2m✓[22m[39m 'invoke_bind_quota' [33m 374[2mms[22m[39m
     [33m[2m✓[22m[39m 'apply_rest_bad' [33m 376[2mms[22m[39m
     [33m[2m✓[22m[39m 'apply_slice_bad' [33m 370[2mms[22m[39m
     [33m[2m✓[22m[39m 'apply_spread_bad' [33m 357[2mms[22m[39m
     [33m[2m✓[22m[39m 'apply_rest_quota' [33m 361[2mms[22m[39m
     [33m[2m✓[22m[39m 'apply_slice_quota' [33m 359[2mms[22m[39m
     [33m[2m✓[22m[39m 'apply_spread_quota' [33m 366[2mms[22m[39m
     [33m[2m✓[22m[39m 'bind_computed_fetch' [33m 353[2mms[22m[39m
     [33m[2m✓[22m[39m 'bind_optional_fetch' [33m 353[2mms[22m[39m
     [33m[2m✓[22m[39m 'bind_rest_fetch' [33m 356[2mms[22m[39m
     [33m[2m✓[22m[39m 'bind_spread_fetch' [33m 339[2mms[22m[39m
     [33m[2m✓[22m[39m 'bind_array_property' [33m 350[2mms[22m[39m
     [33m[2m✓[22m[39m 'bind_nested_fetch' [33m 348[2mms[22m[39m
     [33m[2m✓[22m[39m 'bind_tagged_fetch' [33m 344[2mms[22m[39m
     [33m[2m✓[22m[39m 'bind_extracted_fetch' [33m 357[2mms[22m[39m
     [33m[2m✓[22m[39m 'bind_destructured_fetch' [33m 356[2mms[22m[39m
     [33m[2m✓[22m[39m 'bind_computed_pure' [33m 349[2mms[22m[39m
     [33m[2m✓[22m[39m 'bind_optional_pure' [33m 346[2mms[22m[39m
     [33m[2m✓[22m[39m 'bind_rest_pure' [33m 356[2mms[22m[39m
     [33m[2m✓[22m[39m 'bind_spread_pure' [33m 351[2mms[22m[39m
     [33m[2m✓[22m[39m 'bind_array_pure' [33m 362[2mms[22m[39m
     [33m[2m✓[22m[39m 'bind_nested_pure' [33m 347[2mms[22m[39m
     [33m[2m✓[22m[39m 'bind_tagged_pure' [33m 366[2mms[22m[39m
     [33m[2m✓[22m[39m 'native_fetch_bind_inert' [33m 343[2mms[22m[39m
     [33m[2m✓[22m[39m 'native_fetch_bind_invoked' [33m 344[2mms[22m[39m
     [33m[2m✓[22m[39m 'native_query_bind_inert' [33m 374[2mms[22m[39m
     [33m[2m✓[22m[39m 'native_query_bind_quota' [33m 366[2mms[22m[39m
     [33m[2m✓[22m[39m 'native_query_apply_read' [33m 379[2mms[22m[39m
     [33m[2m✓[22m[39m 'native_query_apply_array_alias' [33m 359[2mms[22m[39m
     [33m[2m✓[22m[39m 'native_query_apply_bad' [33m 364[2mms[22m[39m
     [33m[2m✓[22m[39m 'native_query_call_read' [33m 364[2mms[22m[39m
     [33m[2m✓[22m[39m 'native_query_call_quota' [33m 350[2mms[22m[39m
     [33m[2m✓[22m[39m 'native_query_bind_spread_simple' [33m 355[2mms[22m[39m
     [33m[2m✓[22m[39m 'native_query_bind_literal_simple' [33m 357[2mms[22m[39m
     [33m[2m✓[22m[39m 'unknown_default_callable' [33m 378[2mms[22m[39m
     [33m[2m✓[22m[39m 'stored_undefined_default_callable' [33m 349[2mms[22m[39m
     [33m[2m✓[22m[39m 'own-call-read' [33m 350[2mms[22m[39m
     [33m[2m✓[22m[39m 'own-apply-read' [33m 371[2mms[22m[39m
     [33m[2m✓[22m[39m 'own-bind-read' [33m 347[2mms[22m[39m
     [33m[2m✓[22m[39m 'own-call-quota' [33m 355[2mms[22m[39m
     [33m[2m✓[22m[39m 'own-apply-quota' [33m 354[2mms[22m[39m
     [33m[2m✓[22m[39m 'pure-bind-inert' [33m 354[2mms[22m[39m
     [33m[2m✓[22m[39m 'apply-mutated-args' [33m 375[2mms[22m[39m
     [33m[2m✓[22m[39m 'apply-config-ref' [33m 361[2mms[22m[39m
     [33m[2m✓[22m[39m 'apply-mutated-config-ref' [33m 360[2mms[22m[39m
     [33m[2m✓[22m[39m 'apply-extra-ref-escape' [33m 357[2mms[22m[39m
     [33m[2m✓[22m[39m 'nested-bind-spread-domain' [33m 356[2mms[22m[39m
     [33m[2m✓[22m[39m 'nested-bind-spread-mutated' [33m 369[2mms[22m[39m
     [33m[2m✓[22m[39m 'nested-bind-spread-incomplete' [33m 378[2mms[22m[39m
     [33m[2m✓[22m[39m 'function-own-bind-effect' [33m 346[2mms[22m[39m
     [33m[2m✓[22m[39m 'function-own-bind-pure' [33m 362[2mms[22m[39m
     [33m[2m✓[22m[39m 'function-own-call-read' [33m 348[2mms[22m[39m
     [33m[2m✓[22m[39m 'function-own-apply-domain' [33m 364[2mms[22m[39m
     [33m[2m✓[22m[39m 'function-own-bind-prefix-domain' [33m 363[2mms[22m[39m
     [33m[2m✓[22m[39m 'function-own-bind-prefix-quota' [33m 351[2mms[22m[39m
     [33m[2m✓[22m[39m 'function-own-call-prefix-domain' [33m 354[2mms[22m[39m
     [33m[2m✓[22m[39m 'function-own-call-prefix-quota' [33m 363[2mms[22m[39m
     [33m[2m✓[22m[39m 'function-own-apply-prefix-domain' [33m 366[2mms[22m[39m
     [33m[2m✓[22m[39m 'function-own-apply-prefix-quota' [33m 354[2mms[22m[39m
     [33m[2m✓[22m[39m 'object-bind-fetch' [33m 345[2mms[22m[39m
     [33m[2m✓[22m[39m 'object-bind-pure' [33m 351[2mms[22m[39m
     [33m[2m✓[22m[39m 'stored-object-bind-fetch' [33m 354[2mms[22m[39m
     [33m[2m✓[22m[39m 'stored-object-bind-pure' [33m 359[2mms[22m[39m
     [33m[2m✓[22m[39m 'function-bind-fetch' [33m 353[2mms[22m[39m
     [33m[2m✓[22m[39m 'function-bind-pure' [33m 341[2mms[22m[39m
     [33m[2m✓[22m[39m 'arrow-bind-fetch' [33m 337[2mms[22m[39m
     [33m[2m✓[22m[39m 'arrow-bind-pure' [33m 345[2mms[22m[39m
     [33m[2m✓[22m[39m 'array-bind-fetch' [33m 353[2mms[22m[39m
     [33m[2m✓[22m[39m 'array-bind-pure' [33m 332[2mms[22m[39m
     [33m[2m✓[22m[39m 'rest-bind-fetch' [33m 344[2mms[22m[39m
     [33m[2m✓[22m[39m 'spread-bind-fetch' [33m 355[2mms[22m[39m
     [33m[2m✓[22m[39m 'arrayrest-bind-fetch' [33m 343[2mms[22m[39m
     [33m[2m✓[22m[39m 'own-bind-read' [33m 354[2mms[22m[39m
     [33m[2m✓[22m[39m 'bound-own-bind-read' [33m 359[2mms[22m[39m
     [33m[2m✓[22m[39m 'native-bind-read' [33m 365[2mms[22m[39m
     [33m[2m✓[22m[39m 'own-bind-domain' [33m 354[2mms[22m[39m
     [33m[2m✓[22m[39m 'bound-own-bind-domain' [33m 373[2mms[22m[39m
     [33m[2m✓[22m[39m 'native-bind-domain' [33m 362[2mms[22m[39m
     [33m[2m✓[22m[39m 'own-bind-quota' [33m 360[2mms[22m[39m
     [33m[2m✓[22m[39m 'bound-own-bind-quota' [33m 354[2mms[22m[39m
     [33m[2m✓[22m[39m 'native-bind-quota' [33m 359[2mms[22m[39m
     [33m[2m✓[22m[39m 'object-call-fetch' [33m 337[2mms[22m[39m
     [33m[2m✓[22m[39m 'object-call-pure' [33m 337[2mms[22m[39m
     [33m[2m✓[22m[39m 'stored-object-call-fetch' [33m 337[2mms[22m[39m
     [33m[2m✓[22m[39m 'stored-object-call-pure' [33m 356[2mms[22m[39m
     [33m[2m✓[22m[39m 'function-call-fetch' [33m 339[2mms[22m[39m
     [33m[2m✓[22m[39m 'function-call-pure' [33m 355[2mms[22m[39m
     [33m[2m✓[22m[39m 'arrow-call-fetch' [33m 340[2mms[22m[39m
     [33m[2m✓[22m[39m 'arrow-call-pure' [33m 335[2mms[22m[39m
     [33m[2m✓[22m[39m 'array-call-fetch' [33m 336[2mms[22m[39m
     [33m[2m✓[22m[39m 'array-call-pure' [33m 350[2mms[22m[39m
     [33m[2m✓[22m[39m 'rest-call-fetch' [33m 351[2mms[22m[39m
     [33m[2m✓[22m[39m 'spread-call-fetch' [33m 349[2mms[22m[39m
     [33m[2m✓[22m[39m 'arrayrest-call-fetch' [33m 350[2mms[22m[39m
     [33m[2m✓[22m[39m 'own-call-read' [33m 351[2mms[22m[39m
     [33m[2m✓[22m[39m 'bound-own-call-read' [33m 368[2mms[22m[39m
     [33m[2m✓[22m[39m 'native-call-read' [33m 348[2mms[22m[39m
     [33m[2m✓[22m[39m 'own-call-domain' [33m 352[2mms[22m[39m
     [33m[2m✓[22m[39m 'bound-own-call-domain' [33m 389[2mms[22m[39m
     [33m[2m✓[22m[39m 'native-call-domain' [33m 365[2mms[22m[39m
     [33m[2m✓[22m[39m 'own-call-quota' [33m 350[2mms[22m[39m
     [33m[2m✓[22m[39m 'bound-own-call-quota' [33m 381[2mms[22m[39m
     [33m[2m✓[22m[39m 'native-call-quota' [33m 345[2mms[22m[39m
     [33m[2m✓[22m[39m 'object-apply-fetch' [33m 339[2mms[22m[39m
     [33m[2m✓[22m[39m 'object-apply-pure' [33m 351[2mms[22m[39m
     [33m[2m✓[22m[39m 'stored-object-apply-fetch' [33m 350[2mms[22m[39m
     [33m[2m✓[22m[39m 'stored-object-apply-pure' [33m 344[2mms[22m[39m
     [33m[2m✓[22m[39m 'function-apply-fetch' [33m 350[2mms[22m[39m
     [33m[2m✓[22m[39m 'function-apply-pure' [33m 343[2mms[22m[39m
     [33m[2m✓[22m[39m 'arrow-apply-fetch' [33m 356[2mms[22m[39m
     [33m[2m✓[22m[39m 'arrow-apply-pure' [33m 359[2mms[22m[39m
     [33m[2m✓[22m[39m 'array-apply-fetch' [33m 349[2mms[22m[39m
     [33m[2m✓[22m[39m 'array-apply-pure' [33m 340[2mms[22m[39m
     [33m[2m✓[22m[39m 'rest-apply-fetch' [33m 356[2mms[22m[39m
     [33m[2m✓[22m[39m 'spread-apply-fetch' [33m 355[2mms[22m[39m
     [33m[2m✓[22m[39m 'arrayrest-apply-fetch' [33m 361[2mms[22m[39m
     [33m[2m✓[22m[39m 'own-apply-read' [33m 336[2mms[22m[39m
     [33m[2m✓[22m[39m 'bound-own-apply-read' [33m 345[2mms[22m[39m
     [33m[2m✓[22m[39m 'native-apply-read' [33m 346[2mms[22m[39m
     [33m[2m✓[22m[39m 'own-apply-domain' [33m 340[2mms[22m[39m
     [33m[2m✓[22m[39m 'bound-own-apply-domain' [33m 370[2mms[22m[39m
     [33m[2m✓[22m[39m 'native-apply-domain' [33m 358[2mms[22m[39m
     [33m[2m✓[22m[39m 'own-apply-quota' [33m 365[2mms[22m[39m
     [33m[2m✓[22m[39m 'bound-own-apply-quota' [33m 357[2mms[22m[39m
     [33m[2m✓[22m[39m 'native-apply-quota' [33m 363[2mms[22m[39m
     [33m[2m✓[22m[39m 'bound-direct-read' [33m 375[2mms[22m[39m
     [33m[2m✓[22m[39m 'bound-call-read' [33m 373[2mms[22m[39m
     [33m[2m✓[22m[39m 'bound-apply-read' [33m 376[2mms[22m[39m
     [33m[2m✓[22m[39m 'bound-array-read' [33m 356[2mms[22m[39m
     [33m[2m✓[22m[39m 'bound-rest-read' [33m 369[2mms[22m[39m
     [33m[2m✓[22m[39m 'bound-spread-read' [33m 354[2mms[22m[39m
     [33m[2m✓[22m[39m 'apply-literal-read' [33m 348[2mms[22m[39m
     [33m[2m✓[22m[39m 'apply-copy-read' [33m 367[2mms[22m[39m
     [33m[2m✓[22m[39m 'apply-slice-read' [33m 365[2mms[22m[39m
     [33m[2m✓[22m[39m 'apply-rest-read' [33m 370[2mms[22m[39m
     [33m[2m✓[22m[39m 'apply-nested-read' [33m 378[2mms[22m[39m
     [33m[2m✓[22m[39m 'bound-direct-domain' [33m 366[2mms[22m[39m
     [33m[2m✓[22m[39m 'bound-call-domain' [33m 380[2mms[22m[39m
     [33m[2m✓[22m[39m 'bound-apply-domain' [33m 365[2mms[22m[39m
     [33m[2m✓[22m[39m 'bound-array-domain' [33m 349[2mms[22m[39m
     [33m[2m✓[22m[39m 'bound-rest-domain' [33m 366[2mms[22m[39m
     [33m[2m✓[22m[39m 'bound-spread-domain' [33m 357[2mms[22m[39m
     [33m[2m✓[22m[39m 'apply-literal-domain' [33m 364[2mms[22m[39m
     [33m[2m✓[22m[39m 'apply-copy-domain' [33m 368[2mms[22m[39m
     [33m[2m✓[22m[39m 'apply-slice-domain' [33m 372[2mms[22m[39m
     [33m[2m✓[22m[39m 'apply-rest-domain' [33m 366[2mms[22m[39m
     [33m[2m✓[22m[39m 'apply-nested-domain' [33m 343[2mms[22m[39m
     [33m[2m✓[22m[39m 'bound-direct-quota' [33m 365[2mms[22m[39m
     [33m[2m✓[22m[39m 'bound-call-quota' [33m 397[2mms[22m[39m
     [33m[2m✓[22m[39m 'bound-apply-quota' [33m 371[2mms[22m[39m
     [33m[2m✓[22m[39m 'bound-array-quota' [33m 360[2mms[22m[39m
     [33m[2m✓[22m[39m 'bound-rest-quota' [33m 375[2mms[22m[39m
     [33m[2m✓[22m[39m 'bound-spread-quota' [33m 361[2mms[22m[39m
     [33m[2m✓[22m[39m 'apply-literal-quota' [33m 352[2mms[22m[39m
     [33m[2m✓[22m[39m 'apply-copy-quota' [33m 358[2mms[22m[39m
     [33m[2m✓[22m[39m 'apply-slice-quota' [33m 354[2mms[22m[39m
     [33m[2m✓[22m[39m 'apply-rest-quota' [33m 372[2mms[22m[39m
     [33m[2m✓[22m[39m 'apply-nested-quota' [33m 360[2mms[22m[39m
     [33m[2m✓[22m[39m 'fetch-bind-inert' [33m 337[2mms[22m[39m
     [33m[2m✓[22m[39m 'query-bind-inert' [33m 360[2mms[22m[39m
     [33m[2m✓[22m[39m 'query-bind-call-inert' [33m 365[2mms[22m[39m
     [33m[2m✓[22m[39m 'fetch-bind-call-inert' [33m 362[2mms[22m[39m
     [33m[2m✓[22m[39m 'query-bind-apply-inert' [33m 372[2mms[22m[39m
     [33m[2m✓[22m[39m 'query-call-call-read' [33m 369[2mms[22m[39m
     [33m[2m✓[22m[39m 'query-call-call-domain' [33m 353[2mms[22m[39m
     [33m[2m✓[22m[39m 'query-call-apply-read' [33m 373[2mms[22m[39m
     [33m[2m✓[22m[39m 'unresolved-apply' [33m 357[2mms[22m[39m
     [33m[2m✓[22m[39m 'mutated-apply' [33m 355[2mms[22m[39m
     [33m[2m✓[22m[39m 'unknown-prefix' [33m 361[2mms[22m[39m
     [33m[2m✓[22m[39m 'config-apply' [33m 359[2mms[22m[39m
     [33m[2m✓[22m[39m 'config-bound' [33m 361[2mms[22m[39m
     [33m[2m✓[22m[39m 'mutated-config-apply' [33m 367[2mms[22m[39m
     [33m[2m✓[22m[39m 'primitive-copy-apply' [33m 350[2mms[22m[39m
     [33m[2m✓[22m[39m 'query-alias-call' [33m 374[2mms[22m[39m
     [33m[2m✓[22m[39m 'function-own-bind-prefix' [33m 358[2mms[22m[39m
     [33m[2m✓[22m[39m 'own-query-call-sql-first' [33m 364[2mms[22m[39m
     [33m[2m✓[22m[39m 'own-query-apply-sql-first' [33m 372[2mms[22m[39m
     [33m[2m✓[22m[39m 'function-stored-call-pure' [33m 348[2mms[22m[39m
     [33m[2m✓[22m[39m 'function-stored-bind-http' [33m 357[2mms[22m[39m
     [33m[2m✓[22m[39m 'array-own-bind-http' [33m 369[2mms[22m[39m
     [33m[2m✓[22m[39m 'query-tag-domain' [33m 345[2mms[22m[39m
     [33m[2m✓[22m[39m 'template-http' [33m 344[2mms[22m[39m
     [33m[2m✓[22m[39m 'inert-strings' [33m 337[2mms[22m[39m
     [33m[2m✓[22m[39m 'bound-own-fetch-bind-direct' [33m 340[2mms[22m[39m
     [33m[2m✓[22m[39m 'bound-own-fetch-bind-holder' [33m 358[2mms[22m[39m
     [33m[2m✓[22m[39m 'bound-own-fetch-bind-array' [33m 360[2mms[22m[39m
     [33m[2m✓[22m[39m 'bound-own-fetch-bind-spread' [33m 371[2mms[22m[39m
     [33m[2m✓[22m[39m 'bound-own-query-bind-direct' [33m 388[2mms[22m[39m
     [33m[2m✓[22m[39m 'bound-own-query-bind-holder' [33m 379[2mms[22m[39m
     [33m[2m✓[22m[39m 'bound-own-query-bind-array' [33m 385[2mms[22m[39m
     [33m[2m✓[22m[39m 'bound-own-query-bind-spread' [33m 385[2mms[22m[39m
     [33m[2m✓[22m[39m 'bound-own-pure-bind-direct' [33m 362[2mms[22m[39m
     [33m[2m✓[22m[39m 'bound-own-pure-bind-holder' [33m 377[2mms[22m[39m
     [33m[2m✓[22m[39m 'bound-own-pure-bind-array' [33m 355[2mms[22m[39m
     [33m[2m✓[22m[39m 'bound-own-pure-bind-spread' [33m 348[2mms[22m[39m
     [33m[2m✓[22m[39m 'bound-own-query-bind-sql-direct' [33m 388[2mms[22m[39m
     [33m[2m✓[22m[39m 'bound-own-pure-bind-positive-direct' [33m 346[2mms[22m[39m
     [33m[2m✓[22m[39m 'bound-own-query-bind-sql-rest' [33m 381[2mms[22m[39m
     [33m[2m✓[22m[39m 'bound-own-pure-bind-positive-rest' [33m 371[2mms[22m[39m
     [33m[2m✓[22m[39m 'bound-own-query-bind-sql-array' [33m 394[2mms[22m[39m
     [33m[2m✓[22m[39m 'bound-own-pure-bind-positive-array' [33m 357[2mms[22m[39m
     [33m[2m✓[22m[39m 'bound-own-fetch-call-direct' [33m 351[2mms[22m[39m
     [33m[2m✓[22m[39m 'bound-own-fetch-call-holder' [33m 351[2mms[22m[39m
     [33m[2m✓[22m[39m 'bound-own-fetch-call-array' [33m 391[2mms[22m[39m
     [33m[2m✓[22m[39m 'bound-own-fetch-call-spread' [33m 355[2mms[22m[39m
     [33m[2m✓[22m[39m 'bound-own-query-call-direct' [33m 357[2mms[22m[39m
     [33m[2m✓[22m[39m 'bound-own-query-call-holder' [33m 383[2mms[22m[39m
     [33m[2m✓[22m[39m 'bound-own-query-call-array' [33m 385[2mms[22m[39m
     [33m[2m✓[22m[39m 'bound-own-query-call-spread' [33m 370[2mms[22m[39m
     [33m[2m✓[22m[39m 'bound-own-pure-call-direct' [33m 362[2mms[22m[39m
     [33m[2m✓[22m[39m 'bound-own-pure-call-holder' [33m 339[2mms[22m[39m
     [33m[2m✓[22m[39m 'bound-own-pure-call-array' [33m 345[2mms[22m[39m
     [33m[2m✓[22m[39m 'bound-own-pure-call-spread' [33m 348[2mms[22m[39m
     [33m[2m✓[22m[39m 'bound-own-query-call-sql-direct' [33m 387[2mms[22m[39m
     [33m[2m✓[22m[39m 'bound-own-pure-call-positive-direct' [33m 360[2mms[22m[39m
     [33m[2m✓[22m[39m 'bound-own-query-call-sql-rest' [33m 381[2mms[22m[39m
     [33m[2m✓[22m[39m 'bound-own-pure-call-positive-rest' [33m 344[2mms[22m[39m
     [33m[2m✓[22m[39m 'bound-own-query-call-sql-array' [33m 373[2mms[22m[39m
     [33m[2m✓[22m[39m 'bound-own-pure-call-positive-array' [33m 341[2mms[22m[39m
     [33m[2m✓[22m[39m 'bound-own-fetch-apply-direct' [33m 356[2mms[22m[39m
     [33m[2m✓[22m[39m 'bound-own-fetch-apply-holder' [33m 356[2mms[22m[39m
     [33m[2m✓[22m[39m 'bound-own-fetch-apply-array' [33m 338[2mms[22m[39m
     [33m[2m✓[22m[39m 'bound-own-fetch-apply-spread' [33m 340[2mms[22m[39m
     [33m[2m✓[22m[39m 'bound-own-query-apply-direct' [33m 356[2mms[22m[39m
     [33m[2m✓[22m[39m 'bound-own-query-apply-holder' [33m 360[2mms[22m[39m
     [33m[2m✓[22m[39m 'bound-own-query-apply-array' [33m 378[2mms[22m[39m
     [33m[2m✓[22m[39m 'bound-own-query-apply-spread' [33m 370[2mms[22m[39m
     [33m[2m✓[22m[39m 'bound-own-pure-apply-direct' [33m 352[2mms[22m[39m
     [33m[2m✓[22m[39m 'bound-own-pure-apply-holder' [33m 352[2mms[22m[39m
     [33m[2m✓[22m[39m 'bound-own-pure-apply-array' [33m 342[2mms[22m[39m
     [33m[2m✓[22m[39m 'bound-own-pure-apply-spread' [33m 335[2mms[22m[39m
     [33m[2m✓[22m[39m 'bound-own-query-apply-sql-direct' [33m 388[2mms[22m[39m
     [33m[2m✓[22m[39m 'bound-own-pure-apply-positive-direct' [33m 360[2mms[22m[39m
     [33m[2m✓[22m[39m 'bound-own-query-apply-sql-rest' [33m 381[2mms[22m[39m
     [33m[2m✓[22m[39m 'bound-own-pure-apply-positive-rest' [33m 364[2mms[22m[39m
     [33m[2m✓[22m[39m 'bound-own-query-apply-sql-array' [33m 383[2mms[22m[39m
     [33m[2m✓[22m[39m 'bound-own-pure-apply-positive-array' [33m 348[2mms[22m[39m
     [33m[2m✓[22m[39m 'intrinsic-alias-bind-fetch-inert' [33m 346[2mms[22m[39m
     [33m[2m✓[22m[39m 'intrinsic-alias-bind-query-inert' [33m 360[2mms[22m[39m
     [33m[2m✓[22m[39m 'bound-twice-inert' [33m 356[2mms[22m[39m
     [33m[2m✓[22m[39m 'bound-twice-invoked' [33m 366[2mms[22m[39m
     [33m[2m✓[22m[39m 'bound-query-twice-read' [33m 372[2mms[22m[39m
     [33m[2m✓[22m[39m 'bound-query-twice-domain' [33m 380[2mms[22m[39m
     [33m[2m✓[22m[39m 'allocation-original-independent' [33m 342[2mms[22m[39m
     [33m[2m✓[22m[39m 'allocation-bound-independent' [33m 350[2mms[22m[39m
     [33m[2m✓[22m[39m 'allocation-pure-independent' [33m 360[2mms[22m[39m
     [33m[2m✓[22m[39m 'allocation-alias-shared' [33m 343[2mms[22m[39m
     [33m[2m✓[22m[39m 'allocation-default-shared' [33m 344[2mms[22m[39m
     [33m[2m✓[22m[39m 'allocation-rest-shared' [33m 362[2mms[22m[39m
     [33m[2m✓[22m[39m 'layer-bind-call-invoke' [33m 356[2mms[22m[39m
     [33m[2m✓[22m[39m 'layer-bind-apply-invoke' [33m 347[2mms[22m[39m
     [33m[2m✓[22m[39m 'alias-bind-invoke' [33m 365[2mms[22m[39m
     [33m[2m✓[22m[39m 'layer-bind-query-domain' [33m 365[2mms[22m[39m
     [33m[2m✓[22m[39m 'layer-bind-query-read' [33m 379[2mms[22m[39m
     [33m[2m✓[22m[39m 'alias-call-domain' [33m 372[2mms[22m[39m
     [33m[2m✓[22m[39m 'layer-call-apply-domain' [33m 369[2mms[22m[39m
     [33m[2m✓[22m[39m 'layer-call-call-quota' [33m 375[2mms[22m[39m
     [33m[2m✓[22m[39m 'layer-apply-call-read' [33m 360[2mms[22m[39m
     [33m[2m✓[22m[39m 'layer-apply-call-domain' [33m 361[2mms[22m[39m
     [33m[2m✓[22m[39m 'layer-apply-incomplete' [33m 363[2mms[22m[39m
     [33m[2m✓[22m[39m 'bound-own-prefix-domain' [33m 354[2mms[22m[39m
     [33m[2m✓[22m[39m 'bound-own-prefix-quota' [33m 356[2mms[22m[39m
     [33m[2m✓[22m[39m 'bound-own-mutated-config' [33m 356[2mms[22m[39m
     [33m[2m✓[22m[39m 'critic-initial-000-own-bind-fetch' [33m 339[2mms[22m[39m
     [33m[2m✓[22m[39m 'critic-initial-001-own-bind-db-query' [33m 349[2mms[22m[39m
     [33m[2m✓[22m[39m 'critic-initial-002-own-bind--x-x' [33m 356[2mms[22m[39m
     [33m[2m✓[22m[39m 'critic-initial-003-own-call-fetch' [33m 345[2mms[22m[39m
     [33m[2m✓[22m[39m 'critic-initial-004-own-call-db-query' [33m 353[2mms[22m[39m
     [33m[2m✓[22m[39m 'critic-initial-005-own-call--x-x' [33m 346[2mms[22m[39m
     [33m[2m✓[22m[39m 'critic-initial-006-own-apply-fetch' [33m 355[2mms[22m[39m
     [33m[2m✓[22m[39m 'critic-initial-007-own-apply-db-query' [33m 352[2mms[22m[39m
     [33m[2m✓[22m[39m 'critic-initial-008-own-apply--x-x' [33m 341[2mms[22m[39m
     [33m[2m✓[22m[39m 'critic-initial-009-own-custom-fetch' [33m 340[2mms[22m[39m
     [33m[2m✓[22m[39m 'critic-initial-010-own-custom-db-query' [33m 356[2mms[22m[39m
     [33m[2m✓[22m[39m 'critic-initial-011-own-custom--x-x' [33m 356[2mms[22m[39m
     [33m[2m✓[22m[39m 'critic-initial-012-own-query-fetch' [33m 393[2mms[22m[39m
     [33m[2m✓[22m[39m 'critic-initial-013-own-query-db-query' [33m 363[2mms[22m[39m
     [33m[2m✓[22m[39m 'critic-initial-014-own-query--x-x' [33m 364[2mms[22m[39m
     [33m[2m✓[22m[39m 'critic-initial-015-own-sendMessage-fe…' [33m 358[2mms[22m[39m
     [33m[2m✓[22m[39m 'critic-initial-016-own-sendMessage-db…' [33m 361[2mms[22m[39m
     [33m[2m✓[22m[39m 'critic-initial-017-own-sendMessage--x…' [33m 347[2mms[22m[39m
     [33m[2m✓[22m[39m 'critic-initial-018-alias-own-bind' [33m 394[2mms[22m[39m
     [33m[2m✓[22m[39m 'critic-initial-019-alias-own-call' [33m 367[2mms[22m[39m
     [33m[2m✓[22m[39m 'critic-initial-020-alias-own-apply' [33m 364[2mms[22m[39m
     [33m[2m✓[22m[39m 'critic-initial-021-holder-own-bind' [33m 388[2mms[22m[39m
     [33m[2m✓[22m[39m 'critic-initial-022-holder-own-call' [33m 361[2mms[22m[39m
     [33m[2m✓[22m[39m 'critic-initial-023-holder-own-apply' [33m 379[2mms[22m[39m
     [33m[2m✓[22m[39m 'critic-initial-024-array-own-bind' [33m 367[2mms[22m[39m
     [33m[2m✓[22m[39m 'critic-initial-025-array-own-call' [33m 361[2mms[22m[39m
     [33m[2m✓[22m[39m 'critic-initial-026-array-own-apply' [33m 378[2mms[22m[39m
     [33m[2m✓[22m[39m 'critic-initial-027-object-rest-own-bi…' [33m 377[2mms[22m[39m
     [33m[2m✓[22m[39m 'critic-initial-028-object-rest-own-ca…' [33m 374[2mms[22m[39m
     [33m[2m✓[22m[39m 'critic-initial-029-object-rest-own-ap…' [33m 367[2mms[22m[39m
     [33m[2m✓[22m[39m 'critic-initial-030-array-rest-own-bind' [33m 353[2mms[22m[39m
     [33m[2m✓[22m[39m 'critic-initial-031-array-rest-own-call' [33m 363[2mms[22m[39m
     [33m[2m✓[22m[39m 'critic-initial-032-array-rest-own-app…' [33m 367[2mms[22m[39m
     [33m[2m✓[22m[39m 'critic-initial-033-spread-own-bind' [33m 374[2mms[22m[39m
     [33m[2m✓[22m[39m 'critic-initial-034-spread-own-call' [33m 372[2mms[22m[39m
     [33m[2m✓[22m[39m 'critic-initial-035-spread-own-apply' [33m 374[2mms[22m[39m
     [33m[2m✓[22m[39m 'critic-initial-036-direct-FAIL-UPDATE' [33m 367[2mms[22m[39m
     [33m[2m✓[22m[39m 'critic-initial-037-direct-inert-UPDATE' [33m 367[2mms[22m[39m
     [33m[2m✓[22m[39m 'critic-initial-038-direct-PASS-UPDATE' [33m 371[2mms[22m[39m
     [33m[2m✓[22m[39m 'critic-initial-039-direct-inert-UPDATE' [33m 363[2mms[22m[39m
     [33m[2m✓[22m[39m 'critic-initial-040-direct-PASS-SELECT' [33m 361[2mms[22m[39m
     [33m[2m✓[22m[39m 'critic-initial-041-direct-inert-SELECT' [33m 367[2mms[22m[39m
     [33m[2m✓[22m[39m 'critic-initial-042-bind-call-FAIL-UPD…' [33m 380[2mms[22m[39m
     [33m[2m✓[22m[39m 'critic-initial-043-bind-call-inert-UP…' [33m 354[2mms[22m[39m
     [33m[2m✓[22m[39m 'critic-initial-044-bind-call-PASS-UPD…' [33m 371[2mms[22m[39m
     [33m[2m✓[22m[39m 'critic-initial-045-bind-call-inert-UP…' [33m 394[2mms[22m[39m
     [33m[2m✓[22m[39m 'critic-initial-046-bind-call-PASS-SEL…' [33m 371[2mms[22m[39m
     [33m[2m✓[22m[39m 'critic-initial-047-bind-call-inert-SE…' [33m 353[2mms[22m[39m
     [33m[2m✓[22m[39m 'critic-initial-048-bind-apply-FAIL-UP…' [33m 371[2mms[22m[39m
     [33m[2m✓[22m[39m 'critic-initial-049-bind-apply-inert-U…' [33m 368[2mms[22m[39m
     [33m[2m✓[22m[39m 'critic-initial-050-bind-apply-PASS-UP…' [33m 376[2mms[22m[39m
     [33m[2m✓[22m[39m 'critic-initial-051-bind-apply-inert-U…' [33m 372[2mms[22m[39m
     [33m[2m✓[22m[39m 'critic-initial-052-bind-apply-PASS-SE…' [33m 383[2mms[22m[39m
     [33m[2m✓[22m[39m 'critic-initial-053-bind-apply-inert-S…' [33m 381[2mms[22m[39m
     [33m[2m✓[22m[39m 'critic-initial-054-layer-54' [33m 381[2mms[22m[39m
     [33m[2m✓[22m[39m 'critic-initial-055-layer-55' [33m 376[2mms[22m[39m
     [33m[2m✓[22m[39m 'critic-initial-056-layer-56' [33m 386[2mms[22m[39m
     [33m[2m✓[22m[39m 'critic-initial-057-layer-57' [33m 430[2mms[22m[39m
     [33m[2m✓[22m[39m 'critic-initial-058-layer-58' [33m 461[2mms[22m[39m
     [33m[2m✓[22m[39m 'critic-initial-059-layer-59' [33m 451[2mms[22m[39m
     [33m[2m✓[22m[39m 'critic-initial-060-layer-60' [33m 380[2mms[22m[39m
     [33m[2m✓[22m[39m 'critic-initial-061-layer-61' [33m 372[2mms[22m[39m
     [33m[2m✓[22m[39m 'critic-initial-062-layer-62' [33m 357[2mms[22m[39m
     [33m[2m✓[22m[39m 'critic-initial-063-layer-63' [33m 379[2mms[22m[39m
     [33m[2m✓[22m[39m 'critic-initial-064-layer-64' [33m 381[2mms[22m[39m
     [33m[2m✓[22m[39m 'critic-initial-065-layer-65' [33m 382[2mms[22m[39m
     [33m[2m✓[22m[39m 'critic-initial-066-layer-66' [33m 398[2mms[22m[39m
     [33m[2m✓[22m[39m 'critic-initial-067-layer-67' [33m 376[2mms[22m[39m
     [33m[2m✓[22m[39m 'critic-initial-068-layer-68' [33m 379[2mms[22m[39m
     [33m[2m✓[22m[39m 'critic-initial-069-layer-69' [33m 392[2mms[22m[39m
     [33m[2m✓[22m[39m 'critic-initial-070-layer-70' [33m 377[2mms[22m[39m
     [33m[2m✓[22m[39m 'critic-initial-071-layer-71' [33m 376[2mms[22m[39m
     [33m[2m✓[22m[39m 'critic-initial-072-layer-72' [33m 357[2mms[22m[39m
     [33m[2m✓[22m[39m 'critic-initial-073-layer-73' [33m 353[2mms[22m[39m
     [33m[2m✓[22m[39m 'critic-initial-074-layer-74' [33m 359[2mms[22m[39m
     [33m[2m✓[22m[39m 'critic-initial-075-layer-75' [33m 377[2mms[22m[39m
     [33m[2m✓[22m[39m 'critic-initial-076-layer-76' [33m 376[2mms[22m[39m
     [33m[2m✓[22m[39m 'critic-initial-077-layer-77' [33m 371[2mms[22m[39m
     [33m[2m✓[22m[39m 'critic-initial-078-layer-78' [33m 360[2mms[22m[39m
     [33m[2m✓[22m[39m 'critic-initial-079-layer-79' [33m 362[2mms[22m[39m
     [33m[2m✓[22m[39m 'critic-initial-080-layer-80' [33m 357[2mms[22m[39m
     [33m[2m✓[22m[39m 'critic-initial-081-layer-81' [33m 374[2mms[22m[39m
     [33m[2m✓[22m[39m 'critic-initial-082-layer-82' [33m 374[2mms[22m[39m
     [33m[2m✓[22m[39m 'critic-initial-083-layer-83' [33m 353[2mms[22m[39m
     [33m[2m✓[22m[39m 'critic-initial-084-layer-84' [33m 396[2mms[22m[39m
     [33m[2m✓[22m[39m 'critic-initial-085-layer-85' [33m 411[2mms[22m[39m
     [33m[2m✓[22m[39m 'critic-initial-086-layer-86' [33m 406[2mms[22m[39m
     [33m[2m✓[22m[39m 'critic-initial-087-layer-87' [33m 399[2mms[22m[39m
     [33m[2m✓[22m[39m 'critic-initial-088-layer-88' [33m 389[2mms[22m[39m
     [33m[2m✓[22m[39m 'critic-initial-089-layer-89' [33m 394[2mms[22m[39m
     [33m[2m✓[22m[39m 'critic-initial-090-allocation-90' [33m 353[2mms[22m[39m
     [33m[2m✓[22m[39m 'critic-initial-091-allocation-91' [33m 369[2mms[22m[39m
     [33m[2m✓[22m[39m 'critic-initial-092-spread-92' [33m 362[2mms[22m[39m
     [33m[2m✓[22m[39m 'critic-initial-093-spread-93' [33m 373[2mms[22m[39m
     [33m[2m✓[22m[39m 'critic-initial-094-spread-94' [33m 361[2mms[22m[39m
     [33m[2m✓[22m[39m 'critic-initial-095-spread-95' [33m 368[2mms[22m[39m
     [33m[2m✓[22m[39m 'critic-initial-096-spread-96' [33m 357[2mms[22m[39m
     [33m[2m✓[22m[39m 'critic-initial-097-spread-97' [33m 360[2mms[22m[39m
     [33m[2m✓[22m[39m 'critic-initial-098-spread-98' [33m 393[2mms[22m[39m
     [33m[2m✓[22m[39m 'critic-initial-099-spread-99' [33m 377[2mms[22m[39m
     [33m[2m✓[22m[39m 'critic-initial-100-spread-100' [33m 372[2mms[22m[39m
     [33m[2m✓[22m[39m 'critic-initial-101-spread-101' [33m 393[2mms[22m[39m
     [33m[2m✓[22m[39m 'critic-initial-102-spread-102' [33m 398[2mms[22m[39m
     [33m[2m✓[22m[39m 'critic-initial-103-spread-103' [33m 406[2mms[22m[39m
     [33m[2m✓[22m[39m 'critic-paired-000-direct-http' [33m 354[2mms[22m[39m
     [33m[2m✓[22m[39m 'critic-paired-001-direct-domain' [33m 344[2mms[22m[39m
     [33m[2m✓[22m[39m 'critic-paired-002-object-http' [33m 342[2mms[22m[39m
     [33m[2m✓[22m[39m 'critic-paired-003-object-domain' [33m 349[2mms[22m[39m
     [33m[2m✓[22m[39m 'critic-paired-004-bound-pure-custom' [33m 360[2mms[22m[39m
     [33m[2m✓[22m[39m 'critic-paired-005-bound-custom-read' [33m 356[2mms[22m[39m
     [33m[2m✓[22m[39m 'critic-paired-006-bound-custom-quota' [33m 345[2mms[22m[39m
     [33m[2m✓[22m[39m 'critic-paired-007-bound-custom-extrac…' [33m 338[2mms[22m[39m
     [33m[2m✓[22m[39m 'critic-paired-008-bound-custom-aliased' [33m 360[2mms[22m[39m
     [33m[2m✓[22m[39m 'critic-paired-009-bound-custom-holder' [33m 361[2mms[22m[39m
     [33m[2m✓[22m[39m 'critic-paired-010-bound-custom-array' [33m 381[2mms[22m[39m
     [33m[2m✓[22m[39m 'critic-paired-011-bound-custom-prefix' [33m 375[2mms[22m[39m
     [33m[2m✓[22m[39m 'critic-paired-012-bound-custom-inert' [33m 363[2mms[22m[39m
     [33m[2m✓[22m[39m 'critic-paired-013-object-pure-send' [33m 355[2mms[22m[39m
     [33m[2m✓[22m[39m 'critic-paired-014-bound-pure-send-ext…' [33m 363[2mms[22m[39m
     [33m[2m✓[22m[39m 'critic-paired-015-bound-pure-send-call' [33m 349[2mms[22m[39m
     [33m[2m✓[22m[39m 'generic-declaration-http' [33m 360[2mms[22m[39m
     [33m[2m✓[22m[39m 'generic-declaration-domain' [33m 346[2mms[22m[39m
     [33m[2m✓[22m[39m 'generic-declaration-read' [33m 354[2mms[22m[39m
     [33m[2m✓[22m[39m 'generic-declaration-pure' [33m 355[2mms[22m[39m
     [33m[2m✓[22m[39m 'generic-expression-http' [33m 339[2mms[22m[39m
     [33m[2m✓[22m[39m 'generic-expression-domain' [33m 346[2mms[22m[39m
     [33m[2m✓[22m[39m 'generic-expression-read' [33m 374[2mms[22m[39m
     [33m[2m✓[22m[39m 'generic-expression-pure' [33m 343[2mms[22m[39m
     [33m[2m✓[22m[39m 'generic-arrow-http' [33m 342[2mms[22m[39m
     [33m[2m✓[22m[39m 'generic-arrow-domain' [33m 345[2mms[22m[39m
     [33m[2m✓[22m[39m 'generic-arrow-read' [33m 355[2mms[22m[39m
     [33m[2m✓[22m[39m 'generic-arrow-pure' [33m 374[2mms[22m[39m
     [33m[2m✓[22m[39m 'generic-declaration-pure-send' [33m 355[2mms[22m[39m
     [33m[2m✓[22m[39m 'generic-expression-pure-send' [33m 338[2mms[22m[39m
     [33m[2m✓[22m[39m 'generic-pure-send-apply' [33m 358[2mms[22m[39m
     [33m[2m✓[22m[39m 'generic-real-send' [33m 343[2mms[22m[39m
     [33m[2m✓[22m[39m 'generic-mixed-http' [33m 342[2mms[22m[39m
     [33m[2m✓[22m[39m 'generic-mixed-domain' [33m 356[2mms[22m[39m
     [33m[2m✓[22m[39m 'generic-prefix-read' [33m 347[2mms[22m[39m
     [33m[2m✓[22m[39m 'generic-prefix-quota' [33m 352[2mms[22m[39m
     [33m[2m✓[22m[39m 'generic-prefix-extracted-domain' [33m 363[2mms[22m[39m
     [33m[2m✓[22m[39m 'generic-default-alias' [33m 341[2mms[22m[39m
     [33m[2m✓[22m[39m 'generic-array-rest-alias' [33m 345[2mms[22m[39m
     [33m[2m✓[22m[39m 'generic-object-spread-alias' [33m 357[2mms[22m[39m
     [33m[2m✓[22m[39m 'generic-allocation-independent' [33m 352[2mms[22m[39m
     [33m[2m✓[22m[39m 'generic-allocation-shared' [33m 353[2mms[22m[39m
     [33m[2m✓[22m[39m 'generic-uninvoked-domain' [33m 363[2mms[22m[39m
     [33m[2m✓[22m[39m 'generic-unknown-not-absent' [33m 343[2mms[22m[39m
     [33m[2m✓[22m[39m 'generic-query-config-read' [33m 367[2mms[22m[39m
     [33m[2m✓[22m[39m 'generic-query-config-mutated' [33m 359[2mms[22m[39m
     [33m[2m✓[22m[39m 'regression-native-array-push' [33m 344[2mms[22m[39m
     [33m[2m✓[22m[39m 'regression-native-array-filter' [33m 343[2mms[22m[39m
     [33m[2m✓[22m[39m 'regression-own-array-push-fetch' [33m 355[2mms[22m[39m
     [33m[2m✓[22m[39m 'regression-own-array-push-pure' [33m 347[2mms[22m[39m
     [33m[2m✓[22m[39m 'critic-direct-fetch' [33m 341[2mms[22m[39m
     [33m[2m✓[22m[39m 'critic-inert-text' [33m 337[2mms[22m[39m
     [33m[2m✓[22m[39m 'critic-direct-quota' [33m 343[2mms[22m[39m
     [33m[2m✓[22m[39m 'critic-bound-quota' [33m 378[2mms[22m[39m
     [33m[2m✓[22m[39m 'critic-own-custom-quota' [33m 351[2mms[22m[39m
     [33m[2m✓[22m[39m 'critic-bound-own-quota' [33m 359[2mms[22m[39m
     [33m[2m✓[22m[39m 'critic-apply-quota' [33m 346[2mms[22m[39m
     [33m[2m✓[22m[39m 'critic-layer-quota' [33m 377[2mms[22m[39m
     [33m[2m✓[22m[39m 'critic-direct-domain' [33m 340[2mms[22m[39m
     [33m[2m✓[22m[39m 'critic-bound-domain' [33m 363[2mms[22m[39m
     [33m[2m✓[22m[39m 'critic-own-custom-domain' [33m 347[2mms[22m[39m
     [33m[2m✓[22m[39m 'critic-bound-own-domain' [33m 358[2mms[22m[39m
     [33m[2m✓[22m[39m 'critic-apply-domain' [33m 365[2mms[22m[39m
     [33m[2m✓[22m[39m 'critic-layer-domain' [33m 379[2mms[22m[39m
     [33m[2m✓[22m[39m 'critic-direct-read' [33m 345[2mms[22m[39m
     [33m[2m✓[22m[39m 'critic-bound-read' [33m 346[2mms[22m[39m
     [33m[2m✓[22m[39m 'critic-own-custom-read' [33m 367[2mms[22m[39m
     [33m[2m✓[22m[39m 'critic-bound-own-read' [33m 360[2mms[22m[39m
     [33m[2m✓[22m[39m 'critic-apply-read' [33m 356[2mms[22m[39m
     [33m[2m✓[22m[39m 'critic-layer-read' [33m 364[2mms[22m[39m
     [33m[2m✓[22m[39m 'critic-native-bind-inert' [33m 343[2mms[22m[39m
     [33m[2m✓[22m[39m 'critic-bind-alias-inert' [33m 379[2mms[22m[39m
     [33m[2m✓[22m[39m 'critic-own-fetch' [33m 366[2mms[22m[39m
     [33m[2m✓[22m[39m 'critic-own-pure-send' [33m 356[2mms[22m[39m
     [33m[2m✓[22m[39m 'critic-bound-pure-send' [33m 350[2mms[22m[39m
     [33m[2m✓[22m[39m 'critic-distinct-bind-pure' [33m 382[2mms[22m[39m
     [33m[2m✓[22m[39m 'critic-function-spread-fetch' [33m 363[2mms[22m[39m
     [33m[2m✓[22m[39m 'critic-global-function-own-query' [33m 339[2mms[22m[39m
     [33m[2m✓[22m[39m 'critic-global-function-own-pure' [33m 366[2mms[22m[39m
     [33m[2m✓[22m[39m 'critic-own-rest-fetch' [33m 341[2mms[22m[39m
     [33m[2m✓[22m[39m 'critic-own-default-fetch' [33m 337[2mms[22m[39m
     [33m[2m✓[22m[39m 'critic-own-default-pure' [33m 356[2mms[22m[39m
     [33m[2m✓[22m[39m 'critic-assignment-default-fetch' [33m 341[2mms[22m[39m
     [33m[2m✓[22m[39m 'critic-array-spread-query' [33m 369[2mms[22m[39m
     [33m[2m✓[22m[39m 'critic-array-slice-query' [33m 358[2mms[22m[39m
     [33m[2m✓[22m[39m 'critic-primitive-copy' [33m 369[2mms[22m[39m
     [33m[2m✓[22m[39m 'critic-object-copy-alias' [33m 372[2mms[22m[39m
     [33m[2m✓[22m[39m 'critic-mixed-quota' [33m 350[2mms[22m[39m
     [33m[2m✓[22m[39m 'critic-cte-domain' [33m 363[2mms[22m[39m
     [33m[2m✓[22m[39m 'critic-unknown-target' [33m 343[2mms[22m[39m
     [33m[2m✓[22m[39m 'critic-quota-outside' [33m 376[2mms[22m[39m
     [33m[2m✓[22m[39m 'critic-prod-test-dir' [33m 348[2mms[22m[39m
     [33m[2m✓[22m[39m 'critic-interpolation-fetch' [33m 349[2mms[22m[39m
     [33m[2m✓[22m[39m 'critic-template-pure' [33m 362[2mms[22m[39m
     [33m[2m✓[22m[39m 'critic-own-bind-fetch' [33m 359[2mms[22m[39m
     [33m[2m✓[22m[39m 'critic-own-call-quota' [33m 347[2mms[22m[39m
     [33m[2m✓[22m[39m 'critic-own-apply-domain' [33m 369[2mms[22m[39m
     [33m[2m✓[22m[39m 'critic-native-bind-call-quota' [33m 372[2mms[22m[39m
     [33m[2m✓[22m[39m 'critic-native-bind-apply-domain' [33m 389[2mms[22m[39m
     [33m[2m✓[22m[39m 'critic-pure-member-on-fetch-send' [33m 343[2mms[22m[39m
     [33m[2m✓[22m[39m 'critic-stored-axios-pure' [33m 350[2mms[22m[39m
     [33m[2m✓[22m[39m 'confirm-confirm-global-domain' [33m 375[2mms[22m[39m
     [33m[2m✓[22m[39m 'confirm-confirm-local-domain' [33m 342[2mms[22m[39m
     [33m[2m✓[22m[39m 'confirm-confirm-import-domain' [33m 348[2mms[22m[39m
     [33m[2m✓[22m[39m 'confirm-confirm-alias-domain' [33m 352[2mms[22m[39m
     [33m[2m✓[22m[39m 'confirm-confirm-global-inert' [33m 331[2mms[22m[39m
     [33m[2m✓[22m[39m 'confirm-confirm-global-pure' [33m 358[2mms[22m[39m
     [33m[2m✓[22m[39m 'confirm-confirm-local-pure' [33m 348[2mms[22m[39m
     [33m[2m✓[22m[39m 'confirm-confirm-global-read' [33m 336[2mms[22m[39m
     [33m[2m✓[22m[39m 'external-holder-domain' [33m 358[2mms[22m[39m
     [33m[2m✓[22m[39m 'external-holder-read' [33m 348[2mms[22m[39m
     [33m[2m✓[22m[39m 'external-array-domain' [33m 363[2mms[22m[39m
     [33m[2m✓[22m[39m 'external-array-pure' [33m 365[2mms[22m[39m
     [33m[2m✓[22m[39m 'external-prefix-domain' [33m 365[2mms[22m[39m
     [33m[2m✓[22m[39m 'external-prefix-quota' [33m 359[2mms[22m[39m
     [33m[2m✓[22m[39m 'external-prefix-mixed' [33m 360[2mms[22m[39m
     [33m[2m✓[22m[39m 'external-default-pure' [33m 349[2mms[22m[39m
     [33m[2m✓[22m[39m 'external-present-default' [33m 347[2mms[22m[39m
     [33m[2m✓[22m[39m 'external-present-pure-default' [33m 360[2mms[22m[39m
     [33m[2m✓[22m[39m 'external-unknown-default' [33m 345[2mms[22m[39m
     [33m[2m✓[22m[39m 'external-query-config-read' [33m 342[2mms[22m[39m
     [33m[2m✓[22m[39m 'external-query-config-mutated' [33m 353[2mms[22m[39m
     [33m[2m✓[22m[39m 'external-pure-config-conservative' [33m 354[2mms[22m[39m
     [33m[2m✓[22m[39m 'external-unknown-config' [33m 369[2mms[22m[39m
     [33m[2m✓[22m[39m 'import-alias-domain' [33m 346[2mms[22m[39m
     [33m[2m✓[22m[39m 'import-alias-pure' [33m 347[2mms[22m[39m
     [33m[2m✓[22m[39m 'import-symbols-independent' [33m 359[2mms[22m[39m
     [33m[2m✓[22m[39m 'import-symbols-own-domain' [33m 364[2mms[22m[39m
     [33m[2m✓[22m[39m 'lexical-shadow-independent' [33m 361[2mms[22m[39m
     [33m[2m✓[22m[39m 'lexical-shadow-own-domain' [33m 360[2mms[22m[39m
     [33m[2m✓[22m[39m 'bound-external-independent' [33m 356[2mms[22m[39m
     [33m[2m✓[22m[39m 'bound-external-own-domain' [33m 356[2mms[22m[39m
     [33m[2m✓[22m[39m 'external-direct-effect' [33m 358[2mms[22m[39m
     [33m[2m✓[22m[39m 'external-native-inert' [33m 350[2mms[22m[39m
     [33m[2m✓[22m[39m 'external-native-invoke' [33m 350[2mms[22m[39m
     [33m[2m✓[22m[39m 'external-uninvoked-prefix' [33m 346[2mms[22m[39m
     [33m[2m✓[22m[39m 'external-native-layer-inert' [33m 344[2mms[22m[39m
     [33m[2m✓[22m[39m 'external-native-layer-invoke' [33m 348[2mms[22m[39m
     [33m[2m✓[22m[39m 'recognized-module-own-pure' [33m 345[2mms[22m[39m
     [33m[2m✓[22m[39m 'recognized-module-own-domain' [33m 347[2mms[22m[39m
     [33m[2m✓[22m[39m 'external-own-bind-query' [33m 366[2mms[22m[39m
     [33m[2m✓[22m[39m 'external-own-call-pure' [33m 339[2mms[22m[39m
     [33m[2m✓[22m[39m 'external-own-apply-query' [33m 344[2mms[22m[39m
     [33m[2m✓[22m[39m 'same-export-domain' [33m 355[2mms[22m[39m
     [33m[2m✓[22m[39m 'same-export-read' [33m 355[2mms[22m[39m
     [33m[2m✓[22m[39m 'same-export-pure' [33m 348[2mms[22m[39m
     [33m[2m✓[22m[39m 'confirm-default-get' [33m 357[2mms[22m[39m
     [33m[2m✓[22m[39m 'confirm-default-post' [33m 345[2mms[22m[39m
     [33m[2m✓[22m[39m 'confirm-default-post-unmodified' [33m 362[2mms[22m[39m
     [33m[2m✓[22m[39m 'confirm-default-selected-get' [33m 368[2mms[22m[39m
     [33m[2m✓[22m[39m 'confirm-default-selected-post' [33m 348[2mms[22m[39m
     [33m[2m✓[22m[39m 'holder-same' [33m 362[2mms[22m[39m
     [33m[2m✓[22m[39m 'holder-distinct' [33m 383[2mms[22m[39m
     [33m[2m✓[22m[39m 'array-same' [33m 360[2mms[22m[39m
     [33m[2m✓[22m[39m 'array-distinct' [33m 369[2mms[22m[39m
     [33m[2m✓[22m[39m 'destructure-same' [33m 351[2mms[22m[39m
     [33m[2m✓[22m[39m 'destructure-distinct' [33m 374[2mms[22m[39m
     [33m[2m✓[22m[39m 'index-same' [33m 361[2mms[22m[39m
     [33m[2m✓[22m[39m 'index-distinct' [33m 359[2mms[22m[39m
     [33m[2m✓[22m[39m 'rest-holder-same' [33m 349[2mms[22m[39m
     [33m[2m✓[22m[39m 'rest-holder-distinct' [33m 364[2mms[22m[39m
     [33m[2m✓[22m[39m 'call-same' [33m 370[2mms[22m[39m
     [33m[2m✓[22m[39m 'call-distinct' [33m 356[2mms[22m[39m
     [33m[2m✓[22m[39m 'apply-same' [33m 352[2mms[22m[39m
     [33m[2m✓[22m[39m 'apply-distinct' [33m 354[2mms[22m[39m
     [33m[2m✓[22m[39m 'bind-same' [33m 353[2mms[22m[39m
     [33m[2m✓[22m[39m 'bind-distinct' [33m 372[2mms[22m[39m
     [33m[2m✓[22m[39m 'stored-prefix-domain' [33m 372[2mms[22m[39m
     [33m[2m✓[22m[39m 'stored-prefix-read' [33m 374[2mms[22m[39m
     [33m[2m✓[22m[39m 'stored-prefix-quota' [33m 374[2mms[22m[39m
     [33m[2m✓[22m[39m 'stored-prefix-mixed' [33m 373[2mms[22m[39m
     [33m[2m✓[22m[39m 'stored-query-domain' [33m 381[2mms[22m[39m
     [33m[2m✓[22m[39m 'stored-query-read' [33m 375[2mms[22m[39m
     [33m[2m✓[22m[39m 'member-custom-pure' [33m 355[2mms[22m[39m
     [33m[2m✓[22m[39m 'member-custom-query-mutated' [33m 358[2mms[22m[39m
     [33m[2m✓[22m[39m 'member-custom-query-read' [33m 374[2mms[22m[39m
     [33m[2m✓[22m[39m 'same-export-member-shared' [33m 381[2mms[22m[39m
     [33m[2m✓[22m[39m 'same-export-member-distinct' [33m 368[2mms[22m[39m
     [33m[2m✓[22m[39m 'different-module-member-isolated' [33m 374[2mms[22m[39m
     [33m[2m✓[22m[39m 'owner-not-member' [33m 378[2mms[22m[39m
     [33m[2m✓[22m[39m 'member-direct-effect' [33m 382[2mms[22m[39m
     [33m[2m✓[22m[39m 'native-bind-inert' [33m 369[2mms[22m[39m
     [33m[2m✓[22m[39m 'native-bind-invoke' [33m 367[2mms[22m[39m
     [33m[2m✓[22m[39m 'native-layer-inert' [33m 373[2mms[22m[39m
     [33m[2m✓[22m[39m 'native-layer-invoke' [33m 380[2mms[22m[39m
     [33m[2m✓[22m[39m 'distinct-bound-allocation' [33m 372[2mms[22m[39m
     [33m[2m✓[22m[39m 'same-bound-alias' [33m 358[2mms[22m[39m
     [33m[2m✓[22m[39m 'lexical-shadow' [33m 353[2mms[22m[39m
     [33m[2m✓[22m[39m 'intrinsic-selected-store' [33m 348[2mms[22m[39m
     [33m[2m✓[22m[39m 'intrinsic-store-direct-alias' [33m 364[2mms[22m[39m
     [33m[2m✓[22m[39m 'own-store-direct-control' [33m 346[2mms[22m[39m
     [33m[2m✓[22m[39m 'intrinsic-selected-pure-control' [33m 345[2mms[22m[39m
     [33m[2m✓[22m[39m 'intrinsic-distinct-store' [33m 357[2mms[22m[39m
     [33m[2m✓[22m[39m 'call-channel' [33m 376[2mms[22m[39m
     [33m[2m✓[22m[39m 'call-pure' [33m 359[2mms[22m[39m
     [33m[2m✓[22m[39m 'call-read' [33m 388[2mms[22m[39m
     [33m[2m✓[22m[39m 'call-domain' [33m 368[2mms[22m[39m
     [33m[2m✓[22m[39m 'call-inert' [33m 353[2mms[22m[39m
     [33m[2m✓[22m[39m 'apply-channel' [33m 354[2mms[22m[39m
     [33m[2m✓[22m[39m 'apply-pure' [33m 348[2mms[22m[39m
     [33m[2m✓[22m[39m 'apply-read' [33m 363[2mms[22m[39m
     [33m[2m✓[22m[39m 'apply-domain' [33m 356[2mms[22m[39m
     [33m[2m✓[22m[39m 'apply-inert' [33m 345[2mms[22m[39m
     [33m[2m✓[22m[39m 'bind-channel' [33m 345[2mms[22m[39m
     [33m[2m✓[22m[39m 'bind-pure' [33m 341[2mms[22m[39m
     [33m[2m✓[22m[39m 'bind-read' [33m 347[2mms[22m[39m
     [33m[2m✓[22m[39m 'bind-domain' [33m 359[2mms[22m[39m
     [33m[2m✓[22m[39m 'bind-inert' [33m 364[2mms[22m[39m
     [33m[2m✓[22m[39m 'holder-channel' [33m 351[2mms[22m[39m
     [33m[2m✓[22m[39m 'holder-pure' [33m 358[2mms[22m[39m
     [33m[2m✓[22m[39m 'array-channel' [33m 368[2mms[22m[39m
     [33m[2m✓[22m[39m 'array-pure' [33m 352[2mms[22m[39m
     [33m[2m✓[22m[39m 'destructure-channel' [33m 362[2mms[22m[39m
     [33m[2m✓[22m[39m 'destructure-pure' [33m 351[2mms[22m[39m
     [33m[2m✓[22m[39m 'index-channel' [33m 351[2mms[22m[39m
     [33m[2m✓[22m[39m 'index-pure' [33m 357[2mms[22m[39m
     [33m[2m✓[22m[39m 'rest-channel' [33m 345[2mms[22m[39m
     [33m[2m✓[22m[39m 'rest-pure' [33m 359[2mms[22m[39m
     [33m[2m✓[22m[39m 'spread-channel' [33m 363[2mms[22m[39m
     [33m[2m✓[22m[39m 'spread-pure' [33m 347[2mms[22m[39m
     [33m[2m✓[22m[39m 'native-layer-bind-inert' [33m 347[2mms[22m[39m
     [33m[2m✓[22m[39m 'native-layer-bind-invoke' [33m 367[2mms[22m[39m
     [33m[2m✓[22m[39m 'native-layer-call-read' [33m 363[2mms[22m[39m
     [33m[2m✓[22m[39m 'native-layer-call-domain' [33m 373[2mms[22m[39m
     [33m[2m✓[22m[39m 'native-layer-apply-read' [33m 373[2mms[22m[39m
     [33m[2m✓[22m[39m 'native-layer-apply-domain' [33m 375[2mms[22m[39m
     [33m[2m✓[22m[39m 'stored-query-config-read' [33m 367[2mms[22m[39m
     [33m[2m✓[22m[39m 'stored-query-config-mutated' [33m 366[2mms[22m[39m
     [33m[2m✓[22m[39m 'stored-prefix-domain' [33m 363[2mms[22m[39m
     [33m[2m✓[22m[39m 'stored-prefix-read' [33m 365[2mms[22m[39m
     [33m[2m✓[22m[39m 'stored-prefix-quota' [33m 370[2mms[22m[39m
     [33m[2m✓[22m[39m 'stored-prefix-mixed' [33m 365[2mms[22m[39m
     [33m[2m✓[22m[39m 'same-native-operation-channel' [33m 365[2mms[22m[39m
     [33m[2m✓[22m[39m 'same-native-operation-pure' [33m 350[2mms[22m[39m
     [33m[2m✓[22m[39m 'bound-selection-channel' [33m 369[2mms[22m[39m
     [33m[2m✓[22m[39m 'bound-selection-pure' [33m 360[2mms[22m[39m
 [32m✓[39m tests/certify-controlled.test.js [2m([22m[2m43 tests[22m[2m)[22m[33m 48825[2mms[22m[39m
     [33m[2m✓[22m[39m propagates readiness timeout failure with cleanup [33m 1261[2mms[22m[39m
     [33m[2m✓[22m[39m propagates hung database startup failure with cleanup [33m 4089[2mms[22m[39m
     [33m[2m✓[22m[39m propagates hung readiness subprocess failure with cleanup [33m 4147[2mms[22m[39m
     [33m[2m✓[22m[39m bounds stalled certification create-before without entering workload wait [33m 4165[2mms[22m[39m
     [33m[2m✓[22m[39m bounds stalled certification create-after without entering workload wait [33m 4216[2mms[22m[39m
     [33m[2m✓[22m[39m bounds stalled certification start without entering workload wait [33m 4246[2mms[22m[39m
     [33m[2m✓[22m[39m lets legitimate workload outlast startup and retain exit 0 [33m 3444[2mms[22m[39m
     [33m[2m✓[22m[39m lets legitimate workload outlast startup and retain exit 37 [33m 3446[2mms[22m[39m
     [33m[2m✓[22m[39m shares one startup budget across create and start instead of resetting it [33m 3315[2mms[22m[39m
     [33m[2m✓[22m[39m honors cancellation during stalled create-before [33m 1205[2mms[22m[39m
     [33m[2m✓[22m[39m honors cancellation during stalled start [33m 1299[2mms[22m[39m
     [33m[2m✓[22m[39m bounds stalled log collection while preserving the completed workload result [33m 4280[2mms[22m[39m
     [33m[2m✓[22m[39m cleans containers and child processes on SIGINT [33m 1322[2mms[22m[39m
     [33m[2m✓[22m[39m cleans containers and child processes on SIGTERM [33m 1342[2mms[22m[39m
     [33m[2m✓[22m[39m cleans containers and child processes on SIGHUP [33m 1324[2mms[22m[39m
 [32m✓[39m tests/mutation-sentinel.test.js [2m([22m[2m5 tests[22m[2m)[22m[33m 6282[2mms[22m[39m
     [33m[2m✓[22m[39m detects the frozen eval-threshold mutant without touching the worktree [33m 2525[2mms[22m[39m
     [33m[2m✓[22m[39m reports a drifted target as a gap instead of inventing detection [33m 1257[2mms[22m[39m
     [33m[2m✓[22m[39m returns a non-zero process exit when --fail-on-gaps finds a surviving gap [33m 1800[2mms[22m[39m
 [32m✓[39m apps/api/src/__tests__/postgres-persistence-mode.test.ts [2m([22m[2m25 tests[22m[2m | [22m[33m7 skipped[39m[2m)[22m[32m 137[2mms[22m[39m
 [2m[90m↓[39m[22m packages/persistence/src/__tests__/platform-postgres-smoke.test.ts [2m([22m[2m5 tests[22m[2m | [22m[33m5 skipped[39m[2m)[22m
 [2m[90m↓[39m[22m apps/worker/src/__tests__/continuous-worker-entrypoint.integration.test.ts [2m([22m[2m2 tests[22m[2m | [22m[33m2 skipped[39m[2m)[22m
 [32m✓[39m apps/worker/src/__tests__/kernel-composition-branch-hardening.test.ts [2m([22m[2m79 tests[22m[2m | [22m[33m29 skipped[39m[2m)[22m[32m 39[2mms[22m[39m
[90mstdout[2m | apps/api/src/__tests__/main-telemetry-process.test.ts[2m > [22m[2mAUD06 actual API process telemetry[2m > [22m[2mexports only when opted in (true) and drains on real SIGTERM
[22m[39m{"check":"api-process-telemetry","mode":"local_file","batches":2,"inboundRecords":2,"canaryAbsent":true,"shutdownExit":0}

[90mstdout[2m | apps/api/src/__tests__/main-telemetry-process.test.ts[2m > [22m[2mAUD06 actual API process telemetry[2m > [22m[2mexports only when opted in (false) and drains on real SIGTERM
[22m[39m{"check":"api-process-telemetry","mode":"disabled","files":0,"shutdownExit":0}

 [32m✓[39m apps/api/src/__tests__/main-telemetry-process.test.ts [2m([22m[2m2 tests[22m[2m)[22m[33m 3612[2mms[22m[39m
     [33m[2m✓[22m[39m exports only when opted in (true) and drains on real SIGTERM [33m 1876[2mms[22m[39m
     [33m[2m✓[22m[39m exports only when opted in (false) and drains on real SIGTERM [33m 1734[2mms[22m[39m
 [2m[90m↓[39m[22m apps/worker/src/__tests__/continuous-worker-postgres.integration.test.ts [2m([22m[2m3 tests[22m[2m | [22m[33m3 skipped[39m[2m)[22m
 [32m✓[39m tests/promotion-expectation.test.js [2m([22m[2m14 tests[22m[2m)[22m[33m 2674[2mms[22m[39m
     [33m[2m✓[22m[39m keeps the default expectation exit code tied to eligibility [33m 874[2mms[22m[39m
     [33m[2m✓[22m[39m accepts EXTERNAL_ONLY while only human gates remain pending [33m 895[2mms[22m[39m
     [33m[2m✓[22m[39m fails closed on an unknown expectation value [33m 898[2mms[22m[39m
 [32m✓[39m apps/api/src/__tests__/readiness.test.ts [2m([22m[2m11 tests[22m[2m)[22m[33m 2888[2mms[22m[39m
     [33m[2m✓[22m[39m returns 503 when destruction rejects the timed out query [33m 917[2mms[22m[39m
     [33m[2m✓[22m[39m bounds pending pool admission and destroys a late client exactly once [33m 914[2mms[22m[39m
     [33m[2m✓[22m[39m ignores late query success and recovers after the outstanding operation settles [33m 911[2mms[22m[39m
 [2m[90m↓[39m[22m packages/persistence/src/__tests__/retention-postgres.test.ts [2m([22m[2m13 tests[22m[2m | [22m[33m13 skipped[39m[2m)[22m
 [32m✓[39m apps/api/src/__tests__/postgres-rate-limit.test.ts [2m([22m[2m7 tests[22m[2m | [22m[33m6 skipped[39m[2m)[22m[32m 3[2mms[22m[39m
 [32m✓[39m tests/aud06-stack.test.js [2m([22m[2m18 tests[22m[2m)[22m[33m 2101[2mms[22m[39m
     [33m[2m✓[22m[39m never stops, reads logs or removes an unverified foreign ID (name) [33m 320[2mms[22m[39m
     [33m[2m✓[22m[39m never stops, reads logs or removes an unverified foreign ID (label) [33m 321[2mms[22m[39m
     [33m[2m✓[22m[39m never stops, reads logs or removes an unverified foreign ID (inspect) [33m 318[2mms[22m[39m
 [32m✓[39m apps/web/src/__tests__/app.test.tsx [2m([22m[2m17 tests[22m[2m)[22m[33m 1394[2mms[22m[39m
 [32m✓[39m packages/persistence/src/__tests__/journeys-postgres.test.ts [2m([22m[2m24 tests[22m[2m | [22m[33m15 skipped[39m[2m)[22m[32m 18[2mms[22m[39m
 [2m[90m↓[39m[22m packages/persistence/src/__tests__/runtime-approval-store-postgres.test.ts [2m([22m[2m14 tests[22m[2m | [22m[33m14 skipped[39m[2m)[22m
 [2m[90m↓[39m[22m apps/api/src/__tests__/journeys-api-postgres.test.ts [2m([22m[2m10 tests[22m[2m | [22m[33m10 skipped[39m[2m)[22m
 [2m[90m↓[39m[22m packages/persistence/src/__tests__/platform-approval-postgres.test.ts [2m([22m[2m2 tests[22m[2m | [22m[33m2 skipped[39m[2m)[22m
 [32m✓[39m apps/api/src/__tests__/shared-rate-boundary.test.ts [2m([22m[2m6 tests[22m[2m)[22m[33m 2137[2mms[22m[39m
     [33m[2m✓[22m[39m returns generic HTTP 503 within the acquisition deadline for a stalled pool [33m 2011[2mms[22m[39m
 [32m✓[39m apps/worker/src/__tests__/kernel-composition-postgres.integration.test.ts [2m([22m[2m14 tests[22m[2m | [22m[33m5 skipped[39m[2m)[22m[32m 15[2mms[22m[39m
 [2m[90m↓[39m[22m apps/worker/src/__tests__/kernel-durable-orchestrator-postgres.test.ts [2m([22m[2m6 tests[22m[2m | [22m[33m6 skipped[39m[2m)[22m
 [32m✓[39m apps/worker/src/__tests__/main-telemetry.test.ts [2m([22m[2m12 tests[22m[2m)[22m[33m 1426[2mms[22m[39m
     [33m[2m✓[22m[39m exports through the actual sanitized collector sink and drains after stopping the worker [33m 764[2mms[22m[39m
 [32m✓[39m apps/web/src/features/platform/multi-agent-creation.test.tsx [2m([22m[2m6 tests[22m[2m)[22m[33m 1109[2mms[22m[39m
     [33m[2m✓[22m[39m creates Agent A and Agent B in one tenant-scoped session with isolated drafts [33m 480[2mms[22m[39m
 [32m✓[39m apps/api/src/__tests__/operator-replay-store.test.ts [2m([22m[2m20 tests[22m[2m | [22m[33m3 skipped[39m[2m)[22m[32m 8[2mms[22m[39m
 [32m✓[39m tests/docs-integrity.test.js [2m([22m[2m12 tests[22m[2m)[22m[33m 2978[2mms[22m[39m
     [33m[2m✓[22m[39m has zero invalid JSON under docs/ and certification/ [33m 1437[2mms[22m[39m
     [33m[2m✓[22m[39m passes the aggregate documentation checker [33m 1470[2mms[22m[39m
 [32m✓[39m packages/agent-runtime/src/__tests__/orchestration-branch-hardening.test.ts [2m([22m[2m88 tests[22m[2m)[22m[33m 1478[2mms[22m[39m
     [33m[2m✓[22m[39m renews the lease during a long execution and settles with the renewed lease [33m 422[2mms[22m[39m
     [33m[2m✓[22m[39m aborts execution and reports lease loss when heartbeat renewal fails quickly [33m 602[2mms[22m[39m
     [33m[2m✓[22m[39m awaits an in-flight heartbeat before reporting lease loss [33m 352[2mms[22m[39m
 [32m✓[39m tests/production-preflight.test.js [2m([22m[2m16 tests[22m[2m)[22m[33m 1290[2mms[22m[39m
     [33m[2m✓[22m[39m runs the shared gate before API and worker bootstrap [33m 984[2mms[22m[39m
 [32m✓[39m apps/web/src/__tests__/journeys-identity-race.test.tsx [2m([22m[2m13 tests[22m[2m)[22m[33m 813[2mms[22m[39m
 [32m✓[39m apps/worker/src/__tests__/postgres-role-preflight.test.ts [2m([22m[2m13 tests[22m[2m | [22m[33m12 skipped[39m[2m)[22m[32m 3[2mms[22m[39m
 [32m✓[39m apps/worker/src/__tests__/postgres-outbox-bridge.integration.test.ts [2m([22m[2m2 tests[22m[2m | [22m[33m1 skipped[39m[2m)[22m[32m 3[2mms[22m[39m
 [32m✓[39m apps/web/src/__tests__/platform-panel.test.tsx [2m([22m[2m6 tests[22m[2m)[22m[33m 829[2mms[22m[39m
     [33m[2m✓[22m[39m lists and transitions metadata-only plugin catalog entries with tenant scope [33m 329[2mms[22m[39m
 [32m✓[39m packages/persistence/src/__tests__/channel-effect-journal-postgres.test.ts [2m([22m[2m12 tests[22m[2m | [22m[33m11 skipped[39m[2m)[22m[32m 3[2mms[22m[39m
 [2m[90m↓[39m[22m packages/persistence/src/__tests__/goal-concurrency-postgres.test.ts [2m([22m[2m8 tests[22m[2m | [22m[33m8 skipped[39m[2m)[22m
 [32m✓[39m packages/persistence/src/__tests__/runtime-approval-store-branch-hardening.test.ts [2m([22m[2m19 tests[22m[2m | [22m[33m15 skipped[39m[2m)[22m[32m 7[2mms[22m[39m
 [32m✓[39m packages/agent-runtime/src/__tests__/branches-b-20260925.test.ts [2m([22m[2m13 tests[22m[2m)[22m[33m 1171[2mms[22m[39m
     [33m[2m✓[22m[39m renews the step lease while a slow executor runs [33m 754[2mms[22m[39m
     [33m[2m✓[22m[39m abandons the step when the lease heartbeat fails [33m 402[2mms[22m[39m
 [2m[90m↓[39m[22m packages/persistence/src/__tests__/orchestrator-postgres.test.ts [2m([22m[2m5 tests[22m[2m | [22m[33m5 skipped[39m[2m)[22m
 [32m✓[39m packages/persistence/src/__tests__/effect-journal-postgres.test.ts [2m([22m[2m10 tests[22m[2m | [22m[33m9 skipped[39m[2m)[22m[32m 4[2mms[22m[39m
 [32m✓[39m packages/persistence/src/__tests__/postgres-migration-smoke.test.ts [2m([22m[2m9 tests[22m[2m | [22m[33m1 skipped[39m[2m)[22m[32m 17[2mms[22m[39m
 [32m✓[39m packages/persistence/src/__tests__/journey-task-atomicity.test.ts [2m([22m[2m8 tests[22m[2m | [22m[33m2 skipped[39m[2m)[22m[32m 12[2mms[22m[39m
 [32m✓[39m packages/persistence/src/__tests__/session-version-pinning-postgres.test.ts [2m([22m[2m2 tests[22m[2m | [22m[33m1 skipped[39m[2m)[22m[32m 3[2mms[22m[39m
 [2m[90m↓[39m[22m packages/persistence/src/__tests__/attendance-approval-postgres.test.ts [2m([22m[2m1 test[22m[2m | [22m[33m1 skipped[39m[2m)[22m
{"event":"worker.started","level":"info","timestamp":"2026-10-08T15:07:34.273Z","workerId":"worker-restart-190-a","concurrency":2,"pollIntervalMs":5,"idleMaxBackoffMs":5000,"errorBackoffMs":500,"errorMaxBackoffMs":30000,"leaseMs":1000,"heartbeatIntervalMs":333,"drainMs":10000,"backlogProbe":true,"sweeps":false,"externalEffects":false,"durable":true}
{"event":"worker.outbox.summary","level":"info","timestamp":"2026-10-08T15:07:34.274Z","workerId":"worker-restart-190-a","reason":"start","claimed":0,"processed":0,"failed":0,"deadLettered":0,"handoffs":0,"errors":0,"claimFailures":0,"leaseLost":0,"heartbeats":0,"idlePolls":0,"released":0,"lag":null,"inFlight":0}
{"event":"worker.metric","name":"worker_outbox_lag","value":0,"attributes":{"operation":"outbox"},"timestamp":"2026-10-08T15:07:34.275Z"}
{"event":"worker.idle_backoff","level":"debug","timestamp":"2026-10-08T15:07:34.275Z","workerId":"worker-restart-190-a","backoffMs":5,"lag":0}
{"event":"worker.metric","name":"worker_outbox_processed_total","value":1,"attributes":{"status":"processed"},"timestamp":"2026-10-08T15:07:34.275Z"}
{"event":"worker.outbox.processed","level":"info","timestamp":"2026-10-08T15:07:34.275Z","eventId":"outbox_3b8472b1-da11-4cb3-b50c-eee0ba320d07","workerId":"worker-restart-190-a","status":"processed","attempt":1,"leaseLost":false,"operation":"outbox"}
{"event":"worker.outbox.summary","level":"info","timestamp":"2026-10-08T15:07:34.279Z","workerId":"worker-restart-190-a","reason":"stop","claimed":1,"processed":1,"failed":0,"deadLettered":0,"handoffs":0,"errors":0,"claimFailures":0,"leaseLost":0,"heartbeats":0,"idlePolls":1,"released":0,"lag":0,"inFlight":0}
{"event":"worker.stopped","level":"info","timestamp":"2026-10-08T15:07:34.279Z","workerId":"worker-restart-190-a","drained":true,"released":0,"releaseFailed":0,"processed":1,"failed":0,"deadLettered":0,"lag":0}
{"event":"worker.started","level":"info","timestamp":"2026-10-08T15:07:34.279Z","workerId":"worker-restart-190-b","concurrency":2,"pollIntervalMs":5,"idleMaxBackoffMs":5000,"errorBackoffMs":500,"errorMaxBackoffMs":30000,"leaseMs":1000,"heartbeatIntervalMs":333,"drainMs":10000,"backlogProbe":true,"sweeps":false,"externalEffects":false,"durable":true}
{"event":"worker.outbox.summary","level":"info","timestamp":"2026-10-08T15:07:34.280Z","workerId":"worker-restart-190-b","reason":"start","claimed":0,"processed":0,"failed":0,"deadLettered":0,"handoffs":0,"errors":0,"claimFailures":0,"leaseLost":0,"heartbeats":0,"idlePolls":0,"released":0,"lag":null,"inFlight":0}
{"event":"worker.metric","name":"worker_outbox_lag","value":0,"attributes":{"operation":"outbox"},"timestamp":"2026-10-08T15:07:34.280Z"}
{"event":"worker.idle_backoff","level":"debug","timestamp":"2026-10-08T15:07:34.280Z","workerId":"worker-restart-190-b","backoffMs":5,"lag":0}
{"event":"worker.metric","name":"worker_outbox_processed_total","value":1,"attributes":{"status":"processed"},"timestamp":"2026-10-08T15:07:34.280Z"}
{"event":"worker.outbox.processed","level":"info","timestamp":"2026-10-08T15:07:34.280Z","eventId":"outbox_946ce6c0-6260-434a-8d7f-651428672142","workerId":"worker-restart-190-b","status":"processed","attempt":1,"leaseLost":false,"operation":"outbox"}
{"event":"worker.outbox.summary","level":"info","timestamp":"2026-10-08T15:07:34.286Z","workerId":"worker-restart-190-b","reason":"stop","claimed":1,"processed":1,"failed":0,"deadLettered":0,"handoffs":0,"errors":0,"claimFailures":0,"leaseLost":0,"heartbeats":0,"idlePolls":1,"released":0,"lag":0,"inFlight":0}
{"event":"worker.stopped","level":"info","timestamp":"2026-10-08T15:07:34.286Z","workerId":"worker-restart-190-b","drained":true,"released":0,"releaseFailed":0,"processed":1,"failed":0,"deadLettered":0,"lag":0}
{"event":"worker.started","level":"info","timestamp":"2026-10-08T15:07:34.303Z","workerId":"worker-retry-190","concurrency":2,"pollIntervalMs":5,"idleMaxBackoffMs":5000,"errorBackoffMs":500,"errorMaxBackoffMs":30000,"leaseMs":1000,"heartbeatIntervalMs":333,"drainMs":10000,"backlogProbe":true,"sweeps":false,"externalEffects":false,"durable":true}
{"event":"worker.outbox.summary","level":"info","timestamp":"2026-10-08T15:07:34.303Z","workerId":"worker-retry-190","reason":"start","claimed":0,"processed":0,"failed":0,"deadLettered":0,"handoffs":0,"errors":0,"claimFailures":0,"leaseLost":0,"heartbeats":0,"idlePolls":0,"released":0,"lag":null,"inFlight":0}
{"event":"worker.metric","name":"worker_outbox_lag","value":0,"attributes":{"operation":"outbox"},"timestamp":"2026-10-08T15:07:34.304Z"}
{"event":"worker.idle_backoff","level":"debug","timestamp":"2026-10-08T15:07:34.304Z","workerId":"worker-retry-190","backoffMs":5,"lag":0}
{"event":"worker.metric","name":"worker_outbox_failed_total","value":1,"attributes":{"status":"failed"},"timestamp":"2026-10-08T15:07:34.304Z"}
{"event":"worker.outbox.failed","level":"info","timestamp":"2026-10-08T15:07:34.304Z","eventId":"outbox_4a310d95-d16f-40c4-ada6-70344d8eb11c","workerId":"worker-retry-190","status":"failed","attempt":1,"leaseLost":false,"error":"[redacted-outbox-error]","operation":"outbox"}
{"event":"worker.idle_backoff","level":"debug","timestamp":"2026-10-08T15:07:34.308Z","workerId":"worker-retry-190","backoffMs":10,"lag":0}
{"event":"worker.idle_backoff","level":"debug","timestamp":"2026-10-08T15:07:34.319Z","workerId":"worker-retry-190","backoffMs":5,"lag":0}
{"event":"worker.metric","name":"worker_outbox_processed_total","value":1,"attributes":{"status":"processed"},"timestamp":"2026-10-08T15:07:34.319Z"}
{"event":"worker.outbox.processed","level":"info","timestamp":"2026-10-08T15:07:34.319Z","eventId":"outbox_4a310d95-d16f-40c4-ada6-70344d8eb11c","workerId":"worker-retry-190","status":"processed","attempt":2,"leaseLost":false,"operation":"outbox"}
{"event":"worker.outbox.summary","level":"info","timestamp":"2026-10-08T15:07:34.319Z","workerId":"worker-retry-190","reason":"stop","claimed":2,"processed":1,"failed":1,"deadLettered":0,"handoffs":0,"errors":0,"claimFailures":0,"leaseLost":0,"heartbeats":0,"idlePolls":3,"released":0,"lag":0,"inFlight":0}
{"event":"worker.stopped","level":"info","timestamp":"2026-10-08T15:07:34.320Z","workerId":"worker-retry-190","drained":true,"released":0,"releaseFailed":0,"processed":1,"failed":1,"deadLettered":0,"lag":0}
{"event":"worker.started","level":"info","timestamp":"2026-10-08T15:07:34.320Z","workerId":"worker-poison-190","concurrency":1,"pollIntervalMs":5,"idleMaxBackoffMs":5000,"errorBackoffMs":500,"errorMaxBackoffMs":30000,"leaseMs":1000,"heartbeatIntervalMs":333,"drainMs":10000,"backlogProbe":true,"sweeps":false,"externalEffects":false,"durable":true}
{"event":"worker.outbox.summary","level":"info","timestamp":"2026-10-08T15:07:34.320Z","workerId":"worker-poison-190","reason":"start","claimed":0,"processed":0,"failed":0,"deadLettered":0,"handoffs":0,"errors":0,"claimFailures":0,"leaseLost":0,"heartbeats":0,"idlePolls":0,"released":0,"lag":null,"inFlight":0}
{"event":"worker.metric","name":"worker_outbox_lag","value":1,"attributes":{"operation":"outbox"},"timestamp":"2026-10-08T15:07:34.320Z"}
{"event":"worker.metric","name":"worker_outbox_dead_lettered_total","value":1,"attributes":{"status":"dead_letter"},"timestamp":"2026-10-08T15:07:34.321Z"}
{"event":"worker.outbox.dead_letter","level":"info","timestamp":"2026-10-08T15:07:34.321Z","eventId":"outbox_6bafeeda-0733-4765-8629-8672386043a0","workerId":"worker-poison-190","status":"dead_letter","attempt":1,"leaseLost":false,"error":"[redacted-outbox-error]","operation":"outbox"}
{"event":"worker.metric","name":"worker_outbox_processed_total","value":1,"attributes":{"status":"processed"},"timestamp":"2026-10-08T15:07:34.325Z"}
{"event":"worker.outbox.processed","level":"info","timestamp":"2026-10-08T15:07:34.325Z","eventId":"outbox_3da93ff1-f584-4e03-a437-a04d6b9bb7c9","workerId":"worker-poison-190","status":"processed","attempt":1,"leaseLost":false,"operation":"outbox"}
{"event":"worker.outbox.summary","level":"info","timestamp":"2026-10-08T15:07:34.331Z","workerId":"worker-poison-190","reason":"stop","claimed":2,"processed":1,"failed":0,"deadLettered":1,"handoffs":0,"errors":0,"claimFailures":0,"leaseLost":0,"heartbeats":0,"idlePolls":0,"released":0,"lag":1,"inFlight":0}
{"event":"worker.stopped","level":"info","timestamp":"2026-10-08T15:07:34.331Z","workerId":"worker-poison-190","drained":true,"released":0,"releaseFailed":0,"processed":1,"failed":0,"deadLettered":1,"lag":1}
{"event":"worker.started","level":"info","timestamp":"2026-10-08T15:07:34.331Z","workerId":"worker-requeue-190-a","concurrency":1,"pollIntervalMs":5,"idleMaxBackoffMs":5000,"errorBackoffMs":500,"errorMaxBackoffMs":30000,"leaseMs":1000,"heartbeatIntervalMs":333,"drainMs":10000,"backlogProbe":true,"sweeps":false,"externalEffects":false,"durable":true}
{"event":"worker.outbox.summary","level":"info","timestamp":"2026-10-08T15:07:34.332Z","workerId":"worker-requeue-190-a","reason":"start","claimed":0,"processed":0,"failed":0,"deadLettered":0,"handoffs":0,"errors":0,"claimFailures":0,"leaseLost":0,"heartbeats":0,"idlePolls":0,"released":0,"lag":null,"inFlight":0}
{"event":"worker.metric","name":"worker_outbox_lag","value":0,"attributes":{"operation":"outbox"},"timestamp":"2026-10-08T15:07:34.332Z"}
{"event":"worker.metric","name":"worker_outbox_dead_lettered_total","value":1,"attributes":{"status":"dead_letter"},"timestamp":"2026-10-08T15:07:34.332Z"}
{"event":"worker.outbox.dead_letter","level":"info","timestamp":"2026-10-08T15:07:34.332Z","eventId":"outbox_995519f8-88cc-4da1-a2f7-7394e90d7b06","workerId":"worker-requeue-190-a","status":"dead_letter","attempt":1,"leaseLost":false,"error":"[redacted-outbox-error]","operation":"outbox"}
{"event":"worker.outbox.summary","level":"info","timestamp":"2026-10-08T15:07:34.337Z","workerId":"worker-requeue-190-a","reason":"stop","claimed":1,"processed":0,"failed":0,"deadLettered":1,"handoffs":0,"errors":0,"claimFailures":0,"leaseLost":0,"heartbeats":0,"idlePolls":0,"released":0,"lag":0,"inFlight":0}
{"event":"worker.stopped","level":"info","timestamp":"2026-10-08T15:07:34.337Z","workerId":"worker-requeue-190-a","drained":true,"released":0,"releaseFailed":0,"processed":0,"failed":0,"deadLettered":1,"lag":0}
{"event":"worker.started","level":"info","timestamp":"2026-10-08T15:07:34.338Z","workerId":"worker-requeue-190-b","concurrency":1,"pollIntervalMs":5,"idleMaxBackoffMs":5000,"errorBackoffMs":500,"errorMaxBackoffMs":30000,"leaseMs":1000,"heartbeatIntervalMs":333,"drainMs":10000,"backlogProbe":true,"sweeps":false,"externalEffects":false,"durable":true}
{"event":"worker.outbox.summary","level":"info","timestamp":"2026-10-08T15:07:34.338Z","workerId":"worker-requeue-190-b","reason":"start","claimed":0,"processed":0,"failed":0,"deadLettered":0,"handoffs":0,"errors":0,"claimFailures":0,"leaseLost":0,"heartbeats":0,"idlePolls":0,"released":0,"lag":null,"inFlight":0}
{"event":"worker.metric","name":"worker_outbox_lag","value":0,"attributes":{"operation":"outbox"},"timestamp":"2026-10-08T15:07:34.338Z"}
{"event":"worker.metric","name":"worker_outbox_processed_total","value":1,"attributes":{"status":"processed"},"timestamp":"2026-10-08T15:07:34.339Z"}
{"event":"worker.outbox.processed","level":"info","timestamp":"2026-10-08T15:07:34.339Z","eventId":"outbox_995519f8-88cc-4da1-a2f7-7394e90d7b06","workerId":"worker-requeue-190-b","status":"processed","attempt":1,"leaseLost":false,"operation":"outbox"}
{"event":"worker.outbox.summary","level":"info","timestamp":"2026-10-08T15:07:34.343Z","workerId":"worker-requeue-190-b","reason":"stop","claimed":1,"processed":1,"failed":0,"deadLettered":0,"handoffs":0,"errors":0,"claimFailures":0,"leaseLost":0,"heartbeats":0,"idlePolls":0,"released":0,"lag":0,"inFlight":0}
{"event":"worker.stopped","level":"info","timestamp":"2026-10-08T15:07:34.343Z","workerId":"worker-requeue-190-b","drained":true,"released":0,"releaseFailed":0,"processed":1,"failed":0,"deadLettered":0,"lag":0}
{"event":"worker.started","level":"info","timestamp":"2026-10-08T15:07:34.367Z","workerId":"worker-sigterm-190","concurrency":2,"pollIntervalMs":5,"idleMaxBackoffMs":5000,"errorBackoffMs":500,"errorMaxBackoffMs":30000,"leaseMs":1000,"heartbeatIntervalMs":333,"drainMs":10000,"backlogProbe":true,"sweeps":false,"externalEffects":false,"durable":true}
{"event":"worker.outbox.summary","level":"info","timestamp":"2026-10-08T15:07:34.367Z","workerId":"worker-sigterm-190","reason":"start","claimed":0,"processed":0,"failed":0,"deadLettered":0,"handoffs":0,"errors":0,"claimFailures":0,"leaseLost":0,"heartbeats":0,"idlePolls":0,"released":0,"lag":null,"inFlight":0}
{"event":"worker.metric","name":"worker_outbox_lag","value":0,"attributes":{"operation":"outbox"},"timestamp":"2026-10-08T15:07:34.367Z"}
{"event":"worker.idle_backoff","level":"debug","timestamp":"2026-10-08T15:07:34.367Z","workerId":"worker-sigterm-190","backoffMs":5,"lag":0}
{"event":"worker.metric","name":"worker_outbox_processed_total","value":1,"attributes":{"status":"processed"},"timestamp":"2026-10-08T15:07:34.393Z"}
{"event":"worker.outbox.processed","level":"info","timestamp":"2026-10-08T15:07:34.393Z","eventId":"outbox_96dc4e6e-aa7b-40f2-a44a-80949baa8c5b","workerId":"worker-sigterm-190","status":"processed","attempt":1,"leaseLost":false,"operation":"outbox"}
{"event":"worker.outbox.summary","level":"info","timestamp":"2026-10-08T15:07:34.393Z","workerId":"worker-sigterm-190","reason":"stop","claimed":1,"processed":1,"failed":0,"deadLettered":0,"handoffs":0,"errors":0,"claimFailures":0,"leaseLost":0,"heartbeats":0,"idlePolls":1,"released":0,"lag":0,"inFlight":0}
{"event":"worker.stopped","level":"info","timestamp":"2026-10-08T15:07:34.393Z","workerId":"worker-sigterm-190","drained":true,"released":0,"releaseFailed":0,"processed":1,"failed":0,"deadLettered":0,"lag":0}
{"event":"worker.started","level":"info","timestamp":"2026-10-08T15:07:34.394Z","workerId":"worker-release-190-a","concurrency":2,"pollIntervalMs":5,"idleMaxBackoffMs":5000,"errorBackoffMs":500,"errorMaxBackoffMs":30000,"leaseMs":1000,"heartbeatIntervalMs":333,"drainMs":10000,"backlogProbe":true,"sweeps":false,"externalEffects":false,"durable":true}
{"event":"worker.outbox.summary","level":"info","timestamp":"2026-10-08T15:07:34.394Z","workerId":"worker-release-190-a","reason":"start","claimed":0,"processed":0,"failed":0,"deadLettered":0,"handoffs":0,"errors":0,"claimFailures":0,"leaseLost":0,"heartbeats":0,"idlePolls":0,"released":0,"lag":null,"inFlight":0}
{"event":"worker.metric","name":"worker_outbox_lag","value":0,"attributes":{"operation":"outbox"},"timestamp":"2026-10-08T15:07:34.394Z"}
{"event":"worker.idle_backoff","level":"debug","timestamp":"2026-10-08T15:07:34.394Z","workerId":"worker-release-190-a","backoffMs":5,"lag":0}
{"event":"worker.shutdown_deferred_release","level":"warn","timestamp":"2026-10-08T15:07:34.429Z","eventId":"outbox_e1d4aade-9b03-4061-8ca3-90c9cf0f7690","workerId":"worker-release-190-a","leaseAction":"expire_for_retry","operation":"outbox"}
{"event":"worker.metric","name":"worker_outbox_shutdown_releases_total","value":1,"attributes":{"outcome":"deferred"},"timestamp":"2026-10-08T15:07:34.429Z"}
{"event":"worker.outbox.summary","level":"info","timestamp":"2026-10-08T15:07:34.429Z","workerId":"worker-release-190-a","reason":"stop","claimed":1,"processed":0,"failed":0,"deadLettered":0,"handoffs":0,"errors":0,"claimFailures":0,"leaseLost":0,"heartbeats":0,"idlePolls":1,"released":0,"lag":0,"inFlight":1}
{"event":"worker.stopped","level":"info","timestamp":"2026-10-08T15:07:34.429Z","workerId":"worker-release-190-a","drained":false,"released":0,"releaseFailed":0,"processed":0,"failed":0,"deadLettered":0,"lag":0}
{"event":"worker.metric","name":"worker_outbox_processed_total","value":1,"attributes":{"status":"processed"},"timestamp":"2026-10-08T15:07:34.430Z"}
{"event":"worker.outbox.processed","level":"info","timestamp":"2026-10-08T15:07:34.430Z","eventId":"outbox_e1d4aade-9b03-4061-8ca3-90c9cf0f7690","workerId":"worker-release-190-a","status":"processed","attempt":1,"leaseLost":false,"operation":"outbox"}
{"event":"worker.started","level":"info","timestamp":"2026-10-08T15:07:34.455Z","workerId":"worker-heartbeat-renew-190","concurrency":2,"pollIntervalMs":5,"idleMaxBackoffMs":5000,"errorBackoffMs":500,"errorMaxBackoffMs":30000,"leaseMs":1000,"heartbeatIntervalMs":10,"drainMs":10000,"backlogProbe":true,"sweeps":false,"externalEffects":false,"durable":true}
{"event":"worker.outbox.summary","level":"info","timestamp":"2026-10-08T15:07:34.455Z","workerId":"worker-heartbeat-renew-190","reason":"start","claimed":0,"processed":0,"failed":0,"deadLettered":0,"handoffs":0,"errors":0,"claimFailures":0,"leaseLost":0,"heartbeats":0,"idlePolls":0,"released":0,"lag":null,"inFlight":0}
{"event":"worker.metric","name":"worker_outbox_lag","value":0,"attributes":{"operation":"outbox"},"timestamp":"2026-10-08T15:07:34.455Z"}
{"event":"worker.idle_backoff","level":"debug","timestamp":"2026-10-08T15:07:34.455Z","workerId":"worker-heartbeat-renew-190","backoffMs":5,"lag":0}
{"event":"worker.idle_backoff","level":"debug","timestamp":"2026-10-08T15:07:34.461Z","workerId":"worker-heartbeat-renew-190","backoffMs":10,"lag":0}
{"event":"worker.metric","name":"worker_outbox_heartbeats_total","value":1,"attributes":{"outcome":"renewed"},"timestamp":"2026-10-08T15:07:34.465Z"}
{"event":"worker.metric","name":"worker_outbox_processed_total","value":1,"attributes":{"status":"processed"},"timestamp":"2026-10-08T15:07:34.466Z"}
{"event":"worker.outbox.processed","level":"info","timestamp":"2026-10-08T15:07:34.466Z","eventId":"outbox_c8d91a52-2d37-4596-9985-33d8d94bc920","workerId":"worker-heartbeat-renew-190","status":"processed","attempt":1,"leaseLost":false,"operation":"outbox"}
{"event":"worker.outbox.summary","level":"info","timestamp":"2026-10-08T15:07:34.471Z","workerId":"worker-heartbeat-renew-190","reason":"stop","claimed":1,"processed":1,"failed":0,"deadLettered":0,"handoffs":0,"errors":0,"claimFailures":0,"leaseLost":0,"heartbeats":1,"idlePolls":2,"released":0,"lag":0,"inFlight":0}
{"event":"worker.stopped","level":"info","timestamp":"2026-10-08T15:07:34.471Z","workerId":"worker-heartbeat-renew-190","drained":true,"released":0,"releaseFailed":0,"processed":1,"failed":0,"deadLettered":0,"lag":0}
{"event":"worker.started","level":"info","timestamp":"2026-10-08T15:07:34.472Z","workerId":"worker-heartbeat-failure-190","concurrency":2,"pollIntervalMs":5,"idleMaxBackoffMs":5000,"errorBackoffMs":500,"errorMaxBackoffMs":30000,"leaseMs":1000,"heartbeatIntervalMs":5,"drainMs":10000,"backlogProbe":false,"sweeps":false,"externalEffects":false,"durable":true}
{"event":"worker.outbox.summary","level":"info","timestamp":"2026-10-08T15:07:34.472Z","workerId":"worker-heartbeat-failure-190","reason":"start","claimed":0,"processed":0,"failed":0,"deadLettered":0,"handoffs":0,"errors":0,"claimFailures":0,"leaseLost":0,"heartbeats":0,"idlePolls":0,"released":0,"lag":null,"inFlight":0}
{"event":"worker.event_error","level":"error","timestamp":"2026-10-08T15:07:34.472Z","eventId":"outbox_25fd892f-f903-4248-b259-b2bd85ef2b65","workerId":"worker-heartbeat-failure-190","attempt":1,"error":"[redacted-outbox-error]","operation":"outbox"}
{"event":"worker.metric","name":"worker_outbox_errors_total","value":1,"attributes":{"outcome":"error"},"timestamp":"2026-10-08T15:07:34.472Z"}
{"event":"worker.idle_backoff","level":"debug","timestamp":"2026-10-08T15:07:34.472Z","workerId":"worker-heartbeat-failure-190","backoffMs":5,"lag":null}
{"event":"worker.outbox.summary","level":"info","timestamp":"2026-10-08T15:07:34.478Z","workerId":"worker-heartbeat-failure-190","reason":"stop","claimed":1,"processed":0,"failed":0,"deadLettered":0,"handoffs":0,"errors":1,"claimFailures":0,"leaseLost":0,"heartbeats":0,"idlePolls":1,"released":0,"lag":null,"inFlight":0}
{"event":"worker.stopped","level":"info","timestamp":"2026-10-08T15:07:34.478Z","workerId":"worker-heartbeat-failure-190","drained":true,"released":0,"releaseFailed":0,"processed":0,"failed":0,"deadLettered":0,"lag":null}
{"event":"worker.started","level":"info","timestamp":"2026-10-08T15:07:34.500Z","workerId":"worker-handoff-190","concurrency":2,"pollIntervalMs":5,"idleMaxBackoffMs":5000,"errorBackoffMs":500,"errorMaxBackoffMs":30000,"leaseMs":1000,"heartbeatIntervalMs":333,"drainMs":10000,"backlogProbe":true,"sweeps":false,"externalEffects":false,"durable":true}
{"event":"worker.outbox.summary","level":"info","timestamp":"2026-10-08T15:07:34.500Z","workerId":"worker-handoff-190","reason":"start","claimed":0,"processed":0,"failed":0,"deadLettered":0,"handoffs":0,"errors":0,"claimFailures":0,"leaseLost":0,"heartbeats":0,"idlePolls":0,"released":0,"lag":null,"inFlight":0}
{"event":"worker.metric","name":"worker_outbox_lag","value":0,"attributes":{"operation":"outbox"},"timestamp":"2026-10-08T15:07:34.500Z"}
{"event":"worker.idle_backoff","level":"debug","timestamp":"2026-10-08T15:07:34.500Z","workerId":"worker-handoff-190","backoffMs":5,"lag":0}
{"event":"worker.outbox.handoff","level":"warn","timestamp":"2026-10-08T15:07:34.500Z","eventId":"outbox_2b547095-2eee-4c5e-a706-4c197c819ccd","workerId":"worker-handoff-190","status":"handoff","operation":"outbox"}
{"event":"worker.metric","name":"worker_outbox_handoffs_total","value":1,"attributes":{"outcome":"handoff"},"timestamp":"2026-10-08T15:07:34.500Z"}
{"event":"worker.outbox.summary","level":"info","timestamp":"2026-10-08T15:07:34.506Z","workerId":"worker-handoff-190","reason":"stop","claimed":1,"processed":0,"failed":0,"deadLettered":0,"handoffs":1,"errors":0,"claimFailures":0,"leaseLost":0,"heartbeats":0,"idlePolls":1,"released":0,"lag":0,"inFlight":0}
{"event":"worker.stopped","level":"info","timestamp":"2026-10-08T15:07:34.506Z","workerId":"worker-handoff-190","drained":true,"released":0,"releaseFailed":0,"processed":0,"failed":0,"deadLettered":0,"lag":0}
{"event":"worker.started","level":"info","timestamp":"2026-10-08T15:07:34.568Z","workerId":"worker-stop-190","concurrency":2,"pollIntervalMs":5,"idleMaxBackoffMs":5000,"errorBackoffMs":500,"errorMaxBackoffMs":30000,"leaseMs":1000,"heartbeatIntervalMs":333,"drainMs":10000,"backlogProbe":true,"sweeps":false,"externalEffects":false,"durable":true}
{"event":"worker.outbox.summary","level":"info","timestamp":"2026-10-08T15:07:34.568Z","workerId":"worker-stop-190","reason":"start","claimed":0,"processed":0,"failed":0,"deadLettered":0,"handoffs":0,"errors":0,"claimFailures":0,"leaseLost":0,"heartbeats":0,"idlePolls":0,"released":0,"lag":null,"inFlight":0}
{"event":"worker.metric","name":"worker_outbox_lag","value":0,"attributes":{"operation":"outbox"},"timestamp":"2026-10-08T15:07:34.569Z"}
{"event":"worker.idle_backoff","level":"debug","timestamp":"2026-10-08T15:07:34.569Z","workerId":"worker-stop-190","backoffMs":5,"lag":0}
{"event":"worker.outbox.summary","level":"info","timestamp":"2026-10-08T15:07:34.569Z","workerId":"worker-stop-190","reason":"stop","claimed":0,"processed":0,"failed":0,"deadLettered":0,"handoffs":0,"errors":0,"claimFailures":0,"leaseLost":0,"heartbeats":0,"idlePolls":1,"released":0,"lag":0,"inFlight":0}
{"event":"worker.stopped","level":"info","timestamp":"2026-10-08T15:07:34.569Z","workerId":"worker-stop-190","drained":true,"released":0,"releaseFailed":0,"processed":0,"failed":0,"deadLettered":0,"lag":0}
 [32m✓[39m apps/worker/src/__tests__/continuous-worker.test.ts [2m([22m[2m28 tests[22m[2m)[22m[33m 821[2mms[22m[39m
     [33m[2m✓[22m[39m exits non-zero when the real entrypoint starts without required config [33m 443[2mms[22m[39m
 [32m✓[39m apps/web/src/features/platform/release-candidate-ledger.test.tsx [2m([22m[2m1 test[22m[2m)[22m[33m 457[2mms[22m[39m
     [33m[2m✓[22m[39m records and validates controlled evidence without mutating the version [33m 456[2mms[22m[39m
 [32m✓[39m apps/api/src/__tests__/identity-composition-wiring.test.ts [2m([22m[2m8 tests[22m[2m)[22m[33m 614[2mms[22m[39m
     [33m[2m✓[22m[39m fails the real entrypoint closed before resolver composition without runtime proof [33m 488[2mms[22m[39m
 [32m✓[39m apps/web/src/features/platform/platform.test.tsx [2m([22m[2m3 tests[22m[2m)[22m[33m 464[2mms[22m[39m
 [32m✓[39m tests/worker-controlled-smoke.test.js [2m([22m[2m1 test[22m[2m)[22m[33m 558[2mms[22m[39m
     [33m[2m✓[22m[39m proves the configured local composition claims and acknowledges one event [33m 556[2mms[22m[39m
 [32m✓[39m packages/model-gateway/src/__tests__/gateway.test.ts [2m([22m[2m16 tests[22m[2m)[22m[33m 624[2mms[22m[39m
     [33m[2m✓[22m[39m enforces a real deadline and retries only bounded times [33m 603[2mms[22m[39m
 [32m✓[39m tests/worker-startup-smoke.test.js [2m([22m[2m1 test[22m[2m)[22m[33m 550[2mms[22m[39m
     [33m[2m✓[22m[39m proves the real entrypoint fails closed without a queue adapter [33m 548[2mms[22m[39m
 [32m✓[39m apps/api/src/__tests__/branches-b-20260925.test.ts [2m([22m[2m54 tests[22m[2m)[22m[33m 414[2mms[22m[39m
 [32m✓[39m apps/web/src/features/journeys/journeys.test.tsx [2m([22m[2m2 tests[22m[2m)[22m[33m 358[2mms[22m[39m
     [33m[2m✓[22m[39m walks identify, draft, link and approval-blocked scheduling steps [33m 314[2mms[22m[39m
 [32m✓[39m apps/web/src/features/platform/knowledge-source-catalog.test.tsx [2m([22m[2m1 test[22m[2m)[22m[33m 358[2mms[22m[39m
     [33m[2m✓[22m[39m loads, creates and approves metadata without editing an agent snapshot [33m 357[2mms[22m[39m
 [32m✓[39m apps/web/src/features/platform/handoff-policy-control-center.test.tsx [2m([22m[2m2 tests[22m[2m)[22m[33m 363[2mms[22m[39m
 [32m✓[39m apps/web/src/__tests__/attendance-approval-conflict.test.tsx [2m([22m[2m2 tests[22m[2m)[22m[33m 315[2mms[22m[39m
 [32m✓[39m apps/web/src/__tests__/audit-checkpoint-app.test.tsx [2m([22m[2m1 test[22m[2m)[22m[32m 288[2mms[22m[39m
 [32m✓[39m apps/api/src/__tests__/platform-control-plane.test.ts [2m([22m[2m9 tests[22m[2m)[22m[33m 344[2mms[22m[39m
 [32m✓[39m apps/web/src/features/orchestration/orchestration.test.tsx [2m([22m[2m6 tests[22m[2m)[22m[33m 301[2mms[22m[39m
 [32m✓[39m apps/web/src/features/platform/prompt-profile-control-center.test.tsx [2m([22m[2m1 test[22m[2m)[22m[32m 252[2mms[22m[39m
 [32m✓[39m tests/phase11-formal-certification.test.js [2m([22m[2m14 tests[22m[2m)[22m[32m 289[2mms[22m[39m
 [32m✓[39m apps/api/src/__tests__/server-boundary-envelope.test.ts [2m([22m[2m12 tests[22m[2m)[22m[32m 249[2mms[22m[39m
 [32m✓[39m apps/api/src/__tests__/platform-admin-routes-coverage.test.ts [2m([22m[2m7 tests[22m[2m)[22m[32m 246[2mms[22m[39m
 [32m✓[39m apps/api/src/__tests__/webhook-security.test.ts [2m([22m[2m17 tests[22m[2m | [22m[33m1 skipped[39m[2m)[22m[32m 193[2mms[22m[39m
 [32m✓[39m tests/critic-evidence.test.js [2m([22m[2m12 tests[22m[2m)[22m[32m 226[2mms[22m[39m
 [32m✓[39m tests/aud19-external-evidence.test.js [2m([22m[2m4 tests[22m[2m)[22m[32m 276[2mms[22m[39m
 [32m✓[39m apps/api/src/__tests__/published-runtime-integration.test.ts [2m([22m[2m6 tests[22m[2m)[22m[32m 220[2mms[22m[39m
 [32m✓[39m apps/api/src/__tests__/inbound-runtime-edges.test.ts [2m([22m[2m5 tests[22m[2m)[22m[32m 222[2mms[22m[39m
 [32m✓[39m apps/api/src/__tests__/production-boundary.test.ts [2m([22m[2m9 tests[22m[2m)[22m[32m 190[2mms[22m[39m
 [32m✓[39m apps/web/src/features/dead-letters/dead-letters.test.tsx [2m([22m[2m4 tests[22m[2m)[22m[32m 201[2mms[22m[39m
 [32m✓[39m apps/api/src/__tests__/publish-evidence-authority.test.ts [2m([22m[2m3 tests[22m[2m)[22m[32m 200[2mms[22m[39m
 [32m✓[39m apps/api/src/http-security.test.ts [2m([22m[2m10 tests[22m[2m)[22m[32m 178[2mms[22m[39m
 [32m✓[39m apps/api/src/__tests__/main-telemetry.test.ts [2m([22m[2m6 tests[22m[2m)[22m[32m 220[2mms[22m[39m
 [32m✓[39m apps/api/src/__tests__/operator-identity-rbac.test.ts [2m([22m[2m6 tests[22m[2m)[22m[32m 178[2mms[22m[39m
 [32m✓[39m apps/api/src/internal-task-field-boundary.test.ts [2m([22m[2m8 tests[22m[2m)[22m[32m 190[2mms[22m[39m
 [32m✓[39m apps/api/src/__tests__/operator-replay-guard.test.ts [2m([22m[2m5 tests[22m[2m | [22m[33m1 skipped[39m[2m)[22m[32m 162[2mms[22m[39m
 [32m✓[39m apps/api/src/__tests__/build-server-from-env-boundary.test.ts [2m([22m[2m8 tests[22m[2m)[22m[32m 186[2mms[22m[39m
 [32m✓[39m apps/api/src/__tests__/capability-approval-api.test.ts [2m([22m[2m4 tests[22m[2m)[22m[32m 180[2mms[22m[39m
 [32m✓[39m apps/api/src/__tests__/journey-routes-coverage.test.ts [2m([22m[2m4 tests[22m[2m)[22m[32m 173[2mms[22m[39m
 [32m✓[39m apps/api/src/__tests__/attendance-approval-atomic.test.ts [2m([22m[2m6 tests[22m[2m)[22m[32m 178[2mms[22m[39m
 [32m✓[39m packages/agent-runtime/src/__tests__/orchestration.test.ts [2m([22m[2m18 tests[22m[2m)[22m[32m 211[2mms[22m[39m
 [32m✓[39m apps/api/src/__tests__/runtime-approval-routes.test.ts [2m([22m[2m4 tests[22m[2m)[22m[32m 154[2mms[22m[39m
 [32m✓[39m apps/api/src/__tests__/identity-trusted-resolver.test.ts [2m([22m[2m7 tests[22m[2m)[22m[32m 179[2mms[22m[39m
 [32m✓[39m apps/api/src/http-target-boundary.test.ts [2m([22m[2m8 tests[22m[2m)[22m[32m 164[2mms[22m[39m
 [32m✓[39m tests/phase11-2-certification.test.js [2m([22m[2m5 tests[22m[2m)[22m[32m 154[2mms[22m[39m
 [32m✓[39m apps/web/src/features/tasks/tasks.test.tsx [2m([22m[2m2 tests[22m[2m)[22m[32m 148[2mms[22m[39m
 [32m✓[39m tests/bypass-sql-audit.test.js [2m([22m[2m429 tests[22m[2m)[22m[32m 130[2mms[22m[39m
 [32m✓[39m tests/aud20-10-composition.test.ts [2m([22m[2m13 tests[22m[2m)[22m[32m 149[2mms[22m[39m
 [32m✓[39m apps/api/src/__tests__/audit-evidence.test.ts [2m([22m[2m4 tests[22m[2m)[22m[32m 161[2mms[22m[39m
 [32m✓[39m tests/architecture.test.js [2m([22m[2m7 tests[22m[2m)[22m[32m 171[2mms[22m[39m
 [32m✓[39m apps/api/src/__tests__/rate-limit.test.ts [2m([22m[2m5 tests[22m[2m)[22m[32m 161[2mms[22m[39m
 [32m✓[39m packages/agent-runtime/src/__tests__/runtime-execution-recovery.test.ts [2m([22m[2m76 tests[22m[2m)[22m[32m 143[2mms[22m[39m
 [32m✓[39m apps/web/src/features/approvals/approvals.test.tsx [2m([22m[2m3 tests[22m[2m)[22m[32m 145[2mms[22m[39m
 [32m✓[39m apps/api/src/approval-request-field-boundary.test.ts [2m([22m[2m5 tests[22m[2m)[22m[32m 139[2mms[22m[39m
 [32m✓[39m apps/api/src/rem-risk-boundary.test.ts [2m([22m[2m2 tests[22m[2m)[22m[32m 145[2mms[22m[39m
 [32m✓[39m apps/api/src/audit-filter-duplicate-boundary.test.ts [2m([22m[2m6 tests[22m[2m)[22m[32m 150[2mms[22m[39m
 [32m✓[39m apps/api/src/__tests__/http-security-edge-branches.test.ts [2m([22m[2m4 tests[22m[2m)[22m[32m 143[2mms[22m[39m
 [32m✓[39m apps/api/src/response-correlation.test.ts [2m([22m[2m6 tests[22m[2m)[22m[32m 144[2mms[22m[39m
 [32m✓[39m apps/api/src/__tests__/audit-evidence-checkpoint.test.ts [2m([22m[2m2 tests[22m[2m)[22m[32m 141[2mms[22m[39m
 [32m✓[39m apps/api/src/pagination-boundary.test.ts [2m([22m[2m5 tests[22m[2m)[22m[32m 139[2mms[22m[39m
 [32m✓[39m apps/api/src/__tests__/secretary-bootstrap.test.ts [2m([22m[2m2 tests[22m[2m)[22m[32m 153[2mms[22m[39m
 [32m✓[39m apps/api/src/http-request-boundary.test.ts [2m([22m[2m8 tests[22m[2m)[22m[32m 142[2mms[22m[39m
 [32m✓[39m packages/chaos/src/__tests__/chaos.test.ts [2m([22m[2m15 tests[22m[2m)[22m[32m 176[2mms[22m[39m
 [32m✓[39m apps/api/src/__tests__/task-lifecycle.test.ts [2m([22m[2m3 tests[22m[2m)[22m[32m 143[2mms[22m[39m
 [32m✓[39m apps/api/src/__tests__/knowledge-input-boundary.test.ts [2m([22m[2m2 tests[22m[2m)[22m[32m 154[2mms[22m[39m
 [32m✓[39m apps/web/src/features/conversations/timeline.test.tsx [2m([22m[2m2 tests[22m[2m)[22m[32m 133[2mms[22m[39m
 [32m✓[39m apps/api/src/__tests__/outbox-routes.test.ts [2m([22m[2m3 tests[22m[2m)[22m[32m 131[2mms[22m[39m
 [32m✓[39m packages/model-gateway/src/__tests__/local-http-providers.test.ts [2m([22m[2m12 tests[22m[2m)[22m[32m 164[2mms[22m[39m
 [32m✓[39m apps/api/src/__tests__/durable-inbound.test.ts [2m([22m[2m3 tests[22m[2m)[22m[32m 136[2mms[22m[39m
 [32m✓[39m apps/api/src/approval-decision-note-field-boundary.test.ts [2m([22m[2m3 tests[22m[2m)[22m[32m 122[2mms[22m[39m
 [32m✓[39m apps/api/src/__tests__/test-suite-catalog.test.ts [2m([22m[2m1 test[22m[2m)[22m[32m 143[2mms[22m[39m
 [32m✓[39m apps/api/src/metrics-exposure.test.ts [2m([22m[2m2 tests[22m[2m)[22m[32m 142[2mms[22m[39m
 [32m✓[39m apps/api/src/__tests__/health.test.ts [2m([22m[2m2 tests[22m[2m)[22m[32m 138[2mms[22m[39m
 [32m✓[39m apps/api/src/__tests__/release-candidate-ledger.test.ts [2m([22m[2m2 tests[22m[2m)[22m[32m 135[2mms[22m[39m
 [32m✓[39m apps/api/src/__tests__/audit-evidence-checkpoint-boundary.test.ts [2m([22m[2m2 tests[22m[2m)[22m[32m 139[2mms[22m[39m
 [32m✓[39m apps/api/src/__tests__/tenant-inbound-isolation.test.ts [2m([22m[2m4 tests[22m[2m)[22m[32m 155[2mms[22m[39m
 [32m✓[39m tests/browser-parity-reproducer.test.js [2m([22m[2m3 tests[22m[2m)[22m[32m 150[2mms[22m[39m
 [32m✓[39m packages/channel-gateway/src/__tests__/channel-effect-malformed-version.test.ts [2m([22m[2m6 tests[22m[2m)[22m[32m 139[2mms[22m[39m
 [32m✓[39m apps/web/src/features/conversations/conversations.test.tsx [2m([22m[2m1 test[22m[2m)[22m[32m 111[2mms[22m[39m
 [32m✓[39m apps/web/src/features/audit/audit-checkpoint.test.tsx [2m([22m[2m1 test[22m[2m)[22m[32m 116[2mms[22m[39m
 [32m✓[39m apps/api/src/__tests__/orchestration-observability.test.ts [2m([22m[2m5 tests[22m[2m)[22m[32m 147[2mms[22m[39m
 [32m✓[39m packages/policy-engine/src/__tests__/aud06-n3-policy.test.ts [2m([22m[2m22 tests[22m[2m)[22m[32m 93[2mms[22m[39m
 [32m✓[39m apps/api/src/__tests__/conversation-list.test.ts [2m([22m[2m2 tests[22m[2m)[22m[32m 122[2mms[22m[39m
 [32m✓[39m apps/api/src/__tests__/plugin-catalog.test.ts [2m([22m[2m1 test[22m[2m)[22m[32m 117[2mms[22m[39m
 [32m✓[39m apps/api/src/__tests__/small-module-boundaries.test.ts [2m([22m[2m8 tests[22m[2m)[22m[32m 118[2mms[22m[39m
 [32m✓[39m tests/aud20-05-resource-attestation-check.test.js [2m([22m[2m8 tests[22m[2m)[22m[32m 136[2mms[22m[39m
 [32m✓[39m apps/api/src/request-metrics.test.ts [2m([22m[2m3 tests[22m[2m)[22m[32m 116[2mms[22m[39m
 [32m✓[39m tests/e2e/critical-flows.test.ts [2m([22m[2m1 test[22m[2m)[22m[32m 118[2mms[22m[39m
{"event":"worker.sweep_tick","level":"info","timestamp":"2026-10-08T15:08:59.209Z","now":"2026-09-13T00:00:00.000Z","journalReleased":1,"approvalsReleased":2,"approvalsUncertain":1,"goalsInspected":0,"goalsResumed":0,"goalsSkipped":0,"goalsCompleted":0,"goalRecoveryFailures":0,"durationMs":0,"operation":"sweep"}
{"event":"worker.metric","name":"worker_sweep_journal_released_total","value":1,"attributes":{"operation":"sweep"},"timestamp":"2026-10-08T15:08:59.211Z"}
{"event":"worker.metric","name":"worker_sweep_approvals_released_total","value":2,"attributes":{"status":"released"},"timestamp":"2026-10-08T15:08:59.211Z"}
{"event":"worker.metric","name":"worker_sweep_approvals_uncertain_total","value":1,"attributes":{"status":"uncertain"},"timestamp":"2026-10-08T15:08:59.211Z"}
{"event":"worker.metric","name":"worker_sweep_goals_inspected_total","value":0,"attributes":{"operation":"goal_recovery"},"timestamp":"2026-10-08T15:08:59.211Z"}
{"event":"worker.metric","name":"worker_sweep_goals_resumed_total","value":0,"attributes":{"operation":"goal_recovery"},"timestamp":"2026-10-08T15:08:59.211Z"}
{"event":"worker.metric","name":"worker_sweep_goals_completed_total","value":0,"attributes":{"operation":"goal_recovery"},"timestamp":"2026-10-08T15:08:59.211Z"}
{"event":"worker.metric","name":"worker_sweep_goal_recovery_failures_total","value":0,"attributes":{"operation":"goal_recovery"},"timestamp":"2026-10-08T15:08:59.211Z"}
{"event":"worker.started","level":"info","timestamp":"2026-10-08T15:08:59.213Z","workerId":"worker-sweeps-191","concurrency":2,"pollIntervalMs":5,"idleMaxBackoffMs":5000,"errorBackoffMs":500,"errorMaxBackoffMs":30000,"leaseMs":1000,"heartbeatIntervalMs":333,"drainMs":10000,"backlogProbe":true,"sweeps":true,"externalEffects":false,"durable":true}
{"event":"worker.sweep_started","level":"info","timestamp":"2026-10-08T15:08:59.213Z","intervalMs":10,"operation":"sweep"}
{"event":"worker.outbox.summary","level":"info","timestamp":"2026-10-08T15:08:59.213Z","workerId":"worker-sweeps-191","reason":"start","claimed":0,"processed":0,"failed":0,"deadLettered":0,"handoffs":0,"errors":0,"claimFailures":0,"leaseLost":0,"heartbeats":0,"idlePolls":0,"released":0,"lag":null,"inFlight":0}
{"event":"worker.metric","name":"worker_outbox_lag","value":0,"attributes":{"operation":"outbox"},"timestamp":"2026-10-08T15:08:59.214Z"}
{"event":"worker.idle_backoff","level":"debug","timestamp":"2026-10-08T15:08:59.214Z","workerId":"worker-sweeps-191","backoffMs":5,"lag":0}
{"event":"worker.idle_backoff","level":"debug","timestamp":"2026-10-08T15:08:59.220Z","workerId":"worker-sweeps-191","backoffMs":10,"lag":0}
{"event":"worker.sweep_tick","level":"info","timestamp":"2026-10-08T15:08:59.224Z","now":"2026-10-08T15:08:59.224Z","journalReleased":0,"approvalsReleased":0,"approvalsUncertain":0,"goalsInspected":0,"goalsResumed":0,"goalsSkipped":0,"goalsCompleted":0,"goalRecoveryFailures":0,"durationMs":0,"operation":"sweep"}
{"event":"worker.metric","name":"worker_sweep_journal_released_total","value":0,"attributes":{"operation":"sweep"},"timestamp":"2026-10-08T15:08:59.224Z"}
{"event":"worker.metric","name":"worker_sweep_approvals_released_total","value":0,"attributes":{"status":"released"},"timestamp":"2026-10-08T15:08:59.224Z"}
{"event":"worker.metric","name":"worker_sweep_approvals_uncertain_total","value":0,"attributes":{"status":"uncertain"},"timestamp":"2026-10-08T15:08:59.224Z"}
{"event":"worker.metric","name":"worker_sweep_goals_inspected_total","value":0,"attributes":{"operation":"goal_recovery"},"timestamp":"2026-10-08T15:08:59.224Z"}
{"event":"worker.metric","name":"worker_sweep_goals_resumed_total","value":0,"attributes":{"operation":"goal_recovery"},"timestamp":"2026-10-08T15:08:59.224Z"}
{"event":"worker.metric","name":"worker_sweep_goals_completed_total","value":0,"attributes":{"operation":"goal_recovery"},"timestamp":"2026-10-08T15:08:59.224Z"}
{"event":"worker.metric","name":"worker_sweep_goal_recovery_failures_total","value":0,"attributes":{"operation":"goal_recovery"},"timestamp":"2026-10-08T15:08:59.224Z"}
{"event":"worker.sweep_stopped","level":"info","timestamp":"2026-10-08T15:08:59.225Z","operation":"sweep"}
{"event":"worker.outbox.summary","level":"info","timestamp":"2026-10-08T15:08:59.225Z","workerId":"worker-sweeps-191","reason":"stop","claimed":0,"processed":0,"failed":0,"deadLettered":0,"handoffs":0,"errors":0,"claimFailures":0,"leaseLost":0,"heartbeats":0,"idlePolls":2,"released":0,"lag":0,"inFlight":0}
{"event":"worker.stopped","level":"info","timestamp":"2026-10-08T15:08:59.225Z","workerId":"worker-sweeps-191","drained":true,"released":0,"releaseFailed":0,"processed":0,"failed":0,"deadLettered":0,"lag":0}
 [32m✓[39m apps/worker/src/__tests__/worker-sweeps.test.ts [2m([22m[2m7 tests[22m[2m)[22m[32m 144[2mms[22m[39m
 [32m✓[39m apps/api/src/prompt-profile-error-boundary.test.ts [2m([22m[2m4 tests[22m[2m)[22m[32m 121[2mms[22m[39m
 [32m✓[39m apps/api/src/__tests__/observability.test.ts [2m([22m[2m1 test[22m[2m)[22m[32m 120[2mms[22m[39m
 [32m✓[39m apps/api/src/__tests__/journeys-api.test.ts [2m([22m[2m1 test[22m[2m)[22m[32m 112[2mms[22m[39m
 [32m✓[39m apps/api/src/__tests__/audit-route.integration.test.ts [2m([22m[2m1 test[22m[2m)[22m[32m 115[2mms[22m[39m
 [32m✓[39m apps/api/src/__tests__/approval-actions.test.ts [2m([22m[2m1 test[22m[2m)[22m[32m 112[2mms[22m[39m
 [32m✓[39m apps/api/src/__tests__/knowledge-source-catalog.test.ts [2m([22m[2m1 test[22m[2m)[22m[32m 113[2mms[22m[39m
 [32m✓[39m apps/api/src/__tests__/correlation.test.ts [2m([22m[2m1 test[22m[2m)[22m[32m 108[2mms[22m[39m
 [32m✓[39m tests/aud20-05-replay-grants-probe.test.js [2m([22m[2m6 tests[22m[2m)[22m[32m 99[2mms[22m[39m
 [32m✓[39m packages/platform/src/__tests__/critical-safety-preflight.test.ts [2m([22m[2m9 tests[22m[2m)[22m[32m 114[2mms[22m[39m
 [32m✓[39m apps/api/src/__tests__/aud17-connected-redteam.test.ts [2m([22m[2m1 test[22m[2m)[22m[32m 114[2mms[22m[39m
 [32m✓[39m packages/agent-runtime/src/__tests__/runtime-journal.test.ts [2m([22m[2m19 tests[22m[2m)[22m[32m 79[2mms[22m[39m
 [32m✓[39m packages/platform/src/__tests__/branches-b-20260925.test.ts [2m([22m[2m25 tests[22m[2m)[22m[32m 85[2mms[22m[39m
 [32m✓[39m packages/platform/src/__tests__/platform-foundation.test.ts [2m([22m[2m20 tests[22m[2m)[22m[32m 90[2mms[22m[39m
 [32m✓[39m packages/agent-runtime/src/__tests__/aud06-n3-executor.test.ts [2m([22m[2m16 tests[22m[2m)[22m[32m 90[2mms[22m[39m
 [32m✓[39m packages/shared/src/__tests__/lifecycle.test.ts [2m([22m[2m5 tests[22m[2m)[22m[32m 110[2mms[22m[39m
 [32m✓[39m packages/platform/src/__tests__/safety-assessment.test.ts [2m([22m[2m29 tests[22m[2m)[22m[32m 74[2mms[22m[39m
 [32m✓[39m packages/channel-gateway/src/__tests__/channel-effect-journal-edges.test.ts [2m([22m[2m9 tests[22m[2m)[22m[32m 103[2mms[22m[39m
 [32m✓[39m packages/agent-runtime/src/__tests__/runtime-kernel-coverage.test.ts [2m([22m[2m40 tests[22m[2m)[22m[32m 68[2mms[22m[39m
 [32m✓[39m apps/worker/src/__tests__/postgres-controlled-hardening.test.ts [2m([22m[2m8 tests[22m[2m)[22m[32m 63[2mms[22m[39m
 [32m✓[39m apps/worker/src/__tests__/postgres-role-preflight-fake-20260925.test.ts [2m([22m[2m22 tests[22m[2m)[22m[32m 55[2mms[22m[39m
 [32m✓[39m packages/agent-runtime/src/__tests__/runtime-branch-hardening.test.ts [2m([22m[2m35 tests[22m[2m)[22m[32m 69[2mms[22m[39m
 [32m✓[39m packages/channel-gateway/src/__tests__/channel-coverage-journal-hardening.test.ts [2m([22m[2m12 tests[22m[2m)[22m[32m 72[2mms[22m[39m
 [32m✓[39m packages/channel-gateway/src/__tests__/channel-coverage-gateway-journal-paths.test.ts [2m([22m[2m16 tests[22m[2m)[22m[32m 67[2mms[22m[39m
 [32m✓[39m packages/agent-runtime/src/__tests__/effect-journal.test.ts [2m([22m[2m41 tests[22m[2m)[22m[32m 57[2mms[22m[39m
 [32m✓[39m packages/shared/src/__tests__/shared-branches-hardening.test.ts [2m([22m[2m16 tests[22m[2m)[22m[32m 70[2mms[22m[39m
 [32m✓[39m packages/policy-engine/src/__tests__/execution-contract-matrix.test.ts [2m([22m[2m10 tests[22m[2m)[22m[32m 48[2mms[22m[39m
 [32m✓[39m apps/worker/src/__tests__/postgres-controlled.test.ts [2m([22m[2m6 tests[22m[2m)[22m[32m 53[2mms[22m[39m
 [32m✓[39m packages/agent-runtime/src/__tests__/runtime-binding.test.ts [2m([22m[2m17 tests[22m[2m)[22m[32m 45[2mms[22m[39m
 [32m✓[39m packages/agent-runtime/src/__tests__/runtime-limits.test.ts [2m([22m[2m16 tests[22m[2m)[22m[32m 49[2mms[22m[39m
 [32m✓[39m tests/aud06-state-routing.test.js [2m([22m[2m13 tests[22m[2m)[22m[32m 50[2mms[22m[39m
 [32m✓[39m packages/platform/src/__tests__/plugin-gateway-hardening.test.ts [2m([22m[2m12 tests[22m[2m)[22m[32m 45[2mms[22m[39m
 [32m✓[39m apps/worker/src/__tests__/worker.test.ts [2m([22m[2m1 test[22m[2m)[22m[32m 44[2mms[22m[39m
{"event":"worker.outbox.summary","level":"info","timestamp":"2026-10-08T15:09:26.994Z","workerId":"worker-branches-b","reason":"stop","claimed":0,"processed":0,"failed":0,"deadLettered":0,"handoffs":0,"errors":0,"claimFailures":0,"leaseLost":0,"heartbeats":0,"idlePolls":0,"released":0,"lag":null,"inFlight":0}
{"event":"worker.stopped","level":"info","timestamp":"2026-10-08T15:09:26.996Z","workerId":"worker-branches-b","drained":true,"released":0,"releaseFailed":0,"processed":0,"failed":0,"deadLettered":0,"lag":null}
{"event":"worker.started","level":"info","timestamp":"2026-10-08T15:09:26.996Z","workerId":"worker-branches-b","concurrency":2,"pollIntervalMs":5,"idleMaxBackoffMs":5000,"errorBackoffMs":500,"errorMaxBackoffMs":30000,"leaseMs":1000,"heartbeatIntervalMs":333,"drainMs":50,"backlogProbe":true,"sweeps":false,"externalEffects":false,"durable":true}
{"event":"worker.outbox.summary","level":"info","timestamp":"2026-10-08T15:09:26.996Z","workerId":"worker-branches-b","reason":"start","claimed":0,"processed":0,"failed":0,"deadLettered":0,"handoffs":0,"errors":0,"claimFailures":0,"leaseLost":0,"heartbeats":0,"idlePolls":0,"released":0,"lag":null,"inFlight":0}
{"event":"worker.metric","name":"worker_outbox_lag","value":0,"attributes":{"operation":"outbox"},"timestamp":"2026-10-08T15:09:26.997Z"}
{"event":"worker.idle_backoff","level":"debug","timestamp":"2026-10-08T15:09:26.997Z","workerId":"worker-branches-b","backoffMs":5,"lag":0}
{"event":"worker.outbox.summary","level":"info","timestamp":"2026-10-08T15:09:26.997Z","workerId":"worker-branches-b","reason":"stop","claimed":0,"processed":0,"failed":0,"deadLettered":0,"handoffs":0,"errors":0,"claimFailures":0,"leaseLost":0,"heartbeats":0,"idlePolls":1,"released":0,"lag":0,"inFlight":0}
{"event":"worker.stopped","level":"info","timestamp":"2026-10-08T15:09:26.997Z","workerId":"worker-branches-b","drained":true,"released":0,"releaseFailed":0,"processed":0,"failed":0,"deadLettered":0,"lag":0}
{"event":"worker.started","level":"info","timestamp":"2026-10-08T15:09:26.997Z","workerId":"worker-branches-b","concurrency":2,"pollIntervalMs":5,"idleMaxBackoffMs":5000,"errorBackoffMs":500,"errorMaxBackoffMs":30000,"leaseMs":1000,"heartbeatIntervalMs":333,"drainMs":50,"backlogProbe":true,"sweeps":false,"externalEffects":false,"durable":true}
{"event":"worker.outbox.summary","level":"info","timestamp":"2026-10-08T15:09:26.997Z","workerId":"worker-branches-b","reason":"start","claimed":0,"processed":0,"failed":0,"deadLettered":0,"handoffs":0,"errors":0,"claimFailures":0,"leaseLost":0,"heartbeats":0,"idlePolls":0,"released":0,"lag":null,"inFlight":0}
{"event":"worker.metric","name":"worker_outbox_lag","value":0,"attributes":{"operation":"outbox"},"timestamp":"2026-10-08T15:09:26.997Z"}
{"event":"worker.idle_backoff","level":"debug","timestamp":"2026-10-08T15:09:26.997Z","workerId":"worker-branches-b","backoffMs":5,"lag":0}
{"event":"worker.outbox.summary","level":"info","timestamp":"2026-10-08T15:09:26.997Z","workerId":"worker-branches-b","reason":"stop","claimed":0,"processed":0,"failed":0,"deadLettered":0,"handoffs":0,"errors":0,"claimFailures":0,"leaseLost":0,"heartbeats":0,"idlePolls":1,"released":0,"lag":0,"inFlight":0}
{"event":"worker.stopped","level":"info","timestamp":"2026-10-08T15:09:26.997Z","workerId":"worker-branches-b","drained":true,"released":0,"releaseFailed":0,"processed":0,"failed":0,"deadLettered":0,"lag":0}
{"event":"worker.started","level":"info","timestamp":"2026-10-08T15:09:26.998Z","workerId":"worker-branches-b","concurrency":2,"pollIntervalMs":5,"idleMaxBackoffMs":5000,"errorBackoffMs":500,"errorMaxBackoffMs":30000,"leaseMs":1000,"heartbeatIntervalMs":333,"drainMs":50,"backlogProbe":true,"sweeps":false,"externalEffects":false,"durable":true}
{"event":"worker.outbox.summary","level":"info","timestamp":"2026-10-08T15:09:26.998Z","workerId":"worker-branches-b","reason":"start","claimed":0,"processed":0,"failed":0,"deadLettered":0,"handoffs":0,"errors":0,"claimFailures":0,"leaseLost":0,"heartbeats":0,"idlePolls":0,"released":0,"lag":null,"inFlight":0}
{"event":"worker.metric","name":"worker_outbox_lag","value":0,"attributes":{"operation":"outbox"},"timestamp":"2026-10-08T15:09:26.998Z"}
{"event":"worker.idle_backoff","level":"debug","timestamp":"2026-10-08T15:09:26.998Z","workerId":"worker-branches-b","backoffMs":5,"lag":0}
{"event":"worker.outbox.summary","level":"info","timestamp":"2026-10-08T15:09:26.998Z","workerId":"worker-branches-b","reason":"stop","claimed":0,"processed":0,"failed":0,"deadLettered":0,"handoffs":0,"errors":0,"claimFailures":0,"leaseLost":0,"heartbeats":0,"idlePolls":1,"released":0,"lag":0,"inFlight":0}
{"event":"worker.stopped","level":"info","timestamp":"2026-10-08T15:09:26.998Z","workerId":"worker-branches-b","drained":true,"released":0,"releaseFailed":0,"processed":0,"failed":0,"deadLettered":0,"lag":0}
{"event":"worker.started","level":"info","timestamp":"2026-10-08T15:09:26.998Z","workerId":"worker-branches-b","concurrency":2,"pollIntervalMs":5,"idleMaxBackoffMs":5000,"errorBackoffMs":500,"errorMaxBackoffMs":30000,"leaseMs":1000,"heartbeatIntervalMs":333,"drainMs":50,"backlogProbe":true,"sweeps":false,"externalEffects":false,"durable":true}
{"event":"worker.outbox.summary","level":"info","timestamp":"2026-10-08T15:09:26.998Z","workerId":"worker-branches-b","reason":"start","claimed":0,"processed":0,"failed":0,"deadLettered":0,"handoffs":0,"errors":0,"claimFailures":0,"leaseLost":0,"heartbeats":0,"idlePolls":0,"released":0,"lag":null,"inFlight":0}
{"event":"worker.metric","name":"worker_outbox_lag","value":0,"attributes":{"operation":"outbox"},"timestamp":"2026-10-08T15:09:26.998Z"}
{"event":"worker.idle_backoff","level":"debug","timestamp":"2026-10-08T15:09:26.998Z","workerId":"worker-branches-b","backoffMs":5,"lag":0}
{"event":"worker.outbox.summary","level":"info","timestamp":"2026-10-08T15:09:26.998Z","workerId":"worker-branches-b","reason":"stop","claimed":0,"processed":0,"failed":0,"deadLettered":0,"handoffs":0,"errors":0,"claimFailures":0,"leaseLost":0,"heartbeats":0,"idlePolls":1,"released":0,"lag":0,"inFlight":0}
{"event":"worker.stopped","level":"info","timestamp":"2026-10-08T15:09:26.998Z","workerId":"worker-branches-b","drained":true,"released":0,"releaseFailed":0,"processed":0,"failed":0,"deadLettered":0,"lag":0}
{"event":"worker.started","level":"info","timestamp":"2026-10-08T15:09:26.999Z","workerId":"worker-branches-b","concurrency":2,"pollIntervalMs":5,"idleMaxBackoffMs":5000,"errorBackoffMs":500,"errorMaxBackoffMs":30000,"leaseMs":1000,"heartbeatIntervalMs":333,"drainMs":50,"backlogProbe":true,"sweeps":false,"externalEffects":false,"durable":true}
{"event":"worker.outbox.summary","level":"info","timestamp":"2026-10-08T15:09:26.999Z","workerId":"worker-branches-b","reason":"start","claimed":0,"processed":0,"failed":0,"deadLettered":0,"handoffs":0,"errors":0,"claimFailures":0,"leaseLost":0,"heartbeats":0,"idlePolls":0,"released":0,"lag":null,"inFlight":0}
{"event":"worker.metric","name":"worker_outbox_lag","value":0,"attributes":{"operation":"outbox"},"timestamp":"2026-10-08T15:09:26.999Z"}
{"event":"worker.idle_backoff","level":"debug","timestamp":"2026-10-08T15:09:26.999Z","workerId":"worker-branches-b","backoffMs":5,"lag":0}
{"event":"worker.outbox.summary","level":"info","timestamp":"2026-10-08T15:09:26.999Z","workerId":"worker-branches-b","reason":"stop","claimed":0,"processed":0,"failed":0,"deadLettered":0,"handoffs":0,"errors":0,"claimFailures":0,"leaseLost":0,"heartbeats":0,"idlePolls":1,"released":0,"lag":0,"inFlight":0}
{"event":"worker.stopped","level":"info","timestamp":"2026-10-08T15:09:26.999Z","workerId":"worker-branches-b","drained":true,"released":0,"releaseFailed":0,"processed":0,"failed":0,"deadLettered":0,"lag":0}
{"event":"worker.started","level":"info","timestamp":"2026-10-08T15:09:26.999Z","workerId":"worker-branches-b","concurrency":2,"pollIntervalMs":5,"idleMaxBackoffMs":5000,"errorBackoffMs":500,"errorMaxBackoffMs":30000,"leaseMs":1000,"heartbeatIntervalMs":333,"drainMs":50,"backlogProbe":true,"sweeps":true,"externalEffects":false,"durable":true}
{"event":"worker.outbox.summary","level":"info","timestamp":"2026-10-08T15:09:26.999Z","workerId":"worker-branches-b","reason":"start","claimed":0,"processed":0,"failed":0,"deadLettered":0,"handoffs":0,"errors":0,"claimFailures":0,"leaseLost":0,"heartbeats":0,"idlePolls":0,"released":0,"lag":null,"inFlight":0}
{"event":"worker.metric","name":"worker_outbox_lag","value":0,"attributes":{"operation":"outbox"},"timestamp":"2026-10-08T15:09:26.999Z"}
{"event":"worker.idle_backoff","level":"debug","timestamp":"2026-10-08T15:09:26.999Z","workerId":"worker-branches-b","backoffMs":5,"lag":0}
{"event":"worker.outbox.summary","level":"info","timestamp":"2026-10-08T15:09:26.999Z","workerId":"worker-branches-b","reason":"stop","claimed":0,"processed":0,"failed":0,"deadLettered":0,"handoffs":0,"errors":0,"claimFailures":0,"leaseLost":0,"heartbeats":0,"idlePolls":1,"released":0,"lag":0,"inFlight":0}
{"event":"worker.stopped","level":"info","timestamp":"2026-10-08T15:09:26.999Z","workerId":"worker-branches-b","drained":true,"released":0,"releaseFailed":0,"processed":0,"failed":0,"deadLettered":0,"lag":0}
{"event":"worker.started","level":"info","timestamp":"2026-10-08T15:09:27.000Z","workerId":"worker-branches-b","concurrency":2,"pollIntervalMs":5,"idleMaxBackoffMs":5000,"errorBackoffMs":500,"errorMaxBackoffMs":30000,"leaseMs":1000,"heartbeatIntervalMs":333,"drainMs":50,"backlogProbe":true,"sweeps":true,"externalEffects":false,"durable":true}
{"event":"worker.outbox.summary","level":"info","timestamp":"2026-10-08T15:09:27.000Z","workerId":"worker-branches-b","reason":"start","claimed":0,"processed":0,"failed":0,"deadLettered":0,"handoffs":0,"errors":0,"claimFailures":0,"leaseLost":0,"heartbeats":0,"idlePolls":0,"released":0,"lag":null,"inFlight":0}
{"event":"worker.sweep_stop_failed","level":"error","timestamp":"2026-10-08T15:09:27.000Z","workerId":"worker-branches-b","error":"[redacted-outbox-error]"}
{"event":"worker.metric","name":"worker_outbox_lag","value":0,"attributes":{"operation":"outbox"},"timestamp":"2026-10-08T15:09:27.000Z"}
{"event":"worker.idle_backoff","level":"debug","timestamp":"2026-10-08T15:09:27.000Z","workerId":"worker-branches-b","backoffMs":5,"lag":0}
{"event":"worker.outbox.summary","level":"info","timestamp":"2026-10-08T15:09:27.000Z","workerId":"worker-branches-b","reason":"stop","claimed":0,"processed":0,"failed":0,"deadLettered":0,"handoffs":0,"errors":0,"claimFailures":0,"leaseLost":0,"heartbeats":0,"idlePolls":1,"released":0,"lag":0,"inFlight":0}
{"event":"worker.stopped","level":"info","timestamp":"2026-10-08T15:09:27.000Z","workerId":"worker-branches-b","drained":true,"released":0,"releaseFailed":0,"processed":0,"failed":0,"deadLettered":0,"lag":0}
 [32m✓[39m apps/worker/src/__tests__/branches-b-20260925.test.ts [2m([22m[2m80 tests[22m[2m)[22m[32m 49[2mms[22m[39m
 [32m✓[39m packages/agent-core/src/__tests__/published-agent-runtime.test.ts [2m([22m[2m9 tests[22m[2m)[22m[32m 50[2mms[22m[39m
 [32m✓[39m tests/phase11-certification.test.js [2m([22m[2m3 tests[22m[2m)[22m[32m 43[2mms[22m[39m
 [32m✓[39m packages/channel-gateway/src/__tests__/channel-coverage-gateway-hardening.test.ts [2m([22m[2m10 tests[22m[2m)[22m[32m 49[2mms[22m[39m
 [32m✓[39m packages/channel-gateway/src/__tests__/channel-effect-journal.test.ts [2m([22m[2m11 tests[22m[2m)[22m[32m 47[2mms[22m[39m
 [32m✓[39m packages/platform/src/__tests__/secretary-preset.test.ts [2m([22m[2m2 tests[22m[2m)[22m[32m 49[2mms[22m[39m
 [32m✓[39m apps/worker/src/__tests__/published-worker-runtime.test.ts [2m([22m[2m9 tests[22m[2m)[22m[32m 43[2mms[22m[39m
 [32m✓[39m apps/worker/src/__tests__/worker-health.test.ts [2m([22m[2m9 tests[22m[2m)[22m[32m 44[2mms[22m[39m
 [32m✓[39m packages/platform/src/__tests__/prompt-profile.test.ts [2m([22m[2m8 tests[22m[2m)[22m[32m 41[2mms[22m[39m
 [32m✓[39m packages/platform/src/__tests__/output-policy.test.ts [2m([22m[2m35 tests[22m[2m)[22m[32m 41[2mms[22m[39m
 [32m✓[39m packages/persistence/src/__tests__/platform-control-plane-repository.test.ts [2m([22m[2m9 tests[22m[2m)[22m[32m 36[2mms[22m[39m
 [32m✓[39m packages/persistence/src/__tests__/restore-integrity.test.ts [2m([22m[2m12 tests[22m[2m)[22m[32m 37[2mms[22m[39m
 [32m✓[39m packages/agent-runtime/src/__tests__/runtime-legacy-rearm.test.ts [2m([22m[2m8 tests[22m[2m)[22m[32m 40[2mms[22m[39m
 [32m✓[39m packages/platform/src/__tests__/test-lab-events.test.ts [2m([22m[2m5 tests[22m[2m)[22m[32m 35[2mms[22m[39m
 [32m✓[39m packages/platform/src/__tests__/controlled-tool-registry.test.ts [2m([22m[2m5 tests[22m[2m)[22m[32m 36[2mms[22m[39m
 [32m✓[39m packages/observability/src/__tests__/runtime-collector.test.ts [2m([22m[2m28 tests[22m[2m)[22m[32m 36[2mms[22m[39m
 [32m✓[39m packages/agent-runtime/src/__tests__/runtime-sweep-operation-key.test.ts [2m([22m[2m7 tests[22m[2m)[22m[32m 38[2mms[22m[39m
 [32m✓[39m apps/web/src/features/audit/audit-view.test.tsx [2m([22m[2m1 test[22m[2m)[22m[32m 35[2mms[22m[39m
 [32m✓[39m apps/worker/src/__tests__/published-worker-knowledge-boundary.test.ts [2m([22m[2m5 tests[22m[2m)[22m[32m 36[2mms[22m[39m
 [32m✓[39m packages/platform/src/__tests__/test-suite-catalog.test.ts [2m([22m[2m2 tests[22m[2m)[22m[32m 33[2mms[22m[39m
 [32m✓[39m packages/platform/src/__tests__/handoff-policy.test.ts [2m([22m[2m3 tests[22m[2m)[22m[32m 35[2mms[22m[39m
 [32m✓[39m packages/platform/src/__tests__/tool-invocation-boundary.test.ts [2m([22m[2m14 tests[22m[2m)[22m[32m 29[2mms[22m[39m
 [32m✓[39m packages/channel-gateway/src/__tests__/channel-effect-hash-version.test.ts [2m([22m[2m9 tests[22m[2m)[22m[32m 27[2mms[22m[39m
 [32m✓[39m packages/agent-runtime/src/__tests__/agent-runtime.test.ts [2m([22m[2m9 tests[22m[2m)[22m[32m 37[2mms[22m[39m
 [32m✓[39m packages/model-gateway/src/__tests__/gateway-hardening.test.ts [2m([22m[2m36 tests[22m[2m)[22m[32m 26[2mms[22m[39m
 [32m✓[39m apps/api/src/__tests__/tenant-isolation-branch-hardening.test.ts [2m([22m[2m12 tests[22m[2m)[22m[32m 26[2mms[22m[39m
 [32m✓[39m packages/platform/src/__tests__/knowledge-input-boundary.test.ts [2m([22m[2m3 tests[22m[2m)[22m[32m 26[2mms[22m[39m
 [32m✓[39m packages/persistence/src/__tests__/coverage-20260925.test.ts [2m([22m[2m45 tests[22m[2m)[22m[32m 28[2mms[22m[39m
 [32m✓[39m packages/persistence/src/__tests__/outbox-edge.test.ts [2m([22m[2m22 tests[22m[2m)[22m[32m 24[2mms[22m[39m
 [32m✓[39m packages/platform/src/__tests__/knowledge-resolver.test.ts [2m([22m[2m1 test[22m[2m)[22m[32m 24[2mms[22m[39m
 [32m✓[39m packages/approval-engine/src/__tests__/approval-critical-coverage.test.ts [2m([22m[2m36 tests[22m[2m)[22m[32m 24[2mms[22m[39m
 [32m✓[39m tests/aud20-10-alerts-ledger.test.ts [2m([22m[2m10 tests[22m[2m)[22m[32m 14[2mms[22m[39m
 [32m✓[39m packages/agent-runtime/src/__tests__/effect-journal-edges.test.ts [2m([22m[2m19 tests[22m[2m)[22m[32m 20[2mms[22m[39m
 [32m✓[39m packages/platform/src/__tests__/plugin-registry-versioning.test.ts [2m([22m[2m3 tests[22m[2m)[22m[32m 21[2mms[22m[39m
 [32m✓[39m packages/persistence/src/__tests__/tenant-isolation.test.ts [2m([22m[2m14 tests[22m[2m | [22m[33m2 skipped[39m[2m)[22m[32m 25[2mms[22m[39m
 [32m✓[39m packages/platform/src/__tests__/publish-evidence-authority.test.ts [2m([22m[2m4 tests[22m[2m)[22m[32m 16[2mms[22m[39m
 [32m✓[39m packages/approval-engine/src/__tests__/approval-coverage-closure.test.ts [2m([22m[2m14 tests[22m[2m)[22m[32m 22[2mms[22m[39m
 [32m✓[39m packages/platform/src/__tests__/capability-approval-gateway.test.ts [2m([22m[2m4 tests[22m[2m)[22m[32m 18[2mms[22m[39m
 [32m✓[39m packages/observability/src/__tests__/observability.test.ts [2m([22m[2m12 tests[22m[2m)[22m[32m 21[2mms[22m[39m
 [32m✓[39m packages/agent-evals/src/__tests__/eval-contract.test.ts [2m([22m[2m16 tests[22m[2m)[22m[32m 23[2mms[22m[39m
 [32m✓[39m packages/agent-runtime/src/__tests__/capability-action-binding.test.ts [2m([22m[2m3 tests[22m[2m)[22m[32m 20[2mms[22m[39m
 [32m✓[39m packages/channel-gateway/src/__tests__/channel-gateway.test.ts [2m([22m[2m14 tests[22m[2m)[22m[32m 20[2mms[22m[39m
 [32m✓[39m packages/platform/src/__tests__/trace-governance.test.ts [2m([22m[2m14 tests[22m[2m)[22m[32m 20[2mms[22m[39m
 [32m✓[39m packages/persistence/src/__tests__/outbox-branch-hardening.test.ts [2m([22m[2m11 tests[22m[2m)[22m[32m 22[2mms[22m[39m
 [32m✓[39m apps/api/src/__tests__/trusted-operator-identity.test.ts [2m([22m[2m10 tests[22m[2m)[22m[32m 13[2mms[22m[39m
 [32m✓[39m packages/persistence/src/__tests__/platform-approval-repository.test.ts [2m([22m[2m3 tests[22m[2m)[22m[32m 17[2mms[22m[39m
 [32m✓[39m packages/approval-engine/src/__tests__/approval-lifecycle.test.ts [2m([22m[2m19 tests[22m[2m)[22m[32m 18[2mms[22m[39m
 [32m✓[39m packages/persistence/src/__tests__/conversation-repository.test.ts [2m([22m[2m15 tests[22m[2m)[22m[32m 18[2mms[22m[39m
 [32m✓[39m packages/observability/src/__tests__/observability-coverage.test.ts [2m([22m[2m5 tests[22m[2m)[22m[32m 17[2mms[22m[39m
 [32m✓[39m packages/channel-gateway/src/__tests__/channel-adapters-branch-hardening.test.ts [2m([22m[2m5 tests[22m[2m)[22m[32m 13[2mms[22m[39m
 [32m✓[39m packages/channel-gateway/src/__tests__/channel-effect-reconciliation-actor.test.ts [2m([22m[2m6 tests[22m[2m)[22m[32m 18[2mms[22m[39m
 [32m✓[39m packages/persistence/src/__tests__/repository-error-paths.test.ts [2m([22m[2m7 tests[22m[2m)[22m[32m 21[2mms[22m[39m
 [32m✓[39m packages/channel-gateway/src/__tests__/channel-coverage-inbound-adapters.test.ts [2m([22m[2m11 tests[22m[2m)[22m[32m 14[2mms[22m[39m
 [32m✓[39m apps/worker/src/__tests__/kernel-coverage-20260925.test.ts [2m([22m[2m27 tests[22m[2m)[22m[32m 18[2mms[22m[39m
 [32m✓[39m packages/platform/src/__tests__/event-bus-hardening.test.ts [2m([22m[2m7 tests[22m[2m)[22m[32m 20[2mms[22m[39m
 [32m✓[39m packages/platform/src/__tests__/release-candidate-ledger.test.ts [2m([22m[2m5 tests[22m[2m)[22m[32m 19[2mms[22m[39m
 [32m✓[39m packages/agent-evals/src/__tests__/agent-evals.test.ts [2m([22m[2m8 tests[22m[2m)[22m[32m 20[2mms[22m[39m
 [32m✓[39m packages/approval-engine/src/__tests__/approval-lifecycle-edges.test.ts [2m([22m[2m10 tests[22m[2m)[22m[32m 15[2mms[22m[39m
 [32m✓[39m packages/platform/src/__tests__/approval-authority.test.ts [2m([22m[2m6 tests[22m[2m)[22m[32m 16[2mms[22m[39m
 [32m✓[39m packages/persistence/src/__tests__/branches-b-20260925.test.ts [2m([22m[2m30 tests[22m[2m)[22m[32m 18[2mms[22m[39m
 [32m✓[39m packages/observability/src/__tests__/branches-b-20260925.test.ts [2m([22m[2m19 tests[22m[2m)[22m[32m 16[2mms[22m[39m
 [32m✓[39m packages/platform/src/__tests__/malformed-model-output.test.ts [2m([22m[2m1 test[22m[2m)[22m[32m 18[2mms[22m[39m
 [32m✓[39m apps/worker/src/__tests__/kernel-composition-state.test.ts [2m([22m[2m12 tests[22m[2m)[22m[32m 18[2mms[22m[39m
 [32m✓[39m packages/persistence/src/__tests__/audit-evidence-checkpoint.test.ts [2m([22m[2m3 tests[22m[2m)[22m[32m 18[2mms[22m[39m
 [32m✓[39m packages/agent-evals/src/__tests__/integrated-holdout.test.ts [2m([22m[2m6 tests[22m[2m)[22m[32m 18[2mms[22m[39m
 [32m✓[39m packages/agent-core/src/__tests__/receive-inbound-message.test.ts [2m([22m[2m9 tests[22m[2m)[22m[32m 13[2mms[22m[39m
 [32m✓[39m packages/platform/src/__tests__/secretary-preset-hardening.test.ts [2m([22m[2m3 tests[22m[2m)[22m[32m 15[2mms[22m[39m
 [32m✓[39m packages/model-gateway/src/__tests__/providers.test.ts [2m([22m[2m14 tests[22m[2m)[22m[32m 16[2mms[22m[39m
 [32m✓[39m packages/policy-engine/src/__tests__/policy-engine.test.ts [2m([22m[2m14 tests[22m[2m)[22m[32m 12[2mms[22m[39m
 [32m✓[39m packages/channel-gateway/src/__tests__/channel-coverage.test.ts [2m([22m[2m6 tests[22m[2m)[22m[32m 14[2mms[22m[39m
 [32m✓[39m packages/persistence/src/__tests__/retention.test.ts [2m([22m[2m27 tests[22m[2m)[22m[32m 16[2mms[22m[39m
 [32m✓[39m packages/agent-evals/src/__tests__/branches-b-20260925.test.ts [2m([22m[2m10 tests[22m[2m)[22m[32m 18[2mms[22m[39m
 [32m✓[39m packages/observability/src/__tests__/observability-exercise.test.ts [2m([22m[2m4 tests[22m[2m)[22m[32m 15[2mms[22m[39m
 [32m✓[39m packages/persistence/src/__tests__/audit-evidence-checkpoint-postgres.test.ts [2m([22m[2m2 tests[22m[2m)[22m[32m 16[2mms[22m[39m
 [32m✓[39m packages/observability/src/__tests__/sli-slo-catalog.test.ts [2m([22m[2m4 tests[22m[2m)[22m[32m 15[2mms[22m[39m
 [32m✓[39m tests/phase11-score-rubric.test.js [2m([22m[2m6 tests[22m[2m)[22m[32m 10[2mms[22m[39m
 [32m✓[39m packages/platform/src/__tests__/event-bus.test.ts [2m([22m[2m8 tests[22m[2m)[22m[32m 16[2mms[22m[39m
 [32m✓[39m packages/platform/src/__tests__/platform-misc-hardening.test.ts [2m([22m[2m6 tests[22m[2m)[22m[32m 15[2mms[22m[39m
 [32m✓[39m packages/rag/src/__tests__/institutional-rag-hardening.test.ts [2m([22m[2m8 tests[22m[2m)[22m[32m 15[2mms[22m[39m
 [32m✓[39m apps/worker/src/__tests__/controlled-worker-hardening.test.ts [2m([22m[2m7 tests[22m[2m)[22m[32m 13[2mms[22m[39m
 [32m✓[39m packages/platform/src/__tests__/plugin-catalog.test.ts [2m([22m[2m1 test[22m[2m)[22m[32m 16[2mms[22m[39m
 [32m✓[39m packages/channel-gateway/src/__tests__/channel-effect-race.test.ts [2m([22m[2m2 tests[22m[2m)[22m[32m 14[2mms[22m[39m
 [32m✓[39m apps/api/src/__tests__/bootstrap-coverage-20260925.test.ts [2m([22m[2m21 tests[22m[2m)[22m[32m 13[2mms[22m[39m
 [32m✓[39m tests/docs-readiness.test.js [2m([22m[2m7 tests[22m[2m)[22m[32m 12[2mms[22m[39m
 [32m✓[39m packages/shared/src/__tests__/shared-contracts.test.ts [2m([22m[2m11 tests[22m[2m)[22m[32m 14[2mms[22m[39m
 [32m✓[39m packages/persistence/src/__tests__/runtime-trace-correlation.test.ts [2m([22m[2m2 tests[22m[2m)[22m[32m 13[2mms[22m[39m
 [32m✓[39m packages/approval-engine/src/__tests__/approval-lifecycle-fencing.test.ts [2m([22m[2m6 tests[22m[2m)[22m[32m 12[2mms[22m[39m
 [32m✓[39m packages/persistence/src/__tests__/outbox.test.ts [2m([22m[2m6 tests[22m[2m)[22m[32m 13[2mms[22m[39m
 [32m✓[39m packages/persistence/src/__tests__/persistence-schema.test.ts [2m([22m[2m7 tests[22m[2m)[22m[32m 12[2mms[22m[39m
 [32m✓[39m apps/api/src/__tests__/request-context.test.ts [2m([22m[2m12 tests[22m[2m)[22m[32m 12[2mms[22m[39m
 [32m✓[39m packages/agent-evals/src/__tests__/datasets-coverage-20260925.test.ts [2m([22m[2m6 tests[22m[2m)[22m[32m 12[2mms[22m[39m
 [32m✓[39m packages/observability/src/__tests__/collector.test.ts [2m([22m[2m8 tests[22m[2m)[22m[32m 12[2mms[22m[39m
 [32m✓[39m packages/persistence/src/__tests__/outbox-memory.test.ts [2m([22m[2m6 tests[22m[2m)[22m[32m 12[2mms[22m[39m
 [32m✓[39m packages/shared/src/__tests__/audit-governance-hardening.test.ts [2m([22m[2m10 tests[22m[2m)[22m[32m 9[2mms[22m[39m
 [32m✓[39m packages/persistence/src/__tests__/journeys.test.ts [2m([22m[2m2 tests[22m[2m)[22m[32m 10[2mms[22m[39m
 [32m✓[39m packages/approval-engine/src/__tests__/approval-engine.test.ts [2m([22m[2m10 tests[22m[2m)[22m[32m 13[2mms[22m[39m
 [32m✓[39m apps/api/src/__tests__/request-query.test.ts [2m([22m[2m7 tests[22m[2m)[22m[32m 11[2mms[22m[39m
 [32m✓[39m packages/approval-engine/src/__tests__/approval-operation-key.test.ts [2m([22m[2m7 tests[22m[2m)[22m[32m 11[2mms[22m[39m
 [32m✓[39m packages/tools/src/__tests__/platform-adapter.test.ts [2m([22m[2m1 test[22m[2m)[22m[32m 10[2mms[22m[39m
 [32m✓[39m apps/web/src/features/platform/prompt-profile.test.ts [2m([22m[2m5 tests[22m[2m)[22m[32m 11[2mms[22m[39m
 [32m✓[39m packages/platform/src/__tests__/model-provider-boundary.test.ts [2m([22m[2m4 tests[22m[2m)[22m[32m 11[2mms[22m[39m
 [32m✓[39m packages/persistence/src/__tests__/attendance-approval-atomic.test.ts [2m([22m[2m6 tests[22m[2m)[22m[32m 11[2mms[22m[39m
 [32m✓[39m packages/persistence/src/__tests__/release-candidate-repository.test.ts [2m([22m[2m3 tests[22m[2m)[22m[32m 13[2mms[22m[39m
 [32m✓[39m packages/agent-runtime/src/__tests__/proposal-errors.test.ts [2m([22m[2m10 tests[22m[2m)[22m[32m 8[2mms[22m[39m
 [32m✓[39m packages/model-gateway/src/__tests__/edge-coverage.test.ts [2m([22m[2m15 tests[22m[2m)[22m[32m 13[2mms[22m[39m
 [32m✓[39m packages/policy-engine/src/__tests__/capability-scope.test.ts [2m([22m[2m15 tests[22m[2m)[22m[32m 10[2mms[22m[39m
 [32m✓[39m apps/api/src/startup-failure.test.ts [2m([22m[2m8 tests[22m[2m)[22m[32m 12[2mms[22m[39m
 [32m✓[39m packages/persistence/src/__tests__/restore.test.ts [2m([22m[2m5 tests[22m[2m)[22m[32m 10[2mms[22m[39m
 [32m✓[39m apps/api/src/__tests__/orchestration-observability-coverage-20260925.test.ts [2m([22m[2m13 tests[22m[2m)[22m[32m 11[2mms[22m[39m
 [32m✓[39m packages/policy-engine/src/__tests__/policy-coverage.test.ts [2m([22m[2m6 tests[22m[2m)[22m[32m 10[2mms[22m[39m
 [32m✓[39m apps/worker/src/__tests__/controlled-worker.test.ts [2m([22m[2m2 tests[22m[2m)[22m[32m 8[2mms[22m[39m
 [32m✓[39m apps/worker/src/__tests__/outbox-recovery.test.ts [2m([22m[2m5 tests[22m[2m)[22m[32m 10[2mms[22m[39m
 [32m✓[39m packages/persistence/src/__tests__/plugin-catalog-repository.test.ts [2m([22m[2m1 test[22m[2m)[22m[32m 10[2mms[22m[39m
 [32m✓[39m apps/api/src/__tests__/identity-key-ring-rotation.test.ts [2m([22m[2m8 tests[22m[2m)[22m[32m 10[2mms[22m[39m
 [32m✓[39m apps/web/src/api/audit-evidence-checkpoint-client.test.ts [2m([22m[2m3 tests[22m[2m)[22m[32m 8[2mms[22m[39m
 [32m✓[39m apps/web/src/api/release-candidate-client.test.ts [2m([22m[2m3 tests[22m[2m)[22m[32m 8[2mms[22m[39m
 [32m✓[39m packages/agent-core/src/__tests__/coverage-20260925.test.ts [2m([22m[2m5 tests[22m[2m)[22m[32m 6[2mms[22m[39m
 [32m✓[39m packages/policy-engine/src/__tests__/policy-engine-branch-hardening.test.ts [2m([22m[2m9 tests[22m[2m)[22m[32m 9[2mms[22m[39m
 [32m✓[39m packages/persistence/src/__tests__/runtime-audit-chain.test.ts [2m([22m[2m2 tests[22m[2m)[22m[32m 8[2mms[22m[39m
 [32m✓[39m packages/observability/src/__tests__/alerts.test.ts [2m([22m[2m9 tests[22m[2m)[22m[32m 8[2mms[22m[39m
 [32m✓[39m packages/workflows/src/__tests__/persistent-journey.flow.test.ts [2m([22m[2m5 tests[22m[2m)[22m[32m 9[2mms[22m[39m
 [32m✓[39m tests/aud19-certification-guards.test.js [2m([22m[2m9 tests[22m[2m)[22m[32m 9[2mms[22m[39m
 [32m✓[39m packages/chaos/src/__tests__/faults-coverage.test.ts [2m([22m[2m3 tests[22m[2m)[22m[32m 8[2mms[22m[39m
 [32m✓[39m packages/platform/src/__tests__/knowledge-source-catalog.test.ts [2m([22m[2m2 tests[22m[2m)[22m[32m 9[2mms[22m[39m
 [32m✓[39m packages/tools/src/__tests__/journey-tools.test.ts [2m([22m[2m2 tests[22m[2m)[22m[32m 8[2mms[22m[39m
 [32m✓[39m packages/approval-engine/src/__tests__/approval-coverage.test.ts [2m([22m[2m3 tests[22m[2m)[22m[32m 7[2mms[22m[39m
 [32m✓[39m tests/repository-structure.test.js [2m([22m[2m2 tests[22m[2m)[22m[32m 7[2mms[22m[39m
 [32m✓[39m apps/api/src/__tests__/request-context-branches-20260925.test.ts [2m([22m[2m8 tests[22m[2m)[22m[32m 9[2mms[22m[39m
 [32m✓[39m tests/phase11-eval-contract.test.js [2m([22m[2m24 tests[22m[2m)[22m[32m 8[2mms[22m[39m
 [32m✓[39m packages/platform/src/__tests__/tool-invocation-boundary-hardening.test.ts [2m([22m[2m9 tests[22m[2m)[22m[32m 8[2mms[22m[39m
 [32m✓[39m packages/shared/src/__tests__/ssrf.test.ts [2m([22m[2m34 tests[22m[2m)[22m[32m 7[2mms[22m[39m
 [32m✓[39m packages/rag/src/__tests__/institutional-rag.test.ts [2m([22m[2m3 tests[22m[2m)[22m[32m 5[2mms[22m[39m
 [32m✓[39m packages/agent-runtime/src/__tests__/composition-branch-hardening.test.ts [2m([22m[2m7 tests[22m[2m)[22m[32m 6[2mms[22m[39m
 [32m✓[39m apps/worker/src/__tests__/worker-observability.test.ts [2m([22m[2m4 tests[22m[2m)[22m[32m 7[2mms[22m[39m
 [32m✓[39m packages/agent-core/src/__tests__/conversation-session.integration.test.ts [2m([22m[2m1 test[22m[2m)[22m[32m 6[2mms[22m[39m
 [32m✓[39m tests/aud20-16-capacity-model.test.js [2m([22m[2m5 tests[22m[2m)[22m[32m 6[2mms[22m[39m
 [32m✓[39m packages/persistence/src/__tests__/audit-repository.test.ts [2m([22m[2m2 tests[22m[2m)[22m[32m 6[2mms[22m[39m
 [32m✓[39m packages/tools/src/__tests__/local-handlers-hardening.test.ts [2m([22m[2m5 tests[22m[2m)[22m[32m 7[2mms[22m[39m
 [32m✓[39m apps/worker/src/__tests__/production-worker-guard.test.ts [2m([22m[2m11 tests[22m[2m)[22m[32m 7[2mms[22m[39m
 [32m✓[39m packages/persistence/src/__tests__/retention-renewal.test.ts [2m([22m[2m12 tests[22m[2m)[22m[32m 7[2mms[22m[39m
 [32m✓[39m packages/adapters/src/__tests__/controlled-delivery.test.ts [2m([22m[2m2 tests[22m[2m)[22m[32m 5[2mms[22m[39m
 [32m✓[39m tests/construction-readiness.test.js [2m([22m[2m4 tests[22m[2m)[22m[32m 5[2mms[22m[39m
 [32m✓[39m packages/persistence/src/__tests__/session-version-pinning.test.ts [2m([22m[2m2 tests[22m[2m)[22m[32m 6[2mms[22m[39m
 [32m✓[39m packages/platform/src/__tests__/retention-ledger.test.ts [2m([22m[2m2 tests[22m[2m)[22m[32m 7[2mms[22m[39m
 [32m✓[39m packages/shared/src/__tests__/http-security-env.test.ts [2m([22m[2m4 tests[22m[2m)[22m[32m 6[2mms[22m[39m
 [32m✓[39m packages/platform/src/__tests__/model-provider.test.ts [2m([22m[2m3 tests[22m[2m)[22m[32m 6[2mms[22m[39m
 [32m✓[39m packages/adapters/src/__tests__/model-adapter.test.ts [2m([22m[2m3 tests[22m[2m)[22m[32m 6[2mms[22m[39m
 [32m✓[39m packages/workflows/src/__tests__/intent-workflow.flow.test.ts [2m([22m[2m5 tests[22m[2m)[22m[32m 5[2mms[22m[39m
 [32m✓[39m tests/aud19-critical-coverage.test.js [2m([22m[2m5 tests[22m[2m)[22m[32m 6[2mms[22m[39m
 [32m✓[39m packages/shared/src/__tests__/ids-hardening.test.ts [2m([22m[2m3 tests[22m[2m)[22m[32m 6[2mms[22m[39m
 [32m✓[39m apps/web/src/api/client.test.ts [2m([22m[2m1 test[22m[2m)[22m[32m 4[2mms[22m[39m
 [32m✓[39m packages/platform/src/__tests__/qualification.test.ts [2m([22m[2m3 tests[22m[2m)[22m[32m 5[2mms[22m[39m
 [32m✓[39m packages/platform/src/__tests__/handoff.test.ts [2m([22m[2m2 tests[22m[2m)[22m[32m 4[2mms[22m[39m
 [32m✓[39m packages/agent-core/src/__tests__/internal-task.integration.test.ts [2m([22m[2m1 test[22m[2m)[22m[32m 4[2mms[22m[39m
 [32m✓[39m tests/aud20-19-qualification.test.js [2m([22m[2m5 tests[22m[2m)[22m[32m 6[2mms[22m[39m
 [32m✓[39m packages/tools/src/__tests__/tool-registry.test.ts [2m([22m[2m2 tests[22m[2m)[22m[32m 5[2mms[22m[39m
 [32m✓[39m packages/shared/src/__tests__/canonical.test.ts [2m([22m[2m9 tests[22m[2m)[22m[32m 5[2mms[22m[39m
 [32m✓[39m packages/shared/src/__tests__/auth-identity-mode.test.ts [2m([22m[2m3 tests[22m[2m)[22m[32m 4[2mms[22m[39m
 [32m✓[39m packages/adapters/src/__tests__/fake-whatsapp-adapter.test.ts [2m([22m[2m2 tests[22m[2m)[22m[32m 5[2mms[22m[39m
 [32m✓[39m tests/ci-workflow-contract.test.js [2m([22m[2m6 tests[22m[2m)[22m[32m 5[2mms[22m[39m
 [32m✓[39m packages/policy/src/__tests__/policy-engine.test.ts [2m([22m[2m3 tests[22m[2m)[22m[32m 4[2mms[22m[39m
 [32m✓[39m packages/tools/src/__tests__/owner-patient-tools.integration.test.ts [2m([22m[2m1 test[22m[2m)[22m[32m 3[2mms[22m[39m
 [32m✓[39m packages/workflows/src/__tests__/institutional-rag-safe.flow.test.ts [2m([22m[2m1 test[22m[2m)[22m[32m 3[2mms[22m[39m
 [32m✓[39m tests/release-candidate-boundary.test.js [2m([22m[2m5 tests[22m[2m)[22m[32m 4[2mms[22m[39m
 [32m✓[39m packages/shared/src/__tests__/data-classification.test.ts [2m([22m[2m7 tests[22m[2m)[22m[32m 4[2mms[22m[39m
 [32m✓[39m packages/policy/src/__tests__/approval-state.integration.test.ts [2m([22m[2m1 test[22m[2m)[22m[32m 3[2mms[22m[39m
 [32m✓[39m apps/worker/src/__tests__/worker-docker-topology.test.ts [2m([22m[2m4 tests[22m[2m)[22m[32m 3[2mms[22m[39m
 [32m✓[39m packages/workflows/src/__tests__/triage-safety.flow.test.ts [2m([22m[2m1 test[22m[2m)[22m[32m 3[2mms[22m[39m
 [32m✓[39m tests/vitest-hermetic.test.ts [2m([22m[2m1 test[22m[2m)[22m[32m 3[2mms[22m[39m
 [32m✓[39m packages/persistence/src/__tests__/outbox-durability.test.ts [2m([22m[2m10 tests[22m[2m | [22m[33m8 skipped[39m[2m)[22m[32m 4[2mms[22m[39m
 [32m✓[39m tests/workspace-scripts.test.js [2m([22m[2m2 tests[22m[2m)[22m[32m 5[2mms[22m[39m
 [32m✓[39m packages/memory/src/__tests__/memory-facts.test.ts [2m([22m[2m1 test[22m[2m)[22m[32m 3[2mms[22m[39m
 [32m✓[39m packages/workflows/src/__tests__/scheduling-draft.flow.test.ts [2m([22m[2m1 test[22m[2m)[22m[32m 3[2mms[22m[39m
 [32m✓[39m packages/workflows/src/__tests__/handoff-summary.unit.test.ts [2m([22m[2m1 test[22m[2m)[22m[32m 3[2mms[22m[39m
 [2m[90m↓[39m[22m packages/chaos/src/__tests__/chaos-postgres.test.ts [2m([22m[2m2 tests[22m[2m | [22m[33m2 skipped[39m[2m)[22m

[2m Test Files [22m [1m[32m322 passed[39m[22m[2m | [22m[33m12 skipped[39m[90m (334)[39m
[2m      Tests [22m [1m[32m4338 passed[39m[22m[2m | [22m[33m200 skipped[39m[90m (4538)[39m
[2m   Start at [22m 14:59:27
[2m   Duration [22m 725.56s[2m (transform 4.71s, setup 0ms, import 40.70s, tests 477.36s, environment 174.67s)[22m


> cvg-claw@1.0.0 test:coverage
> vitest run --coverage --no-file-parallelism --maxWorkers=2


[1m[30m[46m RUN [49m[39m[22m [36mv4.1.11 [39m[90m/tmp/cvg-aud06-certification-aottnvx0/repo[39m
      [2mCoverage enabled with [22m[33mv8[39m

 [32m✓[39m tests/phase11-bypass-audit.test.js [2m([22m[2m1041 tests[22m[2m)[22m[33m 371728[2mms[22m[39m
     [33m[2m✓[22m[39m expands every identifier in a fixed readiness table list [33m 347[2mms[22m[39m
     [33m[2m✓[22m[39m does not grant mutable or mixed-table SQL a static exemption: const tables = ["api_rate_limit_buckets", "billing_items"] as const; for (const table of tables) { client.query(`DELETE FROM ${table} WHERE id=$1`) } [33m 350[2mms[22m[39m
     [33m[2m✓[22m[39m does not grant mutable or mixed-table SQL a static exemption: const tables = ["api_rate_limit_buckets"]; tables.push("billing_items"); for (const table of tables) { client.query(`DELETE FROM ${table} WHERE id=$1`) } [33m 343[2mms[22m[39m
     [33m[2m✓[22m[39m does not grant mutable or mixed-table SQL a static exemption: let sql = "SELECT 1"; sql = "DELETE FROM billing_items"; client.query(sql) [33m 336[2mms[22m[39m
     [33m[2m✓[22m[39m does not grant mutable or mixed-table SQL a static exemption: const config = {text:"SELECT 1"}; config.text = "DELETE FROM billing_items"; client.query(config) [33m 349[2mms[22m[39m
     [33m[2m✓[22m[39m rejects actual executable effects or unresolved query: f\u0065tch("https://example.invalid") [33m 339[2mms[22m[39m
     [33m[2m✓[22m[39m rejects actual executable effects or unresolved query: globalThis["f\u0065tch"]("https://example.invalid") [33m 347[2mms[22m[39m
     [33m[2m✓[22m[39m rejects actual executable effects or unresolved query: const fn = fetch; fn("https://example.invalid") [33m 342[2mms[22m[39m
     [33m[2m✓[22m[39m rejects actual executable effects or unresolved query: const fn = fetch.bind(globalThis); fn("https://example.invalid") [33m 341[2mms[22m[39m
     [33m[2m✓[22m[39m rejects actual executable effects or unresolved query: const run = client.query; run("DELETE FROM billing_items") [33m 358[2mms[22m[39m
     [33m[2m✓[22m[39m rejects actual executable effects or unresolved query: (fetch as typeof fetch)("https://example.invalid") [33m 343[2mms[22m[39m
     [33m[2m✓[22m[39m rejects actual executable effects or unresolved query: fetch!.apply(globalThis,["https://example.invalid"]) [33m 341[2mms[22m[39m
     [33m[2m✓[22m[39m rejects actual executable effects or unresolved query: client.query({text:"DELETE FROM billing_items", values:[]}) [33m 355[2mms[22m[39m
     [33m[2m✓[22m[39m rejects actual executable effects or unresolved query: client.query(unknownStatement) [33m 337[2mms[22m[39m
     [33m[2m✓[22m[39m recognizes only the existing pure parameter forwarder [33m 350[2mms[22m[39m
     [33m[2m✓[22m[39m does not exempt writes/effects in the forwarding file: const adapter = {query: (text, values) => client.query("DELETE FROM billing_items", values)} [33m 352[2mms[22m[39m
     [33m[2m✓[22m[39m does not exempt writes/effects in the forwarding file: const adapter = {query: (text, values) => client.query(text + " DELETE FROM billing_items", values)} [33m 369[2mms[22m[39m
     [33m[2m✓[22m[39m does not exempt writes/effects in the forwarding file: const adapter = {query: (text, values) => { fetch("https://example.invalid"); return client.query(text, values) }} [33m 345[2mms[22m[39m
     [33m[2m✓[22m[39m admits static quota metadata only: INSERT INTO api_rate_limit_buckets (namespace) VALUES ($1) ON CONFLICT (namespace) DO UPDATE SET request_count = 2 [33m 353[2mms[22m[39m
     [33m[2m✓[22m[39m admits static quota metadata only: DELETE FROM api_rate_limit_buckets WHERE reset_at <= clock_timestamp() [33m 344[2mms[22m[39m
     [33m[2m✓[22m[39m admits static quota metadata only: UPDATE api_rate_limit_buckets SET request_count = 2 [33m 349[2mms[22m[39m
     [33m[2m✓[22m[39m admits static quota metadata only: iNsErT /* reviewed quota */ INTO
 api_rate_limit_buckets (namespace) VALUES ($1) [33m 338[2mms[22m[39m
     [33m[2m✓[22m[39m rejects domain, mixed or unknown SQL within quota file: INSERT INTO patient_records (id) VALUES ($1) [33m 341[2mms[22m[39m
     [33m[2m✓[22m[39m rejects domain, mixed or unknown SQL within quota file: UPDATE appointments SET status = $1 [33m 337[2mms[22m[39m
     [33m[2m✓[22m[39m rejects domain, mixed or unknown SQL within quota file: DELETE FROM billing_items WHERE id = $1 [33m 356[2mms[22m[39m
     [33m[2m✓[22m[39m rejects domain, mixed or unknown SQL within quota file: INSERT INTO api_rate_limit_buckets VALUES ($1); INSERT INTO billing_items VALUES ($2) [33m 335[2mms[22m[39m
     [33m[2m✓[22m[39m rejects domain, mixed or unknown SQL within quota file: WITH deleted AS (DELETE FROM patient_records RETURNING id) INSERT INTO api_rate_limit_buckets SELECT id FROM deleted [33m 345[2mms[22m[39m
     [33m[2m✓[22m[39m rejects domain, mixed or unknown SQL within quota file: INSERT INTO ${table} VALUES ($1) [33m 347[2mms[22m[39m
     [33m[2m✓[22m[39m rejects domain, mixed or unknown SQL within quota file: UPDATE ${table} SET value = $1 [33m 350[2mms[22m[39m
     [33m[2m✓[22m[39m rejects domain, mixed or unknown SQL within quota file: UPDATE ${ tableName } SET value = $1 [33m 347[2mms[22m[39m
     [33m[2m✓[22m[39m rejects domain, mixed or unknown SQL within quota file: UPDATE "patient records" SET value = $1 [33m 342[2mms[22m[39m
     [33m[2m✓[22m[39m rejects domain, mixed or unknown SQL within quota file: UPDATE "public"."billing items" AS target SET value = $1 [33m 341[2mms[22m[39m
     [33m[2m✓[22m[39m rejects domain, mixed or unknown SQL within quota file: DELETE FROM ${table} WHERE id = $1 [33m 358[2mms[22m[39m
     [33m[2m✓[22m[39m rejects domain, mixed or unknown SQL within quota file: INSERT INTO public.api_rate_limit_buckets VALUES ($1) [33m 353[2mms[22m[39m
     [33m[2m✓[22m[39m rejects domain, mixed or unknown SQL within quota file: INSERT INTO api_rate_limit_buckets_evil VALUES ($1) [33m 351[2mms[22m[39m
     [33m[2m✓[22m[39m rejects domain, mixed or unknown SQL within quota file: uPdAtE /* disguised */ patient_records SET value = $1 [33m 352[2mms[22m[39m
     [33m[2m✓[22m[39m rejects domain, mixed or unknown SQL within quota file: DELETE /* disguised */ FROM
 appointments WHERE id = $1 [33m 358[2mms[22m[39m
     [33m[2m✓[22m[39m rejects domain, mixed or unknown SQL within quota file: INSERT INTO "billing_items" VALUES ($1) [33m 346[2mms[22m[39m
     [33m[2m✓[22m[39m rejects quota SQL in another source file [33m 355[2mms[22m[39m
     [33m[2m✓[22m[39m rejects external effects in quota file: fetch("https://example.invalid") [33m 353[2mms[22m[39m
     [33m[2m✓[22m[39m rejects external effects in quota file: sendMessage("synthetic") [33m 351[2mms[22m[39m
     [33m[2m✓[22m[39m preserves existing replay store exception: apps/api/src/webhook-security.ts [33m 355[2mms[22m[39m
     [33m[2m✓[22m[39m preserves existing replay store exception: apps/api/src/operator-replay-store.ts [33m 355[2mms[22m[39m
     [33m[2m✓[22m[39m includes untracked source files in the governed inventory [33m 340[2mms[22m[39m
     [33m[2m✓[22m[39m ignores comments without masking following domain writes [33m 352[2mms[22m[39m
     [33m[2m✓[22m[39m does not mistake a read-only privilege diagnostic for UPDATE SQL [33m 344[2mms[22m[39m
     [33m[2m✓[22m[39m fails closed when Git inventory cannot be read [33m 320[2mms[22m[39m
     [33m[2m✓[22m[39m 'positive-quota' [33m 363[2mms[22m[39m
     [33m[2m✓[22m[39m 'plain-domain-update' [33m 352[2mms[22m[39m
     [33m[2m✓[22m[39m 'mixed-quoted-alias' [33m 337[2mms[22m[39m
     [33m[2m✓[22m[39m 'update-quoted-alias' [33m 357[2mms[22m[39m
     [33m[2m✓[22m[39m 'delete-sql-line-comment' [33m 353[2mms[22m[39m
     [33m[2m✓[22m[39m 'update-sql-line-comment' [33m 343[2mms[22m[39m
     [33m[2m✓[22m[39m 'url-mask-domain' [33m 368[2mms[22m[39m
     [33m[2m✓[22m[39m 'mixed-cte-quoted-alias' [33m 359[2mms[22m[39m
     [33m[2m✓[22m[39m 'dynamic-quoted-alias' [33m 346[2mms[22m[39m
     [33m[2m✓[22m[39m 'positive-comment-only' [33m 338[2mms[22m[39m
     [33m[2m✓[22m[39m 'untracked-domain' [33m 344[2mms[22m[39m
     [33m[2m✓[22m[39m 'path-test-substring' [33m 349[2mms[22m[39m
     [33m[2m✓[22m[39m 'quota-quoted-target' [33m 344[2mms[22m[39m
     [33m[2m✓[22m[39m 'quota-schema-target' [33m 345[2mms[22m[39m
     [33m[2m✓[22m[39m 'positive-benign-url' [33m 356[2mms[22m[39m
     [33m[2m✓[22m[39m 'domain-after-block-comment' [33m 363[2mms[22m[39m
     [33m[2m✓[22m[39m 'tracked-path-test-substring' [33m 339[2mms[22m[39m
     [33m[2m✓[22m[39m 'real-test-ignored' [33m 332[2mms[22m[39m
     [33m[2m✓[22m[39m 'read-only-diagnostic' [33m 347[2mms[22m[39m
     [33m[2m✓[22m[39m 'positive-plain-quota-alias' [33m 360[2mms[22m[39m
     [33m[2m✓[22m[39m 'domain-quoted-alias-outside-exception' [33m 355[2mms[22m[39m
     [33m[2m✓[22m[39m retains forbidden effects after lexical normalization: const expression = /["']/; client.query(`DELETE FROM billing_items WHERE id=$1`) [33m 351[2mms[22m[39m
     [33m[2m✓[22m[39m retains forbidden effects after lexical normalization: const marker = "/*"; client.query(`INSERT INTO appointments VALUES ($1)`) [33m 347[2mms[22m[39m
     [33m[2m✓[22m[39m retains forbidden effects after lexical normalization: client.query("UPDATE patient_records AS \"target\" SET value=$1") [33m 343[2mms[22m[39m
     [33m[2m✓[22m[39m retains forbidden effects after lexical normalization: client.query(`INSERT INTO api_rate_limit_buckets VALUES ('-- literal'); DELETE FROM billing_items WHERE id=$1`) [33m 334[2mms[22m[39m
     [33m[2m✓[22m[39m retains forbidden effects after lexical normalization: const value = `${fetch("https://example.invalid")}` [33m 341[2mms[22m[39m
     [33m[2m✓[22m[39m rejects recognized writes with unresolved targets: client.query(`UPDATE patient_records * SET value=$1`) [33m 355[2mms[22m[39m
     [33m[2m✓[22m[39m rejects recognized writes with unresolved targets: client.query(`UPDATE ONLY (patient_records) SET value=$1`) [33m 337[2mms[22m[39m
     [33m[2m✓[22m[39m rejects recognized writes with unresolved targets: client.query("UPDATE " + table + " SET value=$1") [33m 352[2mms[22m[39m
     [33m[2m✓[22m[39m ignores SQL comment prose while retaining read-only SQL [33m 358[2mms[22m[39m
     [33m[2m✓[22m[39m preserves SQL values and ordinary constants: client.query(`SELECT has_table_privilege(current_user, 'patient_records', 'UPDATE')`) [33m 333[2mms[22m[39m
     [33m[2m✓[22m[39m preserves SQL values and ordinary constants: client.query(`INSERT INTO api_rate_limit_buckets VALUES ('DELETE FROM billing_items')`) [33m 348[2mms[22m[39m
     [33m[2m✓[22m[39m preserves SQL values and ordinary constants: const method = "DELETE"; const endpoint = "https://example.invalid" [33m 334[2mms[22m[39m
     [33m[2m✓[22m[39m fails closed on syntactically invalid source [33m 338[2mms[22m[39m
     [33m[2m✓[22m[39m 'sql-value-fetch-expression' [33m 351[2mms[22m[39m
     [33m[2m✓[22m[39m 'sql-comment-fetch-expression' [33m 367[2mms[22m[39m
     [33m[2m✓[22m[39m 'sql-blockcomment-send-expression' [33m 363[2mms[22m[39m
     [33m[2m✓[22m[39m 'sql-value-pure-expression' [33m 364[2mms[22m[39m
     [33m[2m✓[22m[39m 'SQL-standard-backslash-value' [33m 358[2mms[22m[39m
     [33m[2m✓[22m[39m 'SQL-escaped-value-positive' [33m 339[2mms[22m[39m
     [33m[2m✓[22m[39m rejects real expressions and following writes: client.query(`SELECT '${`inner${fetch("https://example.invalid")}`}'`) [33m 364[2mms[22m[39m
     [33m[2m✓[22m[39m rejects real expressions and following writes: sqlTag`SELECT /* ${sendMessage("synthetic")} */ 1` [33m 348[2mms[22m[39m
     [33m[2m✓[22m[39m rejects real expressions and following writes: fetch`https://example.invalid` [33m 340[2mms[22m[39m
     [33m[2m✓[22m[39m rejects real expressions and following writes: globalThis.fetch`https://example.invalid` [33m 347[2mms[22m[39m
     [33m[2m✓[22m[39m rejects real expressions and following writes: client.query(`INSERT INTO api_rate_limit_buckets VALUES ($1); UPDATE api_rate_limit_buckets AS "b'x" SET request_count=2; DELETE FROM billing_items WHERE id=$1`) [33m 357[2mms[22m[39m
     [33m[2m✓[22m[39m retains inert explicitly escaped SQL strings [33m 339[2mms[22m[39m
     [33m[2m✓[22m[39m preserves a pure tagged-template interpolation [33m 348[2mms[22m[39m
     [33m[2m✓[22m[39m 'host-optional-fetch' [33m 351[2mms[22m[39m
     [33m[2m✓[22m[39m 'host-parenthesized-fetch' [33m 336[2mms[22m[39m
     [33m[2m✓[22m[39m 'host-bracket-fetch' [33m 343[2mms[22m[39m
     [33m[2m✓[22m[39m 'host-generic-fetch' [33m 355[2mms[22m[39m
     [33m[2m✓[22m[39m 'host-optional-message' [33m 344[2mms[22m[39m
     [33m[2m✓[22m[39m 'host-parenthesized-message' [33m 350[2mms[22m[39m
     [33m[2m✓[22m[39m 'host-axios-post' [33m 338[2mms[22m[39m
     [33m[2m✓[22m[39m 'host-fetch-call' [33m 347[2mms[22m[39m
     [33m[2m✓[22m[39m 'host-sql-value-optional' [33m 361[2mms[22m[39m
     [33m[2m✓[22m[39m 'benign-fetch-string' [33m 346[2mms[22m[39m
     [33m[2m✓[22m[39m 'benign-message-string' [33m 352[2mms[22m[39m
     [33m[2m✓[22m[39m 'benign-plain-template' [33m 338[2mms[22m[39m
     [33m[2m✓[22m[39m 'unknown-opaque-quota-update' [33m 340[2mms[22m[39m
     [33m[2m✓[22m[39m 'unknown-incomplete-quota-update' [33m 340[2mms[22m[39m
     [33m[2m✓[22m[39m 'dollar-comment-value-domain-definitive' [33m 344[2mms[22m[39m
     [33m[2m✓[22m[39m 'dollar-comment-domain' [33m 344[2mms[22m[39m
     [33m[2m✓[22m[39m 'dollar-select-domain' [33m 348[2mms[22m[39m
     [33m[2m✓[22m[39m 'tagged-dollar-comment-domain' [33m 356[2mms[22m[39m
     [33m[2m✓[22m[39m 'dollar-inert-value' [33m 342[2mms[22m[39m
     [33m[2m✓[22m[39m 'read-only-quoted-identifier' [33m 362[2mms[22m[39m
     [33m[2m✓[22m[39m 'read-only-quoted-update-identifier' [33m 345[2mms[22m[39m
     [33m[2m✓[22m[39m 'quota-comment-external-call' [33m 357[2mms[22m[39m
     [33m[2m✓[22m[39m 'unknown-leading-semicolon' [33m 362[2mms[22m[39m
     [33m[2m✓[22m[39m 'read-only-select-for-update' [33m 343[2mms[22m[39m
     [33m[2m✓[22m[39m 'read-only-select-for-update-of' [33m 366[2mms[22m[39m
     [33m[2m✓[22m[39m 'inert_host_literals' [33m 351[2mms[22m[39m
     [33m[2m✓[22m[39m 'sql_shadow_param' [33m 361[2mms[22m[39m
     [33m[2m✓[22m[39m 'sql_shadow_catch' [33m 343[2mms[22m[39m
     [33m[2m✓[22m[39m 'sql_destructure_shadow' [33m 357[2mms[22m[39m
     [33m[2m✓[22m[39m 'sql_config_duplicate' [33m 352[2mms[22m[39m
     [33m[2m✓[22m[39m 'sql_config_spread_later' [33m 345[2mms[22m[39m
     [33m[2m✓[22m[39m 'sql_config_static_computed' [33m 370[2mms[22m[39m
     [33m[2m✓[22m[39m 'sql_config_alias_mutation' [33m 360[2mms[22m[39m
     [33m[2m✓[22m[39m 'sql_config_assign' [33m 354[2mms[22m[39m
     [33m[2m✓[22m[39m 'finite_loop_direct_mutation' [33m 358[2mms[22m[39m
     [33m[2m✓[22m[39m 'finite_loop_alias_mutation' [33m 339[2mms[22m[39m
     [33m[2m✓[22m[39m 'finite_loop_computed_mutation' [33m 363[2mms[22m[39m
     [33m[2m✓[22m[39m 'finite_loop_assign_mutation' [33m 346[2mms[22m[39m
     [33m[2m✓[22m[39m 'finite_loop_shadow' [33m 357[2mms[22m[39m
     [33m[2m✓[22m[39m 'static_object_alias_effect' [33m 377[2mms[22m[39m
     [33m[2m✓[22m[39m 'destructure_global_effect' [33m 355[2mms[22m[39m
     [33m[2m✓[22m[39m 'import_renamed_effect' [33m 347[2mms[22m[39m
     [33m[2m✓[22m[39m 'query_destructure' [33m 352[2mms[22m[39m
     [33m[2m✓[22m[39m 'query_wrapper_known' [33m 367[2mms[22m[39m
     [33m[2m✓[22m[39m 'literal_method_shadow' [33m 352[2mms[22m[39m
     [33m[2m✓[22m[39m 'literal_query_shadow' [33m 367[2mms[22m[39m
     [33m[2m✓[22m[39m 'shadow_param_no_outer_binding' [33m 366[2mms[22m[39m
     [33m[2m✓[22m[39m 'config_spread_before_good' [33m 354[2mms[22m[39m
     [33m[2m✓[22m[39m 'config_unknown_spread_after' [33m 358[2mms[22m[39m
     [33m[2m✓[22m[39m 'config_getter_overrides' [33m 349[2mms[22m[39m
     [33m[2m✓[22m[39m 'finite_loop_alias_benign' [33m 362[2mms[22m[39m
     [33m[2m✓[22m[39m 'finite_loop_indirect_splice' [33m 354[2mms[22m[39m
     [33m[2m✓[22m[39m 'host_import_unaliased' [33m 341[2mms[22m[39m
     [33m[2m✓[22m[39m 'host_import_axios_renamed' [33m 353[2mms[22m[39m
     [33m[2m✓[22m[39m 'host_static_member_alias' [33m 359[2mms[22m[39m
     [33m[2m✓[22m[39m 'nested_static_template_concat' [33m 345[2mms[22m[39m
     [33m[2m✓[22m[39m 'nested_static_template_concat_control' [33m 359[2mms[22m[39m
     [33m[2m✓[22m[39m 'nested_static_template_in_config' [33m 359[2mms[22m[39m
     [33m[2m✓[22m[39m 'nested_static_template_top_level' [33m 355[2mms[22m[39m
     [33m[2m✓[22m[39m 'quota_insert' [33m 384[2mms[22m[39m
     [33m[2m✓[22m[39m 'domain_delete' [33m 353[2mms[22m[39m
     [33m[2m✓[22m[39m 'sql_truncate' [33m 346[2mms[22m[39m
     [33m[2m✓[22m[39m 'sql_drop' [33m 331[2mms[22m[39m
     [33m[2m✓[22m[39m 'sql_copy' [33m 344[2mms[22m[39m
     [33m[2m✓[22m[39m 'sql_create_as' [33m 362[2mms[22m[39m
     [33m[2m✓[22m[39m 'sql_select_into' [33m 353[2mms[22m[39m
     [33m[2m✓[22m[39m 'sql_do' [33m 346[2mms[22m[39m
     [33m[2m✓[22m[39m 'outside_quota_25' [33m 352[2mms[22m[39m
     [33m[2m✓[22m[39m 'quota_mixed_26' [33m 339[2mms[22m[39m
     [33m[2m✓[22m[39m 'outside_quota_31' [33m 350[2mms[22m[39m
     [33m[2m✓[22m[39m 'quota_mixed_32' [33m 360[2mms[22m[39m
     [33m[2m✓[22m[39m 'dollar_block_inert' [33m 355[2mms[22m[39m
     [33m[2m✓[22m[39m 'pure-object-method' [33m 336[2mms[22m[39m
     [33m[2m✓[22m[39m 'read-shorthand' [33m 345[2mms[22m[39m
     [33m[2m✓[22m[39m 'numeric-static' [33m 354[2mms[22m[39m
     [33m[2m✓[22m[39m 'destructured-array-mutation' [33m 342[2mms[22m[39m
     [33m[2m✓[22m[39m 'bound-array-mutator' [33m 384[2mms[22m[39m
     [33m[2m✓[22m[39m 'config-assignment-escape' [33m 346[2mms[22m[39m
     [33m[2m✓[22m[39m 'config-unmodeled-escape' [33m 343[2mms[22m[39m
     [33m[2m✓[22m[39m 'mutable-callee-assignment' [33m 351[2mms[22m[39m
     [33m[2m✓[22m[39m 'scoped-local-pure' [33m 347[2mms[22m[39m
     [33m[2m✓[22m[39m 'nested-spread-effective' [33m 352[2mms[22m[39m
     [33m[2m✓[22m[39m 'computed-static-effect' [33m 354[2mms[22m[39m
     [33m[2m✓[22m[39m inspects forwarded SQL DELETE FROM billing_items [33m 356[2mms[22m[39m
     [33m[2m✓[22m[39m inspects forwarded SQL SELECT 1 [33m 359[2mms[22m[39m
     [33m[2m✓[22m[39m keeps static module call provenance const run=require("node-fetch");run("https://example.invalid") [33m 358[2mms[22m[39m
     [33m[2m✓[22m[39m keeps static module call provenance const {fetch:run}=require("undici");run("https://example.invalid") [33m 344[2mms[22m[39m
     [33m[2m✓[22m[39m keeps static module call provenance const run=require("axios");run.get("https://example.invalid") [33m 367[2mms[22m[39m
     [33m[2m✓[22m[39m keeps static module call provenance const {fetch:run}=await import("undici");run("https://example.invalid") [33m 357[2mms[22m[39m
     [33m[2m✓[22m[39m keeps static module call provenance function require(x){return ()=>42};const run=require("node-fetch");run() [33m 344[2mms[22m[39m
     [33m[2m✓[22m[39m 'escape-array-concrete' [33m 363[2mms[22m[39m
     [33m[2m✓[22m[39m 'escape-object-concrete' [33m 348[2mms[22m[39m
     [33m[2m✓[22m[39m 'escape-spread-concrete' [33m 343[2mms[22m[39m
     [33m[2m✓[22m[39m 'escape-tag-concrete' [33m 373[2mms[22m[39m
     [33m[2m✓[22m[39m 'escape-new-concrete' [33m 359[2mms[22m[39m
     [33m[2m✓[22m[39m 'array-escape-concrete' [33m 373[2mms[22m[39m
     [33m[2m✓[22m[39m 'config-alias-positive' [33m 357[2mms[22m[39m
     [33m[2m✓[22m[39m 'escape-inert-template-control' [33m 355[2mms[22m[39m
     [33m[2m✓[22m[39m 'array-alias-control' [33m 366[2mms[22m[39m
     [33m[2m✓[22m[39m 'escape-direct-concrete-control' [33m 350[2mms[22m[39m
     [33m[2m✓[22m[39m 'config-destructure-object-write' [33m 352[2mms[22m[39m
     [33m[2m✓[22m[39m 'config-destructure-array-write' [33m 354[2mms[22m[39m
     [33m[2m✓[22m[39m 'array-destructure-write' [33m 361[2mms[22m[39m
     [33m[2m✓[22m[39m 'destructure-copy-positive' [33m 364[2mms[22m[39m
     [33m[2m✓[22m[39m 'config-alias-write' [33m 356[2mms[22m[39m
     [33m[2m✓[22m[39m 'array-own-join-write' [33m 350[2mms[22m[39m
     [33m[2m✓[22m[39m 'config-own-join-write' [33m 350[2mms[22m[39m
     [33m[2m✓[22m[39m 'own-slice-mutation' [33m 354[2mms[22m[39m
     [33m[2m✓[22m[39m 'own-join-via-alias' [33m 349[2mms[22m[39m
     [33m[2m✓[22m[39m 'config-own-join-pure' [33m 381[2mms[22m[39m
     [33m[2m✓[22m[39m 'own-other-pure-control' [33m 358[2mms[22m[39m
     [33m[2m✓[22m[39m 'own-other-method-mutation-control' [33m 346[2mms[22m[39m
     [33m[2m✓[22m[39m 'nodefetch-namespace-default' [33m 347[2mms[22m[39m
     [33m[2m✓[22m[39m 'namespace-default-call' [33m 343[2mms[22m[39m
     [33m[2m✓[22m[39m 'namespace-destructure-default' [33m 344[2mms[22m[39m
     [33m[2m✓[22m[39m 'dynamic-nodefetch-default' [33m 348[2mms[22m[39m
     [33m[2m✓[22m[39m 'local-default-pure-control' [33m 350[2mms[22m[39m
     [33m[2m✓[22m[39m 'nodefetch-default-import' [33m 341[2mms[22m[39m
     [33m[2m✓[22m[39m 'nodefetch-named-default' [33m 348[2mms[22m[39m
     [33m[2m✓[22m[39m 'local-default-real-effect-control' [33m 359[2mms[22m[39m
     [33m[2m✓[22m[39m 'sql-bind-unused' [33m 351[2mms[22m[39m
     [33m[2m✓[22m[39m 'sql-bind-select' [33m 368[2mms[22m[39m
     [33m[2m✓[22m[39m 'bind-sql-benign-no-preargs' [33m 363[2mms[22m[39m
     [33m[2m✓[22m[39m 'bind-fetch-unused-control' [33m 347[2mms[22m[39m
     [33m[2m✓[22m[39m 'bind-local-function-unused' [33m 335[2mms[22m[39m
     [33m[2m✓[22m[39m 'select-positive' [33m 339[2mms[22m[39m
     [33m[2m✓[22m[39m 'sql-bind-domain' [33m 375[2mms[22m[39m
     [33m[2m✓[22m[39m 'bind-sql-domain-no-preargs' [33m 364[2mms[22m[39m
     [33m[2m✓[22m[39m 'domain-negative' [33m 353[2mms[22m[39m
     [33m[2m✓[22m[39m 'forwarder-parameters-default' [33m 342[2mms[22m[39m
     [33m[2m✓[22m[39m 'forwarder-parameters-rest' [33m 358[2mms[22m[39m
     [33m[2m✓[22m[39m 'forwarder-exact-control' [33m 369[2mms[22m[39m
     [33m[2m✓[22m[39m 'forwarder-consumer-select' [33m 354[2mms[22m[39m
     [33m[2m✓[22m[39m 'forwarder-body-transform' [33m 355[2mms[22m[39m
     [33m[2m✓[22m[39m 'forwarder-consumer-write' [33m 362[2mms[22m[39m
     [33m[2m✓[22m[39m 'closed-readiness-callback' [33m 378[2mms[22m[39m
     [33m[2m✓[22m[39m 'returned-closure-reference' [33m 355[2mms[22m[39m
     [33m[2m✓[22m[39m 'returned-closure-array' [33m 363[2mms[22m[39m
     [33m[2m✓[22m[39m 'function-carried-reference' [33m 375[2mms[22m[39m
     [33m[2m✓[22m[39m 'pure-local-return-alias' [33m 341[2mms[22m[39m
     [33m[2m✓[22m[39m 'primitive-value-read' [33m 349[2mms[22m[39m
     [33m[2m✓[22m[39m 'primitive-array-native-read' [33m 362[2mms[22m[39m
     [33m[2m✓[22m[39m 'literal-object-sql-interpolation' [33m 350[2mms[22m[39m
     [33m[2m✓[22m[39m 'implicit-coercion-mutation' [33m 342[2mms[22m[39m
     [33m[2m✓[22m[39m 'implicit-coercion-pure' [33m 356[2mms[22m[39m
     [33m[2m✓[22m[39m 'bound-sql-call-prefix' [33m 387[2mms[22m[39m
     [33m[2m✓[22m[39m 'bound-sql-apply-prefix' [33m 392[2mms[22m[39m
     [33m[2m✓[22m[39m 'bound-sql-nested' [33m 385[2mms[22m[39m
     [33m[2m✓[22m[39m preserves declaration identity across property writes const c={text:"SELECT 1"};const holder=()=>1;holder.c=c;mutate(holder);client.query(c) [33m 339[2mms[22m[39m
     [33m[2m✓[22m[39m preserves declaration identity across property writes const c={text:"SELECT 1"};function holder(){return 1};holder.note="readonly";client.query(c) [33m 353[2mms[22m[39m
     [33m[2m✓[22m[39m array-effect-member [33m 333[2mms[22m[39m
     [33m[2m✓[22m[39m array-effect-binding [33m 333[2mms[22m[39m
     [33m[2m✓[22m[39m array-import-binding [33m 355[2mms[22m[39m
     [33m[2m✓[22m[39m array-query-member [33m 355[2mms[22m[39m
     [33m[2m✓[22m[39m array-query-binding [33m 348[2mms[22m[39m
     [33m[2m✓[22m[39m nested-array-effect [33m 364[2mms[22m[39m
     [33m[2m✓[22m[39m spread-array-effect [33m 333[2mms[22m[39m
     [33m[2m✓[22m[39m nested-binding-effect [33m 341[2mms[22m[39m
     [33m[2m✓[22m[39m array-pure-member [33m 332[2mms[22m[39m
     [33m[2m✓[22m[39m array-pure-binding [33m 346[2mms[22m[39m
     [33m[2m✓[22m[39m array-import-inert [33m 359[2mms[22m[39m
     [33m[2m✓[22m[39m array-query-read [33m 350[2mms[22m[39m
     [33m[2m✓[22m[39m nested-array-pure [33m 337[2mms[22m[39m
     [33m[2m✓[22m[39m array-assigned-effect [33m 337[2mms[22m[39m
     [33m[2m✓[22m[39m object-assigned-effect [33m 356[2mms[22m[39m
     [33m[2m✓[22m[39m array-assigned-pure [33m 339[2mms[22m[39m
     [33m[2m✓[22m[39m array-assignment-alias [33m 357[2mms[22m[39m
     [33m[2m✓[22m[39m object-assignment-alias [33m 354[2mms[22m[39m
     [33m[2m✓[22m[39m nested-assignment-alias [33m 342[2mms[22m[39m
     [33m[2m✓[22m[39m assignment-distinct-object [33m 364[2mms[22m[39m
     [33m[2m✓[22m[39m assignment-primitive [33m 361[2mms[22m[39m
     [33m[2m✓[22m[39m assigned-alias-direct-write [33m 350[2mms[22m[39m
     [33m[2m✓[22m[39m closure-stored-reference [33m 365[2mms[22m[39m
     [33m[2m✓[22m[39m arrow-stored-reference [33m 359[2mms[22m[39m
     [33m[2m✓[22m[39m closure-exposed-store-only [33m 355[2mms[22m[39m
     [33m[2m✓[22m[39m closure-stored-copy [33m 355[2mms[22m[39m
     [33m[2m✓[22m[39m closure-local-store [33m 341[2mms[22m[39m
     [33m[2m✓[22m[39m closure-read-primitive [33m 344[2mms[22m[39m
     [33m[2m✓[22m[39m getter-exposed-reference [33m 373[2mms[22m[39m
     [33m[2m✓[22m[39m getter-distinct-copy [33m 349[2mms[22m[39m
     [33m[2m✓[22m[39m closure-list-length [33m 360[2mms[22m[39m
     [33m[2m✓[22m[39m closure-list-index [33m 343[2mms[22m[39m
     [33m[2m✓[22m[39m closure-native-join [33m 354[2mms[22m[39m
     [33m[2m✓[22m[39m closure-reference-escape [33m 366[2mms[22m[39m
     [33m[2m✓[22m[39m array-contained-reference [33m 350[2mms[22m[39m
     [33m[2m✓[22m[39m const {...box}={http:fetch};box.http("https://synthetic.invalid") [33m 340[2mms[22m[39m
     [33m[2m✓[22m[39m const {omit,...box}={omit:fetch,run:()=>1};box.run() [33m 347[2mms[22m[39m
     [33m[2m✓[22m[39m const [,...calls]=[0,fetch];calls[0]("https://synthetic.invalid") [33m 355[2mms[22m[39m
     [33m[2m✓[22m[39m const [,...calls]=[0,()=>1];calls[0]() [33m 350[2mms[22m[39m
     [33m[2m✓[22m[39m let box;({...box}={http:fetch});box.http("https://synthetic.invalid") [33m 372[2mms[22m[39m
     [33m[2m✓[22m[39m let box;({omit,...box}={omit:fetch,run:()=>1});box.run() [33m 349[2mms[22m[39m
     [33m[2m✓[22m[39m const [http=fetch]=[undefined];http("https://synthetic.invalid") [33m 344[2mms[22m[39m
     [33m[2m✓[22m[39m const [http=fetch]=[()=>1];http() [33m 362[2mms[22m[39m
     [33m[2m✓[22m[39m let http;[http=fetch]=[()=>1];http() [33m 337[2mms[22m[39m
     [33m[2m✓[22m[39m let http;[http=fetch]=[undefined];http("https://synthetic.invalid") [33m 333[2mms[22m[39m
     [33m[2m✓[22m[39m const cfg={text:"SELECT 1"};const box={get value(){return cfg}};box.value.text="DELETE FROM patients";client.query(cfg) [33m 373[2mms[22m[39m
     [33m[2m✓[22m[39m const cfg={text:"SELECT 1"};const box={get value(){return {text:cfg.text}}};box.value.text="DELETE FROM patients";client.query(cfg) [33m 351[2mms[22m[39m
     [33m[2m✓[22m[39m const data=[1];data.join=fetch;data.join("https://synthetic.invalid") [33m 364[2mms[22m[39m
     [33m[2m✓[22m[39m const data=[1];data.join=()=>"one";data.join() [33m 346[2mms[22m[39m
     [33m[2m✓[22m[39m 'F1-default-empty' [33m 351[2mms[22m[39m
     [33m[2m✓[22m[39m 'F1-default-undefined' [33m 343[2mms[22m[39m
     [33m[2m✓[22m[39m 'F1-default-query' [33m 362[2mms[22m[39m
     [33m[2m✓[22m[39m 'F1-default-benign' [33m 345[2mms[22m[39m
     [33m[2m✓[22m[39m 'F1-present-benign' [33m 357[2mms[22m[39m
     [33m[2m✓[22m[39m 'F2-property-domain-prefix' [33m 358[2mms[22m[39m
     [33m[2m✓[22m[39m 'F2-array-domain-prefix' [33m 351[2mms[22m[39m
     [33m[2m✓[22m[39m 'F2-property-read-arg' [33m 381[2mms[22m[39m
     [33m[2m✓[22m[39m 'F2-property-allowed-prefix' [33m 364[2mms[22m[39m
     [33m[2m✓[22m[39m 'F2-member-call' [33m 372[2mms[22m[39m
     [33m[2m✓[22m[39m 'F2-member-apply' [33m 375[2mms[22m[39m
     [33m[2m✓[22m[39m 'F2-direct-bound' [33m 368[2mms[22m[39m
     [33m[2m✓[22m[39m 'F2-bound-inert' [33m 365[2mms[22m[39m
     [33m[2m✓[22m[39m 'F3-stored-destruct-alias' [33m 350[2mms[22m[39m
     [33m[2m✓[22m[39m 'F3-assigned-destruct' [33m 342[2mms[22m[39m
     [33m[2m✓[22m[39m 'F3-stored-direct-alias' [33m 351[2mms[22m[39m
     [33m[2m✓[22m[39m 'F3-literal-destruct-alias' [33m 352[2mms[22m[39m
     [33m[2m✓[22m[39m 'F3-stored-primitive' [33m 356[2mms[22m[39m
     [33m[2m✓[22m[39m 'F3-unexposed-store' [33m 370[2mms[22m[39m
     [33m[2m✓[22m[39m 'F4-closure-default' [33m 360[2mms[22m[39m
     [33m[2m✓[22m[39m 'F4-closure-explicit' [33m 358[2mms[22m[39m
     [33m[2m✓[22m[39m 'F4-closure-primitive' [33m 373[2mms[22m[39m
     [33m[2m✓[22m[39m 'F5-array-selected-mutation' [33m 374[2mms[22m[39m
     [33m[2m✓[22m[39m 'F5-array-selected-unmutated' [33m 362[2mms[22m[39m
     [33m[2m✓[22m[39m 'P2-native-slice-copy' [33m 367[2mms[22m[39m
     [33m[2m✓[22m[39m 'P2-original-ref-mutation' [33m 360[2mms[22m[39m
     [33m[2m✓[22m[39m 'rest-config-mutated' [33m 362[2mms[22m[39m
     [33m[2m✓[22m[39m 'rest-config-unmutated' [33m 352[2mms[22m[39m
     [33m[2m✓[22m[39m 'rest-config-direct-write' [33m 362[2mms[22m[39m
     [33m[2m✓[22m[39m 'rest-assigned-config-mutated' [33m 351[2mms[22m[39m
     [33m[2m✓[22m[39m 'rest-config-independent-copy' [33m 351[2mms[22m[39m
     [33m[2m✓[22m[39m 'rest-distinct-allocation' [33m 346[2mms[22m[39m
     [33m[2m✓[22m[39m 'rest-source-mutated-before-copy' [33m 352[2mms[22m[39m
     [33m[2m✓[22m[39m 'array-rest-mutated' [33m 360[2mms[22m[39m
     [33m[2m✓[22m[39m 'array-rest-unmutated' [33m 373[2mms[22m[39m
     [33m[2m✓[22m[39m 'slice-shallow-config-ref' [33m 351[2mms[22m[39m
     [33m[2m✓[22m[39m 'slice-shallow-config-ref-binding' [33m 364[2mms[22m[39m
     [33m[2m✓[22m[39m 'slice-primitive-source-independent' [33m 363[2mms[22m[39m
     [33m[2m✓[22m[39m 'slice-primitive-copy-mutated' [33m 351[2mms[22m[39m
     [33m[2m✓[22m[39m 'slice-source-mutated-before-copy' [33m 363[2mms[22m[39m
     [33m[2m✓[22m[39m 'slice-unmutated-copy' [33m 354[2mms[22m[39m
     [33m[2m✓[22m[39m 'slice-distinct-copies' [33m 353[2mms[22m[39m
     [33m[2m✓[22m[39m 'slice-static-bounds' [33m 343[2mms[22m[39m
     [33m[2m✓[22m[39m 'slice-override' [33m 363[2mms[22m[39m
     [33m[2m✓[22m[39m 'stored-bound-config' [33m 358[2mms[22m[39m
     [33m[2m✓[22m[39m 'stored-bound-read' [33m 364[2mms[22m[39m
     [33m[2m✓[22m[39m 'default-nested-bound' [33m 371[2mms[22m[39m
     [33m[2m✓[22m[39m 'rest-mutated-in-hoisted-body' [33m 351[2mms[22m[39m
     [33m[2m✓[22m[39m 'slice-mutated-in-hoisted-body' [33m 363[2mms[22m[39m
     [33m[2m✓[22m[39m 'rest-source-write-body-first' [33m 347[2mms[22m[39m
     [33m[2m✓[22m[39m 'slice-source-write-body-first' [33m 365[2mms[22m[39m
     [33m[2m✓[22m[39m 'rest-alias-mutation' [33m 338[2mms[22m[39m
     [33m[2m✓[22m[39m 'rest-shallow-cfg-ref' [33m 369[2mms[22m[39m
     [33m[2m✓[22m[39m 'rest-primitive-copy-only' [33m 346[2mms[22m[39m
     [33m[2m✓[22m[39m 'slice-shallow-copy-unexposed' [33m 357[2mms[22m[39m
     [33m[2m✓[22m[39m 'slice-shallow-copy-read' [33m 343[2mms[22m[39m
     [33m[2m✓[22m[39m 'slice-copy-write-source-primitive' [33m 348[2mms[22m[39m
     [33m[2m✓[22m[39m 'slice-copy-write-own-primitive' [33m 356[2mms[22m[39m
     [33m[2m✓[22m[39m 'array-rest-assignment-mutated' [33m 344[2mms[22m[39m
     [33m[2m✓[22m[39m 'stored-config-hoisted-body' [33m 349[2mms[22m[39m
     [33m[2m✓[22m[39m 'stored-config-pure-primitive-hoisted' [33m 351[2mms[22m[39m
     [33m[2m✓[22m[39m 'bound-prefix-mutated-holder' [33m 358[2mms[22m[39m
     [33m[2m✓[22m[39m 'bound-prefix-mutated-array' [33m 353[2mms[22m[39m
     [33m[2m✓[22m[39m 'bound-prefix-untouched-holder' [33m 364[2mms[22m[39m
     [33m[2m✓[22m[39m 'closure-default-nested-ref' [33m 357[2mms[22m[39m
     [33m[2m✓[22m[39m 'closure-default-read-scalar' [33m 346[2mms[22m[39m
     [33m[2m✓[22m[39m 'rest-spread-source-mutated' [33m 354[2mms[22m[39m
     [33m[2m✓[22m[39m 'rest-spread-source-safe' [33m 355[2mms[22m[39m
     [33m[2m✓[22m[39m 'slice-spread-source-mutated' [33m 361[2mms[22m[39m
     [33m[2m✓[22m[39m 'slice-spread-source-safe' [33m 357[2mms[22m[39m
     [33m[2m✓[22m[39m 'paired-array-direct' [33m 348[2mms[22m[39m
     [33m[2m✓[22m[39m 'paired-array-pure-stored' [33m 359[2mms[22m[39m
     [33m[2m✓[22m[39m 'replay-assignment-1' [33m 346[2mms[22m[39m
     [33m[2m✓[22m[39m 'replay-benign-rest-array' [33m 356[2mms[22m[39m
     [33m[2m✓[22m[39m 'replay-benign-rest-object' [33m 353[2mms[22m[39m
     [33m[2m✓[22m[39m 'replay-benign-stored-default-array' [33m 370[2mms[22m[39m
     [33m[2m✓[22m[39m 'replay-benign-stored-default-object' [33m 335[2mms[22m[39m
     [33m[2m✓[22m[39m 'replay-proof-literal-rest-array' [33m 359[2mms[22m[39m
     [33m[2m✓[22m[39m 'replay-proof-literal-rest-object' [33m 342[2mms[22m[39m
     [33m[2m✓[22m[39m 'replay-proof-object-rest' [33m 340[2mms[22m[39m
     [33m[2m✓[22m[39m 'replay-proof-object-spread' [33m 367[2mms[22m[39m
     [33m[2m✓[22m[39m 'replay-proof-primitive-rest' [33m 345[2mms[22m[39m
     [33m[2m✓[22m[39m 'replay-proof-primitive-spread' [33m 363[2mms[22m[39m
     [33m[2m✓[22m[39m 'replay-proof-rest-array' [33m 361[2mms[22m[39m
     [33m[2m✓[22m[39m 'replay-proof-rest-object' [33m 342[2mms[22m[39m
     [33m[2m✓[22m[39m 'replay-proof-stored-default-array' [33m 338[2mms[22m[39m
     [33m[2m✓[22m[39m 'replay-proof-stored-default-object' [33m 342[2mms[22m[39m
     [33m[2m✓[22m[39m 'stored-object-bound-prefix' [33m 350[2mms[22m[39m
     [33m[2m✓[22m[39m 'stored-array-bound-prefix' [33m 355[2mms[22m[39m
     [33m[2m✓[22m[39m 'stored-object-pure-present-default' [33m 335[2mms[22m[39m
     [33m[2m✓[22m[39m 'stored-array-pure-present-default' [33m 341[2mms[22m[39m
     [33m[2m✓[22m[39m 'object-unknown-spread-not-absent' [33m 343[2mms[22m[39m
     [33m[2m✓[22m[39m 'array-unknown-spread-not-absent' [33m 335[2mms[22m[39m
     [33m[2m✓[22m[39m 'object-unknown-override-not-absent' [33m 358[2mms[22m[39m
     [33m[2m✓[22m[39m 'array-unknown-stored-not-absent' [33m 340[2mms[22m[39m
     [33m[2m✓[22m[39m 'object-known-absent-default' [33m 334[2mms[22m[39m
     [33m[2m✓[22m[39m 'array-known-absent-default' [33m 331[2mms[22m[39m
     [33m[2m✓[22m[39m 'stored-object-spread-ref' [33m 343[2mms[22m[39m
     [33m[2m✓[22m[39m 'stored-array-spread-ref' [33m 348[2mms[22m[39m
     [33m[2m✓[22m[39m 'stored-object-spread-primitive' [33m 339[2mms[22m[39m
     [33m[2m✓[22m[39m 'stored-array-spread-primitive' [33m 343[2mms[22m[39m
     [33m[2m✓[22m[39m 'object-spread-shallow-ref' [33m 355[2mms[22m[39m
     [33m[2m✓[22m[39m 'array-spread-shallow-ref' [33m 342[2mms[22m[39m
     [33m[2m✓[22m[39m 'object-spread-mutated-copy' [33m 341[2mms[22m[39m
     [33m[2m✓[22m[39m 'object-spread-mutated-source' [33m 344[2mms[22m[39m
     [33m[2m✓[22m[39m 'object-spread-distinct-copies' [33m 351[2mms[22m[39m
     [33m[2m✓[22m[39m 'object-rest-mutated-stored-source' [33m 363[2mms[22m[39m
     [33m[2m✓[22m[39m 'object-unknown-slot-not-absent' [33m 342[2mms[22m[39m
     [33m[2m✓[22m[39m 'array-unknown-slot-not-absent' [33m 355[2mms[22m[39m
     [33m[2m✓[22m[39m 'object-spread-explicit-present' [33m 350[2mms[22m[39m
     [33m[2m✓[22m[39m 'object-over-limit-not-absent' [33m 345[2mms[22m[39m
     [33m[2m✓[22m[39m 'array-over-limit-not-absent' [33m 349[2mms[22m[39m
     [33m[2m✓[22m[39m 'array-stored-slot-literal-index' [33m 342[2mms[22m[39m
     [33m[2m✓[22m[39m 'object-stored-slot-spread-callable' [33m 340[2mms[22m[39m
     [33m[2m✓[22m[39m 'stored_fetch_bind' [33m 360[2mms[22m[39m
     [33m[2m✓[22m[39m 'literal_fetch_bind' [33m 358[2mms[22m[39m
     [33m[2m✓[22m[39m 'literal_pure_bind' [33m 354[2mms[22m[39m
     [33m[2m✓[22m[39m 'stored_query_bind' [33m 359[2mms[22m[39m
     [33m[2m✓[22m[39m 'literal_query_bind' [33m 351[2mms[22m[39m
     [33m[2m✓[22m[39m 'stored_fetch_call' [33m 348[2mms[22m[39m
     [33m[2m✓[22m[39m 'literal_fetch_call' [33m 370[2mms[22m[39m
     [33m[2m✓[22m[39m 'literal_pure_call' [33m 356[2mms[22m[39m
     [33m[2m✓[22m[39m 'stored_query_call' [33m 377[2mms[22m[39m
     [33m[2m✓[22m[39m 'literal_query_call' [33m 371[2mms[22m[39m
     [33m[2m✓[22m[39m 'stored_fetch_apply' [33m 346[2mms[22m[39m
     [33m[2m✓[22m[39m 'literal_fetch_apply' [33m 363[2mms[22m[39m
     [33m[2m✓[22m[39m 'literal_pure_apply' [33m 355[2mms[22m[39m
     [33m[2m✓[22m[39m 'stored_query_apply' [33m 338[2mms[22m[39m
     [33m[2m✓[22m[39m 'literal_query_apply' [33m 344[2mms[22m[39m
     [33m[2m✓[22m[39m 'alias_array_binding' [33m 339[2mms[22m[39m
     [33m[2m✓[22m[39m 'pure_array_binding' [33m 347[2mms[22m[39m
     [33m[2m✓[22m[39m 'bound_array_binding_bad' [33m 361[2mms[22m[39m
     [33m[2m✓[22m[39m 'bound_array_binding_quota' [33m 360[2mms[22m[39m
     [33m[2m✓[22m[39m 'bound_nested_binding_bad' [33m 372[2mms[22m[39m
     [33m[2m✓[22m[39m 'bound_nested_binding_quota' [33m 362[2mms[22m[39m
     [33m[2m✓[22m[39m 'bound_bind_named_member_bad' [33m 359[2mms[22m[39m
     [33m[2m✓[22m[39m 'bound_bind_named_member_quota' [33m 357[2mms[22m[39m
     [33m[2m✓[22m[39m 'bound_rest_bind_named_bad' [33m 366[2mms[22m[39m
     [33m[2m✓[22m[39m 'bound_rest_bind_named_quota' [33m 366[2mms[22m[39m
     [33m[2m✓[22m[39m 'inert_bind' [33m 344[2mms[22m[39m
     [33m[2m✓[22m[39m 'invoke_call_bad' [33m 379[2mms[22m[39m
     [33m[2m✓[22m[39m 'invoke_call_quota' [33m 369[2mms[22m[39m
     [33m[2m✓[22m[39m 'invoke_apply_bad' [33m 352[2mms[22m[39m
     [33m[2m✓[22m[39m 'invoke_apply_quota' [33m 352[2mms[22m[39m
     [33m[2m✓[22m[39m 'invoke_bind_bad' [33m 355[2mms[22m[39m
     [33m[2m✓[22m[39m 'invoke_bind_quota' [33m 366[2mms[22m[39m
     [33m[2m✓[22m[39m 'apply_rest_bad' [33m 345[2mms[22m[39m
     [33m[2m✓[22m[39m 'apply_slice_bad' [33m 342[2mms[22m[39m
     [33m[2m✓[22m[39m 'apply_spread_bad' [33m 360[2mms[22m[39m
     [33m[2m✓[22m[39m 'apply_rest_quota' [33m 347[2mms[22m[39m
     [33m[2m✓[22m[39m 'apply_slice_quota' [33m 368[2mms[22m[39m
     [33m[2m✓[22m[39m 'apply_spread_quota' [33m 357[2mms[22m[39m
     [33m[2m✓[22m[39m 'bind_computed_fetch' [33m 340[2mms[22m[39m
     [33m[2m✓[22m[39m 'bind_optional_fetch' [33m 343[2mms[22m[39m
     [33m[2m✓[22m[39m 'bind_rest_fetch' [33m 353[2mms[22m[39m
     [33m[2m✓[22m[39m 'bind_spread_fetch' [33m 348[2mms[22m[39m
     [33m[2m✓[22m[39m 'bind_array_property' [33m 360[2mms[22m[39m
     [33m[2m✓[22m[39m 'bind_nested_fetch' [33m 338[2mms[22m[39m
     [33m[2m✓[22m[39m 'bind_tagged_fetch' [33m 343[2mms[22m[39m
     [33m[2m✓[22m[39m 'bind_extracted_fetch' [33m 359[2mms[22m[39m
     [33m[2m✓[22m[39m 'bind_destructured_fetch' [33m 345[2mms[22m[39m
     [33m[2m✓[22m[39m 'bind_computed_pure' [33m 334[2mms[22m[39m
     [33m[2m✓[22m[39m 'bind_optional_pure' [33m 358[2mms[22m[39m
     [33m[2m✓[22m[39m 'bind_rest_pure' [33m 342[2mms[22m[39m
     [33m[2m✓[22m[39m 'bind_spread_pure' [33m 340[2mms[22m[39m
     [33m[2m✓[22m[39m 'bind_array_pure' [33m 342[2mms[22m[39m
     [33m[2m✓[22m[39m 'bind_nested_pure' [33m 357[2mms[22m[39m
     [33m[2m✓[22m[39m 'bind_tagged_pure' [33m 345[2mms[22m[39m
     [33m[2m✓[22m[39m 'native_fetch_bind_inert' [33m 360[2mms[22m[39m
     [33m[2m✓[22m[39m 'native_fetch_bind_invoked' [33m 343[2mms[22m[39m
     [33m[2m✓[22m[39m 'native_query_bind_inert' [33m 371[2mms[22m[39m
     [33m[2m✓[22m[39m 'native_query_bind_quota' [33m 373[2mms[22m[39m
     [33m[2m✓[22m[39m 'native_query_apply_read' [33m 349[2mms[22m[39m
     [33m[2m✓[22m[39m 'native_query_apply_array_alias' [33m 364[2mms[22m[39m
     [33m[2m✓[22m[39m 'native_query_apply_bad' [33m 355[2mms[22m[39m
     [33m[2m✓[22m[39m 'native_query_call_read' [33m 361[2mms[22m[39m
     [33m[2m✓[22m[39m 'native_query_call_quota' [33m 344[2mms[22m[39m
     [33m[2m✓[22m[39m 'native_query_bind_spread_simple' [33m 373[2mms[22m[39m
     [33m[2m✓[22m[39m 'native_query_bind_literal_simple' [33m 364[2mms[22m[39m
     [33m[2m✓[22m[39m 'unknown_default_callable' [33m 351[2mms[22m[39m
     [33m[2m✓[22m[39m 'stored_undefined_default_callable' [33m 358[2mms[22m[39m
     [33m[2m✓[22m[39m 'own-call-read' [33m 352[2mms[22m[39m
     [33m[2m✓[22m[39m 'own-apply-read' [33m 350[2mms[22m[39m
     [33m[2m✓[22m[39m 'own-bind-read' [33m 355[2mms[22m[39m
     [33m[2m✓[22m[39m 'own-call-quota' [33m 356[2mms[22m[39m
     [33m[2m✓[22m[39m 'own-apply-quota' [33m 345[2mms[22m[39m
     [33m[2m✓[22m[39m 'pure-bind-inert' [33m 353[2mms[22m[39m
     [33m[2m✓[22m[39m 'apply-mutated-args' [33m 351[2mms[22m[39m
     [33m[2m✓[22m[39m 'apply-config-ref' [33m 375[2mms[22m[39m
     [33m[2m✓[22m[39m 'apply-mutated-config-ref' [33m 343[2mms[22m[39m
     [33m[2m✓[22m[39m 'apply-extra-ref-escape' [33m 373[2mms[22m[39m
     [33m[2m✓[22m[39m 'nested-bind-spread-domain' [33m 358[2mms[22m[39m
     [33m[2m✓[22m[39m 'nested-bind-spread-mutated' [33m 355[2mms[22m[39m
     [33m[2m✓[22m[39m 'nested-bind-spread-incomplete' [33m 387[2mms[22m[39m
     [33m[2m✓[22m[39m 'function-own-bind-effect' [33m 344[2mms[22m[39m
     [33m[2m✓[22m[39m 'function-own-bind-pure' [33m 348[2mms[22m[39m
     [33m[2m✓[22m[39m 'function-own-call-read' [33m 353[2mms[22m[39m
     [33m[2m✓[22m[39m 'function-own-apply-domain' [33m 341[2mms[22m[39m
     [33m[2m✓[22m[39m 'function-own-bind-prefix-domain' [33m 353[2mms[22m[39m
     [33m[2m✓[22m[39m 'function-own-bind-prefix-quota' [33m 378[2mms[22m[39m
     [33m[2m✓[22m[39m 'function-own-call-prefix-domain' [33m 364[2mms[22m[39m
     [33m[2m✓[22m[39m 'function-own-call-prefix-quota' [33m 353[2mms[22m[39m
     [33m[2m✓[22m[39m 'function-own-apply-prefix-domain' [33m 376[2mms[22m[39m
     [33m[2m✓[22m[39m 'function-own-apply-prefix-quota' [33m 350[2mms[22m[39m
     [33m[2m✓[22m[39m 'object-bind-fetch' [33m 352[2mms[22m[39m
     [33m[2m✓[22m[39m 'object-bind-pure' [33m 358[2mms[22m[39m
     [33m[2m✓[22m[39m 'stored-object-bind-fetch' [33m 352[2mms[22m[39m
     [33m[2m✓[22m[39m 'stored-object-bind-pure' [33m 373[2mms[22m[39m
     [33m[2m✓[22m[39m 'function-bind-fetch' [33m 353[2mms[22m[39m
     [33m[2m✓[22m[39m 'function-bind-pure' [33m 370[2mms[22m[39m
     [33m[2m✓[22m[39m 'arrow-bind-fetch' [33m 388[2mms[22m[39m
     [33m[2m✓[22m[39m 'arrow-bind-pure' [33m 375[2mms[22m[39m
     [33m[2m✓[22m[39m 'array-bind-fetch' [33m 354[2mms[22m[39m
     [33m[2m✓[22m[39m 'array-bind-pure' [33m 361[2mms[22m[39m
     [33m[2m✓[22m[39m 'rest-bind-fetch' [33m 352[2mms[22m[39m
     [33m[2m✓[22m[39m 'spread-bind-fetch' [33m 362[2mms[22m[39m
     [33m[2m✓[22m[39m 'arrayrest-bind-fetch' [33m 361[2mms[22m[39m
     [33m[2m✓[22m[39m 'own-bind-read' [33m 355[2mms[22m[39m
     [33m[2m✓[22m[39m 'bound-own-bind-read' [33m 369[2mms[22m[39m
     [33m[2m✓[22m[39m 'native-bind-read' [33m 362[2mms[22m[39m
     [33m[2m✓[22m[39m 'own-bind-domain' [33m 365[2mms[22m[39m
     [33m[2m✓[22m[39m 'bound-own-bind-domain' [33m 375[2mms[22m[39m
     [33m[2m✓[22m[39m 'native-bind-domain' [33m 349[2mms[22m[39m
     [33m[2m✓[22m[39m 'own-bind-quota' [33m 347[2mms[22m[39m
     [33m[2m✓[22m[39m 'bound-own-bind-quota' [33m 364[2mms[22m[39m
     [33m[2m✓[22m[39m 'native-bind-quota' [33m 356[2mms[22m[39m
     [33m[2m✓[22m[39m 'object-call-fetch' [33m 354[2mms[22m[39m
     [33m[2m✓[22m[39m 'object-call-pure' [33m 349[2mms[22m[39m
     [33m[2m✓[22m[39m 'stored-object-call-fetch' [33m 351[2mms[22m[39m
     [33m[2m✓[22m[39m 'stored-object-call-pure' [33m 345[2mms[22m[39m
     [33m[2m✓[22m[39m 'function-call-fetch' [33m 351[2mms[22m[39m
     [33m[2m✓[22m[39m 'function-call-pure' [33m 337[2mms[22m[39m
     [33m[2m✓[22m[39m 'arrow-call-fetch' [33m 355[2mms[22m[39m
     [33m[2m✓[22m[39m 'arrow-call-pure' [33m 346[2mms[22m[39m
     [33m[2m✓[22m[39m 'array-call-fetch' [33m 354[2mms[22m[39m
     [33m[2m✓[22m[39m 'array-call-pure' [33m 360[2mms[22m[39m
     [33m[2m✓[22m[39m 'rest-call-fetch' [33m 344[2mms[22m[39m
     [33m[2m✓[22m[39m 'spread-call-fetch' [33m 354[2mms[22m[39m
     [33m[2m✓[22m[39m 'arrayrest-call-fetch' [33m 358[2mms[22m[39m
     [33m[2m✓[22m[39m 'own-call-read' [33m 367[2mms[22m[39m
     [33m[2m✓[22m[39m 'bound-own-call-read' [33m 362[2mms[22m[39m
     [33m[2m✓[22m[39m 'native-call-read' [33m 349[2mms[22m[39m
     [33m[2m✓[22m[39m 'own-call-domain' [33m 351[2mms[22m[39m
     [33m[2m✓[22m[39m 'bound-own-call-domain' [33m 360[2mms[22m[39m
     [33m[2m✓[22m[39m 'native-call-domain' [33m 353[2mms[22m[39m
     [33m[2m✓[22m[39m 'own-call-quota' [33m 350[2mms[22m[39m
     [33m[2m✓[22m[39m 'bound-own-call-quota' [33m 388[2mms[22m[39m
     [33m[2m✓[22m[39m 'native-call-quota' [33m 350[2mms[22m[39m
     [33m[2m✓[22m[39m 'object-apply-fetch' [33m 348[2mms[22m[39m
     [33m[2m✓[22m[39m 'object-apply-pure' [33m 349[2mms[22m[39m
     [33m[2m✓[22m[39m 'stored-object-apply-fetch' [33m 358[2mms[22m[39m
     [33m[2m✓[22m[39m 'stored-object-apply-pure' [33m 364[2mms[22m[39m
     [33m[2m✓[22m[39m 'function-apply-fetch' [33m 360[2mms[22m[39m
     [33m[2m✓[22m[39m 'function-apply-pure' [33m 355[2mms[22m[39m
     [33m[2m✓[22m[39m 'arrow-apply-fetch' [33m 355[2mms[22m[39m
     [33m[2m✓[22m[39m 'arrow-apply-pure' [33m 355[2mms[22m[39m
     [33m[2m✓[22m[39m 'array-apply-fetch' [33m 347[2mms[22m[39m
     [33m[2m✓[22m[39m 'array-apply-pure' [33m 351[2mms[22m[39m
     [33m[2m✓[22m[39m 'rest-apply-fetch' [33m 348[2mms[22m[39m
     [33m[2m✓[22m[39m 'spread-apply-fetch' [33m 347[2mms[22m[39m
     [33m[2m✓[22m[39m 'arrayrest-apply-fetch' [33m 366[2mms[22m[39m
     [33m[2m✓[22m[39m 'own-apply-read' [33m 367[2mms[22m[39m
     [33m[2m✓[22m[39m 'bound-own-apply-read' [33m 378[2mms[22m[39m
     [33m[2m✓[22m[39m 'native-apply-read' [33m 382[2mms[22m[39m
     [33m[2m✓[22m[39m 'own-apply-domain' [33m 349[2mms[22m[39m
     [33m[2m✓[22m[39m 'bound-own-apply-domain' [33m 359[2mms[22m[39m
     [33m[2m✓[22m[39m 'native-apply-domain' [33m 376[2mms[22m[39m
     [33m[2m✓[22m[39m 'own-apply-quota' [33m 363[2mms[22m[39m
     [33m[2m✓[22m[39m 'bound-own-apply-quota' [33m 357[2mms[22m[39m
     [33m[2m✓[22m[39m 'native-apply-quota' [33m 367[2mms[22m[39m
     [33m[2m✓[22m[39m 'bound-direct-read' [33m 366[2mms[22m[39m
     [33m[2m✓[22m[39m 'bound-call-read' [33m 390[2mms[22m[39m
     [33m[2m✓[22m[39m 'bound-apply-read' [33m 372[2mms[22m[39m
     [33m[2m✓[22m[39m 'bound-array-read' [33m 356[2mms[22m[39m
     [33m[2m✓[22m[39m 'bound-rest-read' [33m 372[2mms[22m[39m
     [33m[2m✓[22m[39m 'bound-spread-read' [33m 377[2mms[22m[39m
     [33m[2m✓[22m[39m 'apply-literal-read' [33m 356[2mms[22m[39m
     [33m[2m✓[22m[39m 'apply-copy-read' [33m 381[2mms[22m[39m
     [33m[2m✓[22m[39m 'apply-slice-read' [33m 371[2mms[22m[39m
     [33m[2m✓[22m[39m 'apply-rest-read' [33m 364[2mms[22m[39m
     [33m[2m✓[22m[39m 'apply-nested-read' [33m 364[2mms[22m[39m
     [33m[2m✓[22m[39m 'bound-direct-domain' [33m 371[2mms[22m[39m
     [33m[2m✓[22m[39m 'bound-call-domain' [33m 376[2mms[22m[39m
     [33m[2m✓[22m[39m 'bound-apply-domain' [33m 387[2mms[22m[39m
     [33m[2m✓[22m[39m 'bound-array-domain' [33m 367[2mms[22m[39m
     [33m[2m✓[22m[39m 'bound-rest-domain' [33m 371[2mms[22m[39m
     [33m[2m✓[22m[39m 'bound-spread-domain' [33m 371[2mms[22m[39m
     [33m[2m✓[22m[39m 'apply-literal-domain' [33m 372[2mms[22m[39m
     [33m[2m✓[22m[39m 'apply-copy-domain' [33m 363[2mms[22m[39m
     [33m[2m✓[22m[39m 'apply-slice-domain' [33m 351[2mms[22m[39m
     [33m[2m✓[22m[39m 'apply-rest-domain' [33m 373[2mms[22m[39m
     [33m[2m✓[22m[39m 'apply-nested-domain' [33m 352[2mms[22m[39m
     [33m[2m✓[22m[39m 'bound-direct-quota' [33m 361[2mms[22m[39m
     [33m[2m✓[22m[39m 'bound-call-quota' [33m 374[2mms[22m[39m
     [33m[2m✓[22m[39m 'bound-apply-quota' [33m 394[2mms[22m[39m
     [33m[2m✓[22m[39m 'bound-array-quota' [33m 377[2mms[22m[39m
     [33m[2m✓[22m[39m 'bound-rest-quota' [33m 391[2mms[22m[39m
     [33m[2m✓[22m[39m 'bound-spread-quota' [33m 394[2mms[22m[39m
     [33m[2m✓[22m[39m 'apply-literal-quota' [33m 362[2mms[22m[39m
     [33m[2m✓[22m[39m 'apply-copy-quota' [33m 360[2mms[22m[39m
     [33m[2m✓[22m[39m 'apply-slice-quota' [33m 355[2mms[22m[39m
     [33m[2m✓[22m[39m 'apply-rest-quota' [33m 373[2mms[22m[39m
     [33m[2m✓[22m[39m 'apply-nested-quota' [33m 371[2mms[22m[39m
     [33m[2m✓[22m[39m 'fetch-bind-inert' [33m 356[2mms[22m[39m
     [33m[2m✓[22m[39m 'query-bind-inert' [33m 385[2mms[22m[39m
     [33m[2m✓[22m[39m 'query-bind-call-inert' [33m 366[2mms[22m[39m
     [33m[2m✓[22m[39m 'fetch-bind-call-inert' [33m 353[2mms[22m[39m
     [33m[2m✓[22m[39m 'query-bind-apply-inert' [33m 356[2mms[22m[39m
     [33m[2m✓[22m[39m 'query-call-call-read' [33m 355[2mms[22m[39m
     [33m[2m✓[22m[39m 'query-call-call-domain' [33m 355[2mms[22m[39m
     [33m[2m✓[22m[39m 'query-call-apply-read' [33m 368[2mms[22m[39m
     [33m[2m✓[22m[39m 'unresolved-apply' [33m 354[2mms[22m[39m
     [33m[2m✓[22m[39m 'mutated-apply' [33m 348[2mms[22m[39m
     [33m[2m✓[22m[39m 'unknown-prefix' [33m 349[2mms[22m[39m
     [33m[2m✓[22m[39m 'config-apply' [33m 362[2mms[22m[39m
     [33m[2m✓[22m[39m 'config-bound' [33m 381[2mms[22m[39m
     [33m[2m✓[22m[39m 'mutated-config-apply' [33m 360[2mms[22m[39m
     [33m[2m✓[22m[39m 'primitive-copy-apply' [33m 360[2mms[22m[39m
     [33m[2m✓[22m[39m 'query-alias-call' [33m 388[2mms[22m[39m
     [33m[2m✓[22m[39m 'function-own-bind-prefix' [33m 346[2mms[22m[39m
     [33m[2m✓[22m[39m 'own-query-call-sql-first' [33m 349[2mms[22m[39m
     [33m[2m✓[22m[39m 'own-query-apply-sql-first' [33m 352[2mms[22m[39m
     [33m[2m✓[22m[39m 'function-stored-call-pure' [33m 336[2mms[22m[39m
     [33m[2m✓[22m[39m 'function-stored-bind-http' [33m 350[2mms[22m[39m
     [33m[2m✓[22m[39m 'array-own-bind-http' [33m 338[2mms[22m[39m
     [33m[2m✓[22m[39m 'query-tag-domain' [33m 344[2mms[22m[39m
     [33m[2m✓[22m[39m 'template-http' [33m 353[2mms[22m[39m
     [33m[2m✓[22m[39m 'inert-strings' [33m 344[2mms[22m[39m
     [33m[2m✓[22m[39m 'bound-own-fetch-bind-direct' [33m 336[2mms[22m[39m
     [33m[2m✓[22m[39m 'bound-own-fetch-bind-holder' [33m 356[2mms[22m[39m
     [33m[2m✓[22m[39m 'bound-own-fetch-bind-array' [33m 351[2mms[22m[39m
     [33m[2m✓[22m[39m 'bound-own-fetch-bind-spread' [33m 353[2mms[22m[39m
     [33m[2m✓[22m[39m 'bound-own-query-bind-direct' [33m 379[2mms[22m[39m
     [33m[2m✓[22m[39m 'bound-own-query-bind-holder' [33m 358[2mms[22m[39m
     [33m[2m✓[22m[39m 'bound-own-query-bind-array' [33m 377[2mms[22m[39m
     [33m[2m✓[22m[39m 'bound-own-query-bind-spread' [33m 367[2mms[22m[39m
     [33m[2m✓[22m[39m 'bound-own-pure-bind-direct' [33m 347[2mms[22m[39m
     [33m[2m✓[22m[39m 'bound-own-pure-bind-holder' [33m 347[2mms[22m[39m
     [33m[2m✓[22m[39m 'bound-own-pure-bind-array' [33m 356[2mms[22m[39m
     [33m[2m✓[22m[39m 'bound-own-pure-bind-spread' [33m 349[2mms[22m[39m
     [33m[2m✓[22m[39m 'bound-own-query-bind-sql-direct' [33m 373[2mms[22m[39m
     [33m[2m✓[22m[39m 'bound-own-pure-bind-positive-direct' [33m 350[2mms[22m[39m
     [33m[2m✓[22m[39m 'bound-own-query-bind-sql-rest' [33m 381[2mms[22m[39m
     [33m[2m✓[22m[39m 'bound-own-pure-bind-positive-rest' [33m 363[2mms[22m[39m
     [33m[2m✓[22m[39m 'bound-own-query-bind-sql-array' [33m 373[2mms[22m[39m
     [33m[2m✓[22m[39m 'bound-own-pure-bind-positive-array' [33m 354[2mms[22m[39m
     [33m[2m✓[22m[39m 'bound-own-fetch-call-direct' [33m 378[2mms[22m[39m
     [33m[2m✓[22m[39m 'bound-own-fetch-call-holder' [33m 358[2mms[22m[39m
     [33m[2m✓[22m[39m 'bound-own-fetch-call-array' [33m 347[2mms[22m[39m
     [33m[2m✓[22m[39m 'bound-own-fetch-call-spread' [33m 367[2mms[22m[39m
     [33m[2m✓[22m[39m 'bound-own-query-call-direct' [33m 363[2mms[22m[39m
     [33m[2m✓[22m[39m 'bound-own-query-call-holder' [33m 361[2mms[22m[39m
     [33m[2m✓[22m[39m 'bound-own-query-call-array' [33m 362[2mms[22m[39m
     [33m[2m✓[22m[39m 'bound-own-query-call-spread' [33m 372[2mms[22m[39m
     [33m[2m✓[22m[39m 'bound-own-pure-call-direct' [33m 356[2mms[22m[39m
     [33m[2m✓[22m[39m 'bound-own-pure-call-holder' [33m 351[2mms[22m[39m
     [33m[2m✓[22m[39m 'bound-own-pure-call-array' [33m 349[2mms[22m[39m
     [33m[2m✓[22m[39m 'bound-own-pure-call-spread' [33m 368[2mms[22m[39m
     [33m[2m✓[22m[39m 'bound-own-query-call-sql-direct' [33m 378[2mms[22m[39m
     [33m[2m✓[22m[39m 'bound-own-pure-call-positive-direct' [33m 367[2mms[22m[39m
     [33m[2m✓[22m[39m 'bound-own-query-call-sql-rest' [33m 388[2mms[22m[39m
     [33m[2m✓[22m[39m 'bound-own-pure-call-positive-rest' [33m 351[2mms[22m[39m
     [33m[2m✓[22m[39m 'bound-own-query-call-sql-array' [33m 375[2mms[22m[39m
     [33m[2m✓[22m[39m 'bound-own-pure-call-positive-array' [33m 343[2mms[22m[39m
     [33m[2m✓[22m[39m 'bound-own-fetch-apply-direct' [33m 358[2mms[22m[39m
     [33m[2m✓[22m[39m 'bound-own-fetch-apply-holder' [33m 347[2mms[22m[39m
     [33m[2m✓[22m[39m 'bound-own-fetch-apply-array' [33m 355[2mms[22m[39m
     [33m[2m✓[22m[39m 'bound-own-fetch-apply-spread' [33m 345[2mms[22m[39m
     [33m[2m✓[22m[39m 'bound-own-query-apply-direct' [33m 362[2mms[22m[39m
     [33m[2m✓[22m[39m 'bound-own-query-apply-holder' [33m 379[2mms[22m[39m
     [33m[2m✓[22m[39m 'bound-own-query-apply-array' [33m 360[2mms[22m[39m
     [33m[2m✓[22m[39m 'bound-own-query-apply-spread' [33m 378[2mms[22m[39m
     [33m[2m✓[22m[39m 'bound-own-pure-apply-direct' [33m 343[2mms[22m[39m
     [33m[2m✓[22m[39m 'bound-own-pure-apply-holder' [33m 368[2mms[22m[39m
     [33m[2m✓[22m[39m 'bound-own-pure-apply-array' [33m 360[2mms[22m[39m
     [33m[2m✓[22m[39m 'bound-own-pure-apply-spread' [33m 347[2mms[22m[39m
     [33m[2m✓[22m[39m 'bound-own-query-apply-sql-direct' [33m 371[2mms[22m[39m
     [33m[2m✓[22m[39m 'bound-own-pure-apply-positive-direct' [33m 370[2mms[22m[39m
     [33m[2m✓[22m[39m 'bound-own-query-apply-sql-rest' [33m 383[2mms[22m[39m
     [33m[2m✓[22m[39m 'bound-own-pure-apply-positive-rest' [33m 366[2mms[22m[39m
     [33m[2m✓[22m[39m 'bound-own-query-apply-sql-array' [33m 368[2mms[22m[39m
     [33m[2m✓[22m[39m 'bound-own-pure-apply-positive-array' [33m 358[2mms[22m[39m
     [33m[2m✓[22m[39m 'intrinsic-alias-bind-fetch-inert' [33m 354[2mms[22m[39m
     [33m[2m✓[22m[39m 'intrinsic-alias-bind-query-inert' [33m 366[2mms[22m[39m
     [33m[2m✓[22m[39m 'bound-twice-inert' [33m 374[2mms[22m[39m
     [33m[2m✓[22m[39m 'bound-twice-invoked' [33m 380[2mms[22m[39m
     [33m[2m✓[22m[39m 'bound-query-twice-read' [33m 379[2mms[22m[39m
     [33m[2m✓[22m[39m 'bound-query-twice-domain' [33m 435[2mms[22m[39m
     [33m[2m✓[22m[39m 'allocation-original-independent' [33m 363[2mms[22m[39m
     [33m[2m✓[22m[39m 'allocation-bound-independent' [33m 359[2mms[22m[39m
     [33m[2m✓[22m[39m 'allocation-pure-independent' [33m 371[2mms[22m[39m
     [33m[2m✓[22m[39m 'allocation-alias-shared' [33m 367[2mms[22m[39m
     [33m[2m✓[22m[39m 'allocation-default-shared' [33m 367[2mms[22m[39m
     [33m[2m✓[22m[39m 'allocation-rest-shared' [33m 369[2mms[22m[39m
     [33m[2m✓[22m[39m 'layer-bind-call-invoke' [33m 347[2mms[22m[39m
     [33m[2m✓[22m[39m 'layer-bind-apply-invoke' [33m 358[2mms[22m[39m
     [33m[2m✓[22m[39m 'alias-bind-invoke' [33m 359[2mms[22m[39m
     [33m[2m✓[22m[39m 'layer-bind-query-domain' [33m 375[2mms[22m[39m
     [33m[2m✓[22m[39m 'layer-bind-query-read' [33m 394[2mms[22m[39m
     [33m[2m✓[22m[39m 'alias-call-domain' [33m 372[2mms[22m[39m
     [33m[2m✓[22m[39m 'layer-call-apply-domain' [33m 356[2mms[22m[39m
     [33m[2m✓[22m[39m 'layer-call-call-quota' [33m 374[2mms[22m[39m
     [33m[2m✓[22m[39m 'layer-apply-call-read' [33m 357[2mms[22m[39m
     [33m[2m✓[22m[39m 'layer-apply-call-domain' [33m 359[2mms[22m[39m
     [33m[2m✓[22m[39m 'layer-apply-incomplete' [33m 359[2mms[22m[39m
     [33m[2m✓[22m[39m 'bound-own-prefix-domain' [33m 352[2mms[22m[39m
     [33m[2m✓[22m[39m 'bound-own-prefix-quota' [33m 362[2mms[22m[39m
     [33m[2m✓[22m[39m 'bound-own-mutated-config' [33m 350[2mms[22m[39m
     [33m[2m✓[22m[39m 'critic-initial-000-own-bind-fetch' [33m 348[2mms[22m[39m
     [33m[2m✓[22m[39m 'critic-initial-001-own-bind-db-query' [33m 354[2mms[22m[39m
     [33m[2m✓[22m[39m 'critic-initial-002-own-bind--x-x' [33m 353[2mms[22m[39m
     [33m[2m✓[22m[39m 'critic-initial-003-own-call-fetch' [33m 350[2mms[22m[39m
     [33m[2m✓[22m[39m 'critic-initial-004-own-call-db-query' [33m 362[2mms[22m[39m
     [33m[2m✓[22m[39m 'critic-initial-005-own-call--x-x' [33m 349[2mms[22m[39m
     [33m[2m✓[22m[39m 'critic-initial-006-own-apply-fetch' [33m 343[2mms[22m[39m
     [33m[2m✓[22m[39m 'critic-initial-007-own-apply-db-query' [33m 382[2mms[22m[39m
     [33m[2m✓[22m[39m 'critic-initial-008-own-apply--x-x' [33m 343[2mms[22m[39m
     [33m[2m✓[22m[39m 'critic-initial-009-own-custom-fetch' [33m 367[2mms[22m[39m
     [33m[2m✓[22m[39m 'critic-initial-010-own-custom-db-query' [33m 359[2mms[22m[39m
     [33m[2m✓[22m[39m 'critic-initial-011-own-custom--x-x' [33m 358[2mms[22m[39m
     [33m[2m✓[22m[39m 'critic-initial-012-own-query-fetch' [33m 363[2mms[22m[39m
     [33m[2m✓[22m[39m 'critic-initial-013-own-query-db-query' [33m 373[2mms[22m[39m
     [33m[2m✓[22m[39m 'critic-initial-014-own-query--x-x' [33m 346[2mms[22m[39m
     [33m[2m✓[22m[39m 'critic-initial-015-own-sendMessage-fe…' [33m 363[2mms[22m[39m
     [33m[2m✓[22m[39m 'critic-initial-016-own-sendMessage-db…' [33m 359[2mms[22m[39m
     [33m[2m✓[22m[39m 'critic-initial-017-own-sendMessage--x…' [33m 348[2mms[22m[39m
     [33m[2m✓[22m[39m 'critic-initial-018-alias-own-bind' [33m 371[2mms[22m[39m
     [33m[2m✓[22m[39m 'critic-initial-019-alias-own-call' [33m 360[2mms[22m[39m
     [33m[2m✓[22m[39m 'critic-initial-020-alias-own-apply' [33m 360[2mms[22m[39m
     [33m[2m✓[22m[39m 'critic-initial-021-holder-own-bind' [33m 374[2mms[22m[39m
     [33m[2m✓[22m[39m 'critic-initial-022-holder-own-call' [33m 371[2mms[22m[39m
     [33m[2m✓[22m[39m 'critic-initial-023-holder-own-apply' [33m 359[2mms[22m[39m
     [33m[2m✓[22m[39m 'critic-initial-024-array-own-bind' [33m 374[2mms[22m[39m
     [33m[2m✓[22m[39m 'critic-initial-025-array-own-call' [33m 353[2mms[22m[39m
     [33m[2m✓[22m[39m 'critic-initial-026-array-own-apply' [33m 368[2mms[22m[39m
     [33m[2m✓[22m[39m 'critic-initial-027-object-rest-own-bi…' [33m 360[2mms[22m[39m
     [33m[2m✓[22m[39m 'critic-initial-028-object-rest-own-ca…' [33m 358[2mms[22m[39m
     [33m[2m✓[22m[39m 'critic-initial-029-object-rest-own-ap…' [33m 365[2mms[22m[39m
     [33m[2m✓[22m[39m 'critic-initial-030-array-rest-own-bind' [33m 364[2mms[22m[39m
     [33m[2m✓[22m[39m 'critic-initial-031-array-rest-own-call' [33m 355[2mms[22m[39m
     [33m[2m✓[22m[39m 'critic-initial-032-array-rest-own-app…' [33m 362[2mms[22m[39m
     [33m[2m✓[22m[39m 'critic-initial-033-spread-own-bind' [33m 363[2mms[22m[39m
     [33m[2m✓[22m[39m 'critic-initial-034-spread-own-call' [33m 357[2mms[22m[39m
     [33m[2m✓[22m[39m 'critic-initial-035-spread-own-apply' [33m 369[2mms[22m[39m
     [33m[2m✓[22m[39m 'critic-initial-036-direct-FAIL-UPDATE' [33m 357[2mms[22m[39m
     [33m[2m✓[22m[39m 'critic-initial-037-direct-inert-UPDATE' [33m 361[2mms[22m[39m
     [33m[2m✓[22m[39m 'critic-initial-038-direct-PASS-UPDATE' [33m 361[2mms[22m[39m
     [33m[2m✓[22m[39m 'critic-initial-039-direct-inert-UPDATE' [33m 348[2mms[22m[39m
     [33m[2m✓[22m[39m 'critic-initial-040-direct-PASS-SELECT' [33m 373[2mms[22m[39m
     [33m[2m✓[22m[39m 'critic-initial-041-direct-inert-SELECT' [33m 351[2mms[22m[39m
     [33m[2m✓[22m[39m 'critic-initial-042-bind-call-FAIL-UPD…' [33m 380[2mms[22m[39m
     [33m[2m✓[22m[39m 'critic-initial-043-bind-call-inert-UP…' [33m 364[2mms[22m[39m
     [33m[2m✓[22m[39m 'critic-initial-044-bind-call-PASS-UPD…' [33m 366[2mms[22m[39m
     [33m[2m✓[22m[39m 'critic-initial-045-bind-call-inert-UP…' [33m 365[2mms[22m[39m
     [33m[2m✓[22m[39m 'critic-initial-046-bind-call-PASS-SEL…' [33m 390[2mms[22m[39m
     [33m[2m✓[22m[39m 'critic-initial-047-bind-call-inert-SE…' [33m 365[2mms[22m[39m
     [33m[2m✓[22m[39m 'critic-initial-048-bind-apply-FAIL-UP…' [33m 387[2mms[22m[39m
     [33m[2m✓[22m[39m 'critic-initial-049-bind-apply-inert-U…' [33m 360[2mms[22m[39m
     [33m[2m✓[22m[39m 'critic-initial-050-bind-apply-PASS-UP…' [33m 378[2mms[22m[39m
     [33m[2m✓[22m[39m 'critic-initial-051-bind-apply-inert-U…' [33m 377[2mms[22m[39m
     [33m[2m✓[22m[39m 'critic-initial-052-bind-apply-PASS-SE…' [33m 369[2mms[22m[39m
     [33m[2m✓[22m[39m 'critic-initial-053-bind-apply-inert-S…' [33m 364[2mms[22m[39m
     [33m[2m✓[22m[39m 'critic-initial-054-layer-54' [33m 376[2mms[22m[39m
     [33m[2m✓[22m[39m 'critic-initial-055-layer-55' [33m 394[2mms[22m[39m
     [33m[2m✓[22m[39m 'critic-initial-056-layer-56' [33m 371[2mms[22m[39m
     [33m[2m✓[22m[39m 'critic-initial-057-layer-57' [33m 445[2mms[22m[39m
     [33m[2m✓[22m[39m 'critic-initial-058-layer-58' [33m 458[2mms[22m[39m
     [33m[2m✓[22m[39m 'critic-initial-059-layer-59' [33m 436[2mms[22m[39m
     [33m[2m✓[22m[39m 'critic-initial-060-layer-60' [33m 362[2mms[22m[39m
     [33m[2m✓[22m[39m 'critic-initial-061-layer-61' [33m 369[2mms[22m[39m
     [33m[2m✓[22m[39m 'critic-initial-062-layer-62' [33m 376[2mms[22m[39m
     [33m[2m✓[22m[39m 'critic-initial-063-layer-63' [33m 364[2mms[22m[39m
     [33m[2m✓[22m[39m 'critic-initial-064-layer-64' [33m 357[2mms[22m[39m
     [33m[2m✓[22m[39m 'critic-initial-065-layer-65' [33m 385[2mms[22m[39m
     [33m[2m✓[22m[39m 'critic-initial-066-layer-66' [33m 378[2mms[22m[39m
     [33m[2m✓[22m[39m 'critic-initial-067-layer-67' [33m 375[2mms[22m[39m
     [33m[2m✓[22m[39m 'critic-initial-068-layer-68' [33m 389[2mms[22m[39m
     [33m[2m✓[22m[39m 'critic-initial-069-layer-69' [33m 398[2mms[22m[39m
     [33m[2m✓[22m[39m 'critic-initial-070-layer-70' [33m 376[2mms[22m[39m
     [33m[2m✓[22m[39m 'critic-initial-071-layer-71' [33m 407[2mms[22m[39m
     [33m[2m✓[22m[39m 'critic-initial-072-layer-72' [33m 372[2mms[22m[39m
     [33m[2m✓[22m[39m 'critic-initial-073-layer-73' [33m 358[2mms[22m[39m
     [33m[2m✓[22m[39m 'critic-initial-074-layer-74' [33m 357[2mms[22m[39m
     [33m[2m✓[22m[39m 'critic-initial-075-layer-75' [33m 368[2mms[22m[39m
     [33m[2m✓[22m[39m 'critic-initial-076-layer-76' [33m 372[2mms[22m[39m
     [33m[2m✓[22m[39m 'critic-initial-077-layer-77' [33m 372[2mms[22m[39m
     [33m[2m✓[22m[39m 'critic-initial-078-layer-78' [33m 360[2mms[22m[39m
     [33m[2m✓[22m[39m 'critic-initial-079-layer-79' [33m 368[2mms[22m[39m
     [33m[2m✓[22m[39m 'critic-initial-080-layer-80' [33m 367[2mms[22m[39m
     [33m[2m✓[22m[39m 'critic-initial-081-layer-81' [33m 357[2mms[22m[39m
     [33m[2m✓[22m[39m 'critic-initial-082-layer-82' [33m 366[2mms[22m[39m
     [33m[2m✓[22m[39m 'critic-initial-083-layer-83' [33m 376[2mms[22m[39m
     [33m[2m✓[22m[39m 'critic-initial-084-layer-84' [33m 377[2mms[22m[39m
     [33m[2m✓[22m[39m 'critic-initial-085-layer-85' [33m 386[2mms[22m[39m
     [33m[2m✓[22m[39m 'critic-initial-086-layer-86' [33m 374[2mms[22m[39m
     [33m[2m✓[22m[39m 'critic-initial-087-layer-87' [33m 394[2mms[22m[39m
     [33m[2m✓[22m[39m 'critic-initial-088-layer-88' [33m 384[2mms[22m[39m
     [33m[2m✓[22m[39m 'critic-initial-089-layer-89' [33m 393[2mms[22m[39m
     [33m[2m✓[22m[39m 'critic-initial-090-allocation-90' [33m 357[2mms[22m[39m
     [33m[2m✓[22m[39m 'critic-initial-091-allocation-91' [33m 354[2mms[22m[39m
     [33m[2m✓[22m[39m 'critic-initial-092-spread-92' [33m 373[2mms[22m[39m
     [33m[2m✓[22m[39m 'critic-initial-093-spread-93' [33m 361[2mms[22m[39m
     [33m[2m✓[22m[39m 'critic-initial-094-spread-94' [33m 349[2mms[22m[39m
     [33m[2m✓[22m[39m 'critic-initial-095-spread-95' [33m 373[2mms[22m[39m
     [33m[2m✓[22m[39m 'critic-initial-096-spread-96' [33m 353[2mms[22m[39m
     [33m[2m✓[22m[39m 'critic-initial-097-spread-97' [33m 365[2mms[22m[39m
     [33m[2m✓[22m[39m 'critic-initial-098-spread-98' [33m 378[2mms[22m[39m
     [33m[2m✓[22m[39m 'critic-initial-099-spread-99' [33m 367[2mms[22m[39m
     [33m[2m✓[22m[39m 'critic-initial-100-spread-100' [33m 355[2mms[22m[39m
     [33m[2m✓[22m[39m 'critic-initial-101-spread-101' [33m 371[2mms[22m[39m
     [33m[2m✓[22m[39m 'critic-initial-102-spread-102' [33m 372[2mms[22m[39m
     [33m[2m✓[22m[39m 'critic-initial-103-spread-103' [33m 372[2mms[22m[39m
     [33m[2m✓[22m[39m 'critic-paired-000-direct-http' [33m 350[2mms[22m[39m
     [33m[2m✓[22m[39m 'critic-paired-001-direct-domain' [33m 358[2mms[22m[39m
     [33m[2m✓[22m[39m 'critic-paired-002-object-http' [33m 345[2mms[22m[39m
     [33m[2m✓[22m[39m 'critic-paired-003-object-domain' [33m 350[2mms[22m[39m
     [33m[2m✓[22m[39m 'critic-paired-004-bound-pure-custom' [33m 340[2mms[22m[39m
     [33m[2m✓[22m[39m 'critic-paired-005-bound-custom-read' [33m 344[2mms[22m[39m
     [33m[2m✓[22m[39m 'critic-paired-006-bound-custom-quota' [33m 360[2mms[22m[39m
     [33m[2m✓[22m[39m 'critic-paired-007-bound-custom-extrac…' [33m 351[2mms[22m[39m
     [33m[2m✓[22m[39m 'critic-paired-008-bound-custom-aliased' [33m 351[2mms[22m[39m
     [33m[2m✓[22m[39m 'critic-paired-009-bound-custom-holder' [33m 343[2mms[22m[39m
     [33m[2m✓[22m[39m 'critic-paired-010-bound-custom-array' [33m 347[2mms[22m[39m
     [33m[2m✓[22m[39m 'critic-paired-011-bound-custom-prefix' [33m 369[2mms[22m[39m
     [33m[2m✓[22m[39m 'critic-paired-012-bound-custom-inert' [33m 339[2mms[22m[39m
     [33m[2m✓[22m[39m 'critic-paired-013-object-pure-send' [33m 345[2mms[22m[39m
     [33m[2m✓[22m[39m 'critic-paired-014-bound-pure-send-ext…' [33m 351[2mms[22m[39m
     [33m[2m✓[22m[39m 'critic-paired-015-bound-pure-send-call' [33m 353[2mms[22m[39m
     [33m[2m✓[22m[39m 'generic-declaration-http' [33m 343[2mms[22m[39m
     [33m[2m✓[22m[39m 'generic-declaration-domain' [33m 358[2mms[22m[39m
     [33m[2m✓[22m[39m 'generic-declaration-read' [33m 344[2mms[22m[39m
     [33m[2m✓[22m[39m 'generic-declaration-pure' [33m 339[2mms[22m[39m
     [33m[2m✓[22m[39m 'generic-expression-http' [33m 353[2mms[22m[39m
     [33m[2m✓[22m[39m 'generic-expression-domain' [33m 350[2mms[22m[39m
     [33m[2m✓[22m[39m 'generic-expression-read' [33m 355[2mms[22m[39m
     [33m[2m✓[22m[39m 'generic-expression-pure' [33m 354[2mms[22m[39m
     [33m[2m✓[22m[39m 'generic-arrow-http' [33m 351[2mms[22m[39m
     [33m[2m✓[22m[39m 'generic-arrow-domain' [33m 342[2mms[22m[39m
     [33m[2m✓[22m[39m 'generic-arrow-read' [33m 357[2mms[22m[39m
     [33m[2m✓[22m[39m 'generic-arrow-pure' [33m 357[2mms[22m[39m
     [33m[2m✓[22m[39m 'generic-declaration-pure-send' [33m 340[2mms[22m[39m
     [33m[2m✓[22m[39m 'generic-expression-pure-send' [33m 352[2mms[22m[39m
     [33m[2m✓[22m[39m 'generic-pure-send-apply' [33m 370[2mms[22m[39m
     [33m[2m✓[22m[39m 'generic-real-send' [33m 359[2mms[22m[39m
     [33m[2m✓[22m[39m 'generic-mixed-http' [33m 350[2mms[22m[39m
     [33m[2m✓[22m[39m 'generic-mixed-domain' [33m 342[2mms[22m[39m
     [33m[2m✓[22m[39m 'generic-prefix-read' [33m 386[2mms[22m[39m
     [33m[2m✓[22m[39m 'generic-prefix-quota' [33m 380[2mms[22m[39m
     [33m[2m✓[22m[39m 'generic-prefix-extracted-domain' [33m 367[2mms[22m[39m
     [33m[2m✓[22m[39m 'generic-default-alias' [33m 352[2mms[22m[39m
     [33m[2m✓[22m[39m 'generic-array-rest-alias' [33m 360[2mms[22m[39m
     [33m[2m✓[22m[39m 'generic-object-spread-alias' [33m 370[2mms[22m[39m
     [33m[2m✓[22m[39m 'generic-allocation-independent' [33m 358[2mms[22m[39m
     [33m[2m✓[22m[39m 'generic-allocation-shared' [33m 352[2mms[22m[39m
     [33m[2m✓[22m[39m 'generic-uninvoked-domain' [33m 368[2mms[22m[39m
     [33m[2m✓[22m[39m 'generic-unknown-not-absent' [33m 347[2mms[22m[39m
     [33m[2m✓[22m[39m 'generic-query-config-read' [33m 363[2mms[22m[39m
     [33m[2m✓[22m[39m 'generic-query-config-mutated' [33m 365[2mms[22m[39m
     [33m[2m✓[22m[39m 'regression-native-array-push' [33m 335[2mms[22m[39m
     [33m[2m✓[22m[39m 'regression-native-array-filter' [33m 349[2mms[22m[39m
     [33m[2m✓[22m[39m 'regression-own-array-push-fetch' [33m 354[2mms[22m[39m
     [33m[2m✓[22m[39m 'regression-own-array-push-pure' [33m 345[2mms[22m[39m
     [33m[2m✓[22m[39m 'critic-direct-fetch' [33m 353[2mms[22m[39m
     [33m[2m✓[22m[39m 'critic-inert-text' [33m 354[2mms[22m[39m
     [33m[2m✓[22m[39m 'critic-direct-quota' [33m 361[2mms[22m[39m
     [33m[2m✓[22m[39m 'critic-bound-quota' [33m 374[2mms[22m[39m
     [33m[2m✓[22m[39m 'critic-own-custom-quota' [33m 374[2mms[22m[39m
     [33m[2m✓[22m[39m 'critic-bound-own-quota' [33m 370[2mms[22m[39m
     [33m[2m✓[22m[39m 'critic-apply-quota' [33m 375[2mms[22m[39m
     [33m[2m✓[22m[39m 'critic-layer-quota' [33m 382[2mms[22m[39m
     [33m[2m✓[22m[39m 'critic-direct-domain' [33m 347[2mms[22m[39m
     [33m[2m✓[22m[39m 'critic-bound-domain' [33m 357[2mms[22m[39m
     [33m[2m✓[22m[39m 'critic-own-custom-domain' [33m 356[2mms[22m[39m
     [33m[2m✓[22m[39m 'critic-bound-own-domain' [33m 352[2mms[22m[39m
     [33m[2m✓[22m[39m 'critic-apply-domain' [33m 368[2mms[22m[39m
     [33m[2m✓[22m[39m 'critic-layer-domain' [33m 362[2mms[22m[39m
     [33m[2m✓[22m[39m 'critic-direct-read' [33m 351[2mms[22m[39m
     [33m[2m✓[22m[39m 'critic-bound-read' [33m 358[2mms[22m[39m
     [33m[2m✓[22m[39m 'critic-own-custom-read' [33m 360[2mms[22m[39m
     [33m[2m✓[22m[39m 'critic-bound-own-read' [33m 362[2mms[22m[39m
     [33m[2m✓[22m[39m 'critic-apply-read' [33m 361[2mms[22m[39m
     [33m[2m✓[22m[39m 'critic-layer-read' [33m 365[2mms[22m[39m
     [33m[2m✓[22m[39m 'critic-native-bind-inert' [33m 359[2mms[22m[39m
     [33m[2m✓[22m[39m 'critic-bind-alias-inert' [33m 348[2mms[22m[39m
     [33m[2m✓[22m[39m 'critic-own-fetch' [33m 359[2mms[22m[39m
     [33m[2m✓[22m[39m 'critic-own-pure-send' [33m 367[2mms[22m[39m
     [33m[2m✓[22m[39m 'critic-bound-pure-send' [33m 340[2mms[22m[39m
     [33m[2m✓[22m[39m 'critic-distinct-bind-pure' [33m 363[2mms[22m[39m
     [33m[2m✓[22m[39m 'critic-function-spread-fetch' [33m 360[2mms[22m[39m
     [33m[2m✓[22m[39m 'critic-global-function-own-query' [33m 341[2mms[22m[39m
     [33m[2m✓[22m[39m 'critic-global-function-own-pure' [33m 343[2mms[22m[39m
     [33m[2m✓[22m[39m 'critic-own-rest-fetch' [33m 370[2mms[22m[39m
     [33m[2m✓[22m[39m 'critic-own-default-fetch' [33m 343[2mms[22m[39m
     [33m[2m✓[22m[39m 'critic-own-default-pure' [33m 355[2mms[22m[39m
     [33m[2m✓[22m[39m 'critic-assignment-default-fetch' [33m 351[2mms[22m[39m
     [33m[2m✓[22m[39m 'critic-array-spread-query' [33m 363[2mms[22m[39m
     [33m[2m✓[22m[39m 'critic-array-slice-query' [33m 372[2mms[22m[39m
     [33m[2m✓[22m[39m 'critic-primitive-copy' [33m 357[2mms[22m[39m
     [33m[2m✓[22m[39m 'critic-object-copy-alias' [33m 353[2mms[22m[39m
     [33m[2m✓[22m[39m 'critic-mixed-quota' [33m 335[2mms[22m[39m
     [33m[2m✓[22m[39m 'critic-cte-domain' [33m 343[2mms[22m[39m
     [33m[2m✓[22m[39m 'critic-unknown-target' [33m 340[2mms[22m[39m
     [33m[2m✓[22m[39m 'critic-quota-outside' [33m 346[2mms[22m[39m
     [33m[2m✓[22m[39m 'critic-prod-test-dir' [33m 341[2mms[22m[39m
     [33m[2m✓[22m[39m 'critic-interpolation-fetch' [33m 336[2mms[22m[39m
     [33m[2m✓[22m[39m 'critic-template-pure' [33m 348[2mms[22m[39m
     [33m[2m✓[22m[39m 'critic-own-bind-fetch' [33m 345[2mms[22m[39m
     [33m[2m✓[22m[39m 'critic-own-call-quota' [33m 347[2mms[22m[39m
     [33m[2m✓[22m[39m 'critic-own-apply-domain' [33m 363[2mms[22m[39m
     [33m[2m✓[22m[39m 'critic-native-bind-call-quota' [33m 388[2mms[22m[39m
     [33m[2m✓[22m[39m 'critic-native-bind-apply-domain' [33m 386[2mms[22m[39m
     [33m[2m✓[22m[39m 'critic-pure-member-on-fetch-send' [33m 356[2mms[22m[39m
     [33m[2m✓[22m[39m 'critic-stored-axios-pure' [33m 353[2mms[22m[39m
     [33m[2m✓[22m[39m 'confirm-confirm-global-domain' [33m 364[2mms[22m[39m
     [33m[2m✓[22m[39m 'confirm-confirm-local-domain' [33m 355[2mms[22m[39m
     [33m[2m✓[22m[39m 'confirm-confirm-import-domain' [33m 355[2mms[22m[39m
     [33m[2m✓[22m[39m 'confirm-confirm-alias-domain' [33m 352[2mms[22m[39m
     [33m[2m✓[22m[39m 'confirm-confirm-global-inert' [33m 355[2mms[22m[39m
     [33m[2m✓[22m[39m 'confirm-confirm-global-pure' [33m 349[2mms[22m[39m
     [33m[2m✓[22m[39m 'confirm-confirm-local-pure' [33m 369[2mms[22m[39m
     [33m[2m✓[22m[39m 'confirm-confirm-global-read' [33m 352[2mms[22m[39m
     [33m[2m✓[22m[39m 'external-holder-domain' [33m 360[2mms[22m[39m
     [33m[2m✓[22m[39m 'external-holder-read' [33m 352[2mms[22m[39m
     [33m[2m✓[22m[39m 'external-array-domain' [33m 358[2mms[22m[39m
     [33m[2m✓[22m[39m 'external-array-pure' [33m 371[2mms[22m[39m
     [33m[2m✓[22m[39m 'external-prefix-domain' [33m 362[2mms[22m[39m
     [33m[2m✓[22m[39m 'external-prefix-quota' [33m 375[2mms[22m[39m
     [33m[2m✓[22m[39m 'external-prefix-mixed' [33m 379[2mms[22m[39m
     [33m[2m✓[22m[39m 'external-default-pure' [33m 339[2mms[22m[39m
     [33m[2m✓[22m[39m 'external-present-default' [33m 350[2mms[22m[39m
     [33m[2m✓[22m[39m 'external-present-pure-default' [33m 359[2mms[22m[39m
     [33m[2m✓[22m[39m 'external-unknown-default' [33m 356[2mms[22m[39m
     [33m[2m✓[22m[39m 'external-query-config-read' [33m 356[2mms[22m[39m
     [33m[2m✓[22m[39m 'external-query-config-mutated' [33m 379[2mms[22m[39m
     [33m[2m✓[22m[39m 'external-pure-config-conservative' [33m 361[2mms[22m[39m
     [33m[2m✓[22m[39m 'external-unknown-config' [33m 350[2mms[22m[39m
     [33m[2m✓[22m[39m 'import-alias-domain' [33m 378[2mms[22m[39m
     [33m[2m✓[22m[39m 'import-alias-pure' [33m 357[2mms[22m[39m
     [33m[2m✓[22m[39m 'import-symbols-independent' [33m 375[2mms[22m[39m
     [33m[2m✓[22m[39m 'import-symbols-own-domain' [33m 358[2mms[22m[39m
     [33m[2m✓[22m[39m 'lexical-shadow-independent' [33m 347[2mms[22m[39m
     [33m[2m✓[22m[39m 'lexical-shadow-own-domain' [33m 359[2mms[22m[39m
     [33m[2m✓[22m[39m 'bound-external-independent' [33m 351[2mms[22m[39m
     [33m[2m✓[22m[39m 'bound-external-own-domain' [33m 355[2mms[22m[39m
     [33m[2m✓[22m[39m 'external-direct-effect' [33m 358[2mms[22m[39m
     [33m[2m✓[22m[39m 'external-native-inert' [33m 344[2mms[22m[39m
     [33m[2m✓[22m[39m 'external-native-invoke' [33m 360[2mms[22m[39m
     [33m[2m✓[22m[39m 'external-uninvoked-prefix' [33m 362[2mms[22m[39m
     [33m[2m✓[22m[39m 'external-native-layer-inert' [33m 364[2mms[22m[39m
     [33m[2m✓[22m[39m 'external-native-layer-invoke' [33m 356[2mms[22m[39m
     [33m[2m✓[22m[39m 'recognized-module-own-pure' [33m 358[2mms[22m[39m
     [33m[2m✓[22m[39m 'recognized-module-own-domain' [33m 350[2mms[22m[39m
     [33m[2m✓[22m[39m 'external-own-bind-query' [33m 376[2mms[22m[39m
     [33m[2m✓[22m[39m 'external-own-call-pure' [33m 366[2mms[22m[39m
     [33m[2m✓[22m[39m 'external-own-apply-query' [33m 370[2mms[22m[39m
     [33m[2m✓[22m[39m 'same-export-domain' [33m 361[2mms[22m[39m
     [33m[2m✓[22m[39m 'same-export-read' [33m 356[2mms[22m[39m
     [33m[2m✓[22m[39m 'same-export-pure' [33m 340[2mms[22m[39m
     [33m[2m✓[22m[39m 'confirm-default-get' [33m 364[2mms[22m[39m
     [33m[2m✓[22m[39m 'confirm-default-post' [33m 376[2mms[22m[39m
     [33m[2m✓[22m[39m 'confirm-default-post-unmodified' [33m 342[2mms[22m[39m
     [33m[2m✓[22m[39m 'confirm-default-selected-get' [33m 348[2mms[22m[39m
     [33m[2m✓[22m[39m 'confirm-default-selected-post' [33m 348[2mms[22m[39m
     [33m[2m✓[22m[39m 'holder-same' [33m 348[2mms[22m[39m
     [33m[2m✓[22m[39m 'holder-distinct' [33m 361[2mms[22m[39m
     [33m[2m✓[22m[39m 'array-same' [33m 359[2mms[22m[39m
     [33m[2m✓[22m[39m 'array-distinct' [33m 377[2mms[22m[39m
     [33m[2m✓[22m[39m 'destructure-same' [33m 361[2mms[22m[39m
     [33m[2m✓[22m[39m 'destructure-distinct' [33m 359[2mms[22m[39m
     [33m[2m✓[22m[39m 'index-same' [33m 358[2mms[22m[39m
     [33m[2m✓[22m[39m 'index-distinct' [33m 352[2mms[22m[39m
     [33m[2m✓[22m[39m 'rest-holder-same' [33m 340[2mms[22m[39m
     [33m[2m✓[22m[39m 'rest-holder-distinct' [33m 358[2mms[22m[39m
     [33m[2m✓[22m[39m 'call-same' [33m 357[2mms[22m[39m
     [33m[2m✓[22m[39m 'call-distinct' [33m 356[2mms[22m[39m
     [33m[2m✓[22m[39m 'apply-same' [33m 374[2mms[22m[39m
     [33m[2m✓[22m[39m 'apply-distinct' [33m 349[2mms[22m[39m
     [33m[2m✓[22m[39m 'bind-same' [33m 361[2mms[22m[39m
     [33m[2m✓[22m[39m 'bind-distinct' [33m 359[2mms[22m[39m
     [33m[2m✓[22m[39m 'stored-prefix-domain' [33m 362[2mms[22m[39m
     [33m[2m✓[22m[39m 'stored-prefix-read' [33m 378[2mms[22m[39m
     [33m[2m✓[22m[39m 'stored-prefix-quota' [33m 358[2mms[22m[39m
     [33m[2m✓[22m[39m 'stored-prefix-mixed' [33m 362[2mms[22m[39m
     [33m[2m✓[22m[39m 'stored-query-domain' [33m 361[2mms[22m[39m
     [33m[2m✓[22m[39m 'stored-query-read' [33m 344[2mms[22m[39m
     [33m[2m✓[22m[39m 'member-custom-pure' [33m 342[2mms[22m[39m
     [33m[2m✓[22m[39m 'member-custom-query-mutated' [33m 362[2mms[22m[39m
     [33m[2m✓[22m[39m 'member-custom-query-read' [33m 356[2mms[22m[39m
     [33m[2m✓[22m[39m 'same-export-member-shared' [33m 363[2mms[22m[39m
     [33m[2m✓[22m[39m 'same-export-member-distinct' [33m 349[2mms[22m[39m
     [33m[2m✓[22m[39m 'different-module-member-isolated' [33m 340[2mms[22m[39m
     [33m[2m✓[22m[39m 'owner-not-member' [33m 344[2mms[22m[39m
     [33m[2m✓[22m[39m 'member-direct-effect' [33m 350[2mms[22m[39m
     [33m[2m✓[22m[39m 'native-bind-inert' [33m 347[2mms[22m[39m
     [33m[2m✓[22m[39m 'native-bind-invoke' [33m 381[2mms[22m[39m
     [33m[2m✓[22m[39m 'native-layer-inert' [33m 356[2mms[22m[39m
     [33m[2m✓[22m[39m 'native-layer-invoke' [33m 357[2mms[22m[39m
     [33m[2m✓[22m[39m 'distinct-bound-allocation' [33m 372[2mms[22m[39m
     [33m[2m✓[22m[39m 'same-bound-alias' [33m 358[2mms[22m[39m
     [33m[2m✓[22m[39m 'lexical-shadow' [33m 344[2mms[22m[39m
     [33m[2m✓[22m[39m 'intrinsic-selected-store' [33m 351[2mms[22m[39m
     [33m[2m✓[22m[39m 'intrinsic-store-direct-alias' [33m 347[2mms[22m[39m
     [33m[2m✓[22m[39m 'own-store-direct-control' [33m 332[2mms[22m[39m
     [33m[2m✓[22m[39m 'intrinsic-selected-pure-control' [33m 342[2mms[22m[39m
     [33m[2m✓[22m[39m 'intrinsic-distinct-store' [33m 345[2mms[22m[39m
     [33m[2m✓[22m[39m 'call-channel' [33m 347[2mms[22m[39m
     [33m[2m✓[22m[39m 'call-pure' [33m 356[2mms[22m[39m
     [33m[2m✓[22m[39m 'call-read' [33m 342[2mms[22m[39m
     [33m[2m✓[22m[39m 'call-domain' [33m 348[2mms[22m[39m
     [33m[2m✓[22m[39m 'call-inert' [33m 351[2mms[22m[39m
     [33m[2m✓[22m[39m 'apply-channel' [33m 345[2mms[22m[39m
     [33m[2m✓[22m[39m 'apply-pure' [33m 348[2mms[22m[39m
     [33m[2m✓[22m[39m 'apply-read' [33m 363[2mms[22m[39m
     [33m[2m✓[22m[39m 'apply-domain' [33m 352[2mms[22m[39m
     [33m[2m✓[22m[39m 'apply-inert' [33m 358[2mms[22m[39m
     [33m[2m✓[22m[39m 'bind-channel' [33m 341[2mms[22m[39m
     [33m[2m✓[22m[39m 'bind-pure' [33m 347[2mms[22m[39m
     [33m[2m✓[22m[39m 'bind-read' [33m 373[2mms[22m[39m
     [33m[2m✓[22m[39m 'bind-domain' [33m 371[2mms[22m[39m
     [33m[2m✓[22m[39m 'bind-inert' [33m 354[2mms[22m[39m
     [33m[2m✓[22m[39m 'holder-channel' [33m 372[2mms[22m[39m
     [33m[2m✓[22m[39m 'holder-pure' [33m 355[2mms[22m[39m
     [33m[2m✓[22m[39m 'array-channel' [33m 360[2mms[22m[39m
     [33m[2m✓[22m[39m 'array-pure' [33m 352[2mms[22m[39m
     [33m[2m✓[22m[39m 'destructure-channel' [33m 336[2mms[22m[39m
     [33m[2m✓[22m[39m 'destructure-pure' [33m 356[2mms[22m[39m
     [33m[2m✓[22m[39m 'index-channel' [33m 350[2mms[22m[39m
     [33m[2m✓[22m[39m 'index-pure' [33m 358[2mms[22m[39m
     [33m[2m✓[22m[39m 'rest-channel' [33m 351[2mms[22m[39m
     [33m[2m✓[22m[39m 'rest-pure' [33m 360[2mms[22m[39m
     [33m[2m✓[22m[39m 'spread-channel' [33m 345[2mms[22m[39m
     [33m[2m✓[22m[39m 'spread-pure' [33m 355[2mms[22m[39m
     [33m[2m✓[22m[39m 'native-layer-bind-inert' [33m 360[2mms[22m[39m
     [33m[2m✓[22m[39m 'native-layer-bind-invoke' [33m 367[2mms[22m[39m
     [33m[2m✓[22m[39m 'native-layer-call-read' [33m 370[2mms[22m[39m
     [33m[2m✓[22m[39m 'native-layer-call-domain' [33m 376[2mms[22m[39m
     [33m[2m✓[22m[39m 'native-layer-apply-read' [33m 361[2mms[22m[39m
     [33m[2m✓[22m[39m 'native-layer-apply-domain' [33m 394[2mms[22m[39m
     [33m[2m✓[22m[39m 'stored-query-config-read' [33m 355[2mms[22m[39m
     [33m[2m✓[22m[39m 'stored-query-config-mutated' [33m 353[2mms[22m[39m
     [33m[2m✓[22m[39m 'stored-prefix-domain' [33m 353[2mms[22m[39m
     [33m[2m✓[22m[39m 'stored-prefix-read' [33m 369[2mms[22m[39m
     [33m[2m✓[22m[39m 'stored-prefix-quota' [33m 368[2mms[22m[39m
     [33m[2m✓[22m[39m 'stored-prefix-mixed' [33m 365[2mms[22m[39m
     [33m[2m✓[22m[39m 'same-native-operation-channel' [33m 351[2mms[22m[39m
     [33m[2m✓[22m[39m 'same-native-operation-pure' [33m 376[2mms[22m[39m
     [33m[2m✓[22m[39m 'bound-selection-channel' [33m 372[2mms[22m[39m
     [33m[2m✓[22m[39m 'bound-selection-pure' [33m 354[2mms[22m[39m
 [32m✓[39m tests/certify-controlled.test.js [2m([22m[2m43 tests[22m[2m)[22m[33m 48488[2mms[22m[39m
     [33m[2m✓[22m[39m propagates readiness timeout failure with cleanup [33m 1912[2mms[22m[39m
     [33m[2m✓[22m[39m propagates hung database startup failure with cleanup [33m 4083[2mms[22m[39m
     [33m[2m✓[22m[39m propagates hung readiness subprocess failure with cleanup [33m 4134[2mms[22m[39m
     [33m[2m✓[22m[39m bounds stalled certification create-before without entering workload wait [33m 4175[2mms[22m[39m
     [33m[2m✓[22m[39m bounds stalled certification create-after without entering workload wait [33m 3220[2mms[22m[39m
     [33m[2m✓[22m[39m bounds stalled certification start without entering workload wait [33m 4253[2mms[22m[39m
     [33m[2m✓[22m[39m lets legitimate workload outlast startup and retain exit 0 [33m 3445[2mms[22m[39m
     [33m[2m✓[22m[39m lets legitimate workload outlast startup and retain exit 37 [33m 3450[2mms[22m[39m
     [33m[2m✓[22m[39m shares one startup budget across create and start instead of resetting it [33m 3311[2mms[22m[39m
     [33m[2m✓[22m[39m honors cancellation during stalled create-before [33m 1227[2mms[22m[39m
     [33m[2m✓[22m[39m honors cancellation during stalled start [33m 1320[2mms[22m[39m
     [33m[2m✓[22m[39m bounds stalled log collection while preserving the completed workload result [33m 4271[2mms[22m[39m
     [33m[2m✓[22m[39m cleans containers and child processes on SIGINT [33m 1322[2mms[22m[39m
     [33m[2m✓[22m[39m cleans containers and child processes on SIGTERM [33m 1320[2mms[22m[39m
     [33m[2m✓[22m[39m cleans containers and child processes on SIGHUP [33m 1326[2mms[22m[39m
 [32m✓[39m tests/mutation-sentinel.test.js [2m([22m[2m5 tests[22m[2m)[22m[33m 6352[2mms[22m[39m
     [33m[2m✓[22m[39m detects the frozen eval-threshold mutant without touching the worktree [33m 2596[2mms[22m[39m
     [33m[2m✓[22m[39m reports a drifted target as a gap instead of inventing detection [33m 1229[2mms[22m[39m
     [33m[2m✓[22m[39m returns a non-zero process exit when --fail-on-gaps finds a surviving gap [33m 1810[2mms[22m[39m
[90mstdout[2m | apps/api/src/__tests__/main-telemetry-process.test.ts[2m > [22m[2mAUD06 actual API process telemetry[2m > [22m[2mexports only when opted in (true) and drains on real SIGTERM
[22m[39m{"check":"api-process-telemetry","mode":"local_file","batches":2,"inboundRecords":2,"canaryAbsent":true,"shutdownExit":0}

[90mstdout[2m | apps/api/src/__tests__/main-telemetry-process.test.ts[2m > [22m[2mAUD06 actual API process telemetry[2m > [22m[2mexports only when opted in (false) and drains on real SIGTERM
[22m[39m{"check":"api-process-telemetry","mode":"disabled","files":0,"shutdownExit":0}

 [32m✓[39m apps/api/src/__tests__/main-telemetry-process.test.ts [2m([22m[2m2 tests[22m[2m)[22m[33m 3254[2mms[22m[39m
     [33m[2m✓[22m[39m exports only when opted in (true) and drains on real SIGTERM [33m 1520[2mms[22m[39m
     [33m[2m✓[22m[39m exports only when opted in (false) and drains on real SIGTERM [33m 1733[2mms[22m[39m
 [32m✓[39m tests/docs-integrity.test.js [2m([22m[2m12 tests[22m[2m)[22m[33m 2972[2mms[22m[39m
     [33m[2m✓[22m[39m has zero invalid JSON under docs/ and certification/ [33m 1431[2mms[22m[39m
     [33m[2m✓[22m[39m passes the aggregate documentation checker [33m 1464[2mms[22m[39m
 [32m✓[39m apps/api/src/__tests__/readiness.test.ts [2m([22m[2m11 tests[22m[2m)[22m[33m 2911[2mms[22m[39m
     [33m[2m✓[22m[39m returns 503 when destruction rejects the timed out query [33m 921[2mms[22m[39m
     [33m[2m✓[22m[39m bounds pending pool admission and destroys a late client exactly once [33m 915[2mms[22m[39m
     [33m[2m✓[22m[39m ignores late query success and recovers after the outstanding operation settles [33m 911[2mms[22m[39m
 [32m✓[39m tests/promotion-expectation.test.js [2m([22m[2m14 tests[22m[2m)[22m[33m 2686[2mms[22m[39m
     [33m[2m✓[22m[39m keeps the default expectation exit code tied to eligibility [33m 900[2mms[22m[39m
     [33m[2m✓[22m[39m accepts EXTERNAL_ONLY while only human gates remain pending [33m 883[2mms[22m[39m
     [33m[2m✓[22m[39m fails closed on an unknown expectation value [33m 896[2mms[22m[39m
 [32m✓[39m apps/api/src/__tests__/shared-rate-boundary.test.ts [2m([22m[2m6 tests[22m[2m)[22m[33m 2153[2mms[22m[39m
     [33m[2m✓[22m[39m returns generic HTTP 503 within the acquisition deadline for a stalled pool [33m 2014[2mms[22m[39m
 [32m✓[39m tests/aud06-stack.test.js [2m([22m[2m18 tests[22m[2m)[22m[33m 2101[2mms[22m[39m
     [33m[2m✓[22m[39m never stops, reads logs or removes an unverified foreign ID (name) [33m 311[2mms[22m[39m
     [33m[2m✓[22m[39m never stops, reads logs or removes an unverified foreign ID (label) [33m 315[2mms[22m[39m
     [33m[2m✓[22m[39m never stops, reads logs or removes an unverified foreign ID (inspect) [33m 308[2mms[22m[39m
 [32m✓[39m packages/agent-runtime/src/__tests__/orchestration-branch-hardening.test.ts [2m([22m[2m88 tests[22m[2m)[22m[33m 1485[2mms[22m[39m
     [33m[2m✓[22m[39m renews the lease during a long execution and settles with the renewed lease [33m 422[2mms[22m[39m
     [33m[2m✓[22m[39m aborts execution and reports lease loss when heartbeat renewal fails quickly [33m 602[2mms[22m[39m
     [33m[2m✓[22m[39m awaits an in-flight heartbeat before reporting lease loss [33m 352[2mms[22m[39m
 [32m✓[39m apps/worker/src/__tests__/main-telemetry.test.ts [2m([22m[2m12 tests[22m[2m)[22m[33m 1575[2mms[22m[39m
     [33m[2m✓[22m[39m exports through the actual sanitized collector sink and drains after stopping the worker [33m 815[2mms[22m[39m
 [32m✓[39m apps/web/src/__tests__/app.test.tsx [2m([22m[2m17 tests[22m[2m)[22m[33m 1950[2mms[22m[39m
 [32m✓[39m tests/production-preflight.test.js [2m([22m[2m16 tests[22m[2m)[22m[33m 1195[2mms[22m[39m
     [33m[2m✓[22m[39m runs the shared gate before API and worker bootstrap [33m 895[2mms[22m[39m
 [32m✓[39m packages/agent-runtime/src/__tests__/branches-b-20260925.test.ts [2m([22m[2m13 tests[22m[2m)[22m[33m 1172[2mms[22m[39m
     [33m[2m✓[22m[39m renews the step lease while a slow executor runs [33m 753[2mms[22m[39m
     [33m[2m✓[22m[39m abandons the step when the lease heartbeat fails [33m 402[2mms[22m[39m
 [32m✓[39m apps/web/src/features/platform/multi-agent-creation.test.tsx [2m([22m[2m6 tests[22m[2m)[22m[33m 1416[2mms[22m[39m
     [33m[2m✓[22m[39m creates Agent A and Agent B in one tenant-scoped session with isolated drafts [33m 652[2mms[22m[39m
 [32m✓[39m apps/web/src/__tests__/platform-panel.test.tsx [2m([22m[2m6 tests[22m[2m)[22m[33m 1089[2mms[22m[39m
     [33m[2m✓[22m[39m lists and transitions metadata-only plugin catalog entries with tenant scope [33m 436[2mms[22m[39m
{"event":"worker.started","level":"info","timestamp":"2026-10-08T15:19:19.099Z","workerId":"worker-restart-190-a","concurrency":2,"pollIntervalMs":5,"idleMaxBackoffMs":5000,"errorBackoffMs":500,"errorMaxBackoffMs":30000,"leaseMs":1000,"heartbeatIntervalMs":333,"drainMs":10000,"backlogProbe":true,"sweeps":false,"externalEffects":false,"durable":true}
{"event":"worker.outbox.summary","level":"info","timestamp":"2026-10-08T15:19:19.100Z","workerId":"worker-restart-190-a","reason":"start","claimed":0,"processed":0,"failed":0,"deadLettered":0,"handoffs":0,"errors":0,"claimFailures":0,"leaseLost":0,"heartbeats":0,"idlePolls":0,"released":0,"lag":null,"inFlight":0}
{"event":"worker.metric","name":"worker_outbox_lag","value":0,"attributes":{"operation":"outbox"},"timestamp":"2026-10-08T15:19:19.100Z"}
{"event":"worker.idle_backoff","level":"debug","timestamp":"2026-10-08T15:19:19.101Z","workerId":"worker-restart-190-a","backoffMs":5,"lag":0}
{"event":"worker.metric","name":"worker_outbox_processed_total","value":1,"attributes":{"status":"processed"},"timestamp":"2026-10-08T15:19:19.101Z"}
{"event":"worker.outbox.processed","level":"info","timestamp":"2026-10-08T15:19:19.101Z","eventId":"outbox_01ce9147-63ba-41ce-a758-f5bc15003bbb","workerId":"worker-restart-190-a","status":"processed","attempt":1,"leaseLost":false,"operation":"outbox"}
{"event":"worker.outbox.summary","level":"info","timestamp":"2026-10-08T15:19:19.105Z","workerId":"worker-restart-190-a","reason":"stop","claimed":1,"processed":1,"failed":0,"deadLettered":0,"handoffs":0,"errors":0,"claimFailures":0,"leaseLost":0,"heartbeats":0,"idlePolls":1,"released":0,"lag":0,"inFlight":0}
{"event":"worker.stopped","level":"info","timestamp":"2026-10-08T15:19:19.105Z","workerId":"worker-restart-190-a","drained":true,"released":0,"releaseFailed":0,"processed":1,"failed":0,"deadLettered":0,"lag":0}
{"event":"worker.started","level":"info","timestamp":"2026-10-08T15:19:19.106Z","workerId":"worker-restart-190-b","concurrency":2,"pollIntervalMs":5,"idleMaxBackoffMs":5000,"errorBackoffMs":500,"errorMaxBackoffMs":30000,"leaseMs":1000,"heartbeatIntervalMs":333,"drainMs":10000,"backlogProbe":true,"sweeps":false,"externalEffects":false,"durable":true}
{"event":"worker.outbox.summary","level":"info","timestamp":"2026-10-08T15:19:19.106Z","workerId":"worker-restart-190-b","reason":"start","claimed":0,"processed":0,"failed":0,"deadLettered":0,"handoffs":0,"errors":0,"claimFailures":0,"leaseLost":0,"heartbeats":0,"idlePolls":0,"released":0,"lag":null,"inFlight":0}
{"event":"worker.metric","name":"worker_outbox_lag","value":0,"attributes":{"operation":"outbox"},"timestamp":"2026-10-08T15:19:19.106Z"}
{"event":"worker.idle_backoff","level":"debug","timestamp":"2026-10-08T15:19:19.106Z","workerId":"worker-restart-190-b","backoffMs":5,"lag":0}
{"event":"worker.metric","name":"worker_outbox_processed_total","value":1,"attributes":{"status":"processed"},"timestamp":"2026-10-08T15:19:19.106Z"}
{"event":"worker.outbox.processed","level":"info","timestamp":"2026-10-08T15:19:19.106Z","eventId":"outbox_9481bbcc-02e8-4108-9893-7d6ede398e87","workerId":"worker-restart-190-b","status":"processed","attempt":1,"leaseLost":false,"operation":"outbox"}
{"event":"worker.outbox.summary","level":"info","timestamp":"2026-10-08T15:19:19.111Z","workerId":"worker-restart-190-b","reason":"stop","claimed":1,"processed":1,"failed":0,"deadLettered":0,"handoffs":0,"errors":0,"claimFailures":0,"leaseLost":0,"heartbeats":0,"idlePolls":1,"released":0,"lag":0,"inFlight":0}
{"event":"worker.stopped","level":"info","timestamp":"2026-10-08T15:19:19.111Z","workerId":"worker-restart-190-b","drained":true,"released":0,"releaseFailed":0,"processed":1,"failed":0,"deadLettered":0,"lag":0}
{"event":"worker.started","level":"info","timestamp":"2026-10-08T15:19:19.133Z","workerId":"worker-retry-190","concurrency":2,"pollIntervalMs":5,"idleMaxBackoffMs":5000,"errorBackoffMs":500,"errorMaxBackoffMs":30000,"leaseMs":1000,"heartbeatIntervalMs":333,"drainMs":10000,"backlogProbe":true,"sweeps":false,"externalEffects":false,"durable":true}
{"event":"worker.outbox.summary","level":"info","timestamp":"2026-10-08T15:19:19.133Z","workerId":"worker-retry-190","reason":"start","claimed":0,"processed":0,"failed":0,"deadLettered":0,"handoffs":0,"errors":0,"claimFailures":0,"leaseLost":0,"heartbeats":0,"idlePolls":0,"released":0,"lag":null,"inFlight":0}
{"event":"worker.metric","name":"worker_outbox_lag","value":0,"attributes":{"operation":"outbox"},"timestamp":"2026-10-08T15:19:19.134Z"}
{"event":"worker.idle_backoff","level":"debug","timestamp":"2026-10-08T15:19:19.134Z","workerId":"worker-retry-190","backoffMs":5,"lag":0}
{"event":"worker.metric","name":"worker_outbox_failed_total","value":1,"attributes":{"status":"failed"},"timestamp":"2026-10-08T15:19:19.134Z"}
{"event":"worker.outbox.failed","level":"info","timestamp":"2026-10-08T15:19:19.134Z","eventId":"outbox_ad57e26c-c4bb-49a2-8574-97a7fefd3a92","workerId":"worker-retry-190","status":"failed","attempt":1,"leaseLost":false,"error":"[redacted-outbox-error]","operation":"outbox"}
{"event":"worker.idle_backoff","level":"debug","timestamp":"2026-10-08T15:19:19.140Z","workerId":"worker-retry-190","backoffMs":5,"lag":0}
{"event":"worker.metric","name":"worker_outbox_processed_total","value":1,"attributes":{"status":"processed"},"timestamp":"2026-10-08T15:19:19.140Z"}
{"event":"worker.outbox.processed","level":"info","timestamp":"2026-10-08T15:19:19.140Z","eventId":"outbox_ad57e26c-c4bb-49a2-8574-97a7fefd3a92","workerId":"worker-retry-190","status":"processed","attempt":2,"leaseLost":false,"operation":"outbox"}
{"event":"worker.outbox.summary","level":"info","timestamp":"2026-10-08T15:19:19.143Z","workerId":"worker-retry-190","reason":"stop","claimed":2,"processed":1,"failed":1,"deadLettered":0,"handoffs":0,"errors":0,"claimFailures":0,"leaseLost":0,"heartbeats":0,"idlePolls":2,"released":0,"lag":0,"inFlight":0}
{"event":"worker.stopped","level":"info","timestamp":"2026-10-08T15:19:19.143Z","workerId":"worker-retry-190","drained":true,"released":0,"releaseFailed":0,"processed":1,"failed":1,"deadLettered":0,"lag":0}
{"event":"worker.started","level":"info","timestamp":"2026-10-08T15:19:19.144Z","workerId":"worker-poison-190","concurrency":1,"pollIntervalMs":5,"idleMaxBackoffMs":5000,"errorBackoffMs":500,"errorMaxBackoffMs":30000,"leaseMs":1000,"heartbeatIntervalMs":333,"drainMs":10000,"backlogProbe":true,"sweeps":false,"externalEffects":false,"durable":true}
{"event":"worker.outbox.summary","level":"info","timestamp":"2026-10-08T15:19:19.144Z","workerId":"worker-poison-190","reason":"start","claimed":0,"processed":0,"failed":0,"deadLettered":0,"handoffs":0,"errors":0,"claimFailures":0,"leaseLost":0,"heartbeats":0,"idlePolls":0,"released":0,"lag":null,"inFlight":0}
{"event":"worker.metric","name":"worker_outbox_lag","value":1,"attributes":{"operation":"outbox"},"timestamp":"2026-10-08T15:19:19.144Z"}
{"event":"worker.metric","name":"worker_outbox_dead_lettered_total","value":1,"attributes":{"status":"dead_letter"},"timestamp":"2026-10-08T15:19:19.144Z"}
{"event":"worker.outbox.dead_letter","level":"info","timestamp":"2026-10-08T15:19:19.144Z","eventId":"outbox_b6a8a7e4-10ab-44c4-8a9b-6f396d0676ba","workerId":"worker-poison-190","status":"dead_letter","attempt":1,"leaseLost":false,"error":"[redacted-outbox-error]","operation":"outbox"}
{"event":"worker.metric","name":"worker_outbox_processed_total","value":1,"attributes":{"status":"processed"},"timestamp":"2026-10-08T15:19:19.150Z"}
{"event":"worker.outbox.processed","level":"info","timestamp":"2026-10-08T15:19:19.150Z","eventId":"outbox_c6db37e6-56a6-44ef-b433-9959fa935479","workerId":"worker-poison-190","status":"processed","attempt":1,"leaseLost":false,"operation":"outbox"}
{"event":"worker.outbox.summary","level":"info","timestamp":"2026-10-08T15:19:19.156Z","workerId":"worker-poison-190","reason":"stop","claimed":2,"processed":1,"failed":0,"deadLettered":1,"handoffs":0,"errors":0,"claimFailures":0,"leaseLost":0,"heartbeats":0,"idlePolls":0,"released":0,"lag":1,"inFlight":0}
{"event":"worker.stopped","level":"info","timestamp":"2026-10-08T15:19:19.156Z","workerId":"worker-poison-190","drained":true,"released":0,"releaseFailed":0,"processed":1,"failed":0,"deadLettered":1,"lag":1}
{"event":"worker.started","level":"info","timestamp":"2026-10-08T15:19:19.157Z","workerId":"worker-requeue-190-a","concurrency":1,"pollIntervalMs":5,"idleMaxBackoffMs":5000,"errorBackoffMs":500,"errorMaxBackoffMs":30000,"leaseMs":1000,"heartbeatIntervalMs":333,"drainMs":10000,"backlogProbe":true,"sweeps":false,"externalEffects":false,"durable":true}
{"event":"worker.outbox.summary","level":"info","timestamp":"2026-10-08T15:19:19.157Z","workerId":"worker-requeue-190-a","reason":"start","claimed":0,"processed":0,"failed":0,"deadLettered":0,"handoffs":0,"errors":0,"claimFailures":0,"leaseLost":0,"heartbeats":0,"idlePolls":0,"released":0,"lag":null,"inFlight":0}
{"event":"worker.metric","name":"worker_outbox_lag","value":0,"attributes":{"operation":"outbox"},"timestamp":"2026-10-08T15:19:19.157Z"}
{"event":"worker.metric","name":"worker_outbox_dead_lettered_total","value":1,"attributes":{"status":"dead_letter"},"timestamp":"2026-10-08T15:19:19.157Z"}
{"event":"worker.outbox.dead_letter","level":"info","timestamp":"2026-10-08T15:19:19.157Z","eventId":"outbox_5bc80a04-0dcc-41a4-b9a3-feb66efcf6e7","workerId":"worker-requeue-190-a","status":"dead_letter","attempt":1,"leaseLost":false,"error":"[redacted-outbox-error]","operation":"outbox"}
{"event":"worker.outbox.summary","level":"info","timestamp":"2026-10-08T15:19:19.162Z","workerId":"worker-requeue-190-a","reason":"stop","claimed":1,"processed":0,"failed":0,"deadLettered":1,"handoffs":0,"errors":0,"claimFailures":0,"leaseLost":0,"heartbeats":0,"idlePolls":0,"released":0,"lag":0,"inFlight":0}
{"event":"worker.stopped","level":"info","timestamp":"2026-10-08T15:19:19.163Z","workerId":"worker-requeue-190-a","drained":true,"released":0,"releaseFailed":0,"processed":0,"failed":0,"deadLettered":1,"lag":0}
{"event":"worker.started","level":"info","timestamp":"2026-10-08T15:19:19.163Z","workerId":"worker-requeue-190-b","concurrency":1,"pollIntervalMs":5,"idleMaxBackoffMs":5000,"errorBackoffMs":500,"errorMaxBackoffMs":30000,"leaseMs":1000,"heartbeatIntervalMs":333,"drainMs":10000,"backlogProbe":true,"sweeps":false,"externalEffects":false,"durable":true}
{"event":"worker.outbox.summary","level":"info","timestamp":"2026-10-08T15:19:19.163Z","workerId":"worker-requeue-190-b","reason":"start","claimed":0,"processed":0,"failed":0,"deadLettered":0,"handoffs":0,"errors":0,"claimFailures":0,"leaseLost":0,"heartbeats":0,"idlePolls":0,"released":0,"lag":null,"inFlight":0}
{"event":"worker.metric","name":"worker_outbox_lag","value":0,"attributes":{"operation":"outbox"},"timestamp":"2026-10-08T15:19:19.164Z"}
{"event":"worker.metric","name":"worker_outbox_processed_total","value":1,"attributes":{"status":"processed"},"timestamp":"2026-10-08T15:19:19.164Z"}
{"event":"worker.outbox.processed","level":"info","timestamp":"2026-10-08T15:19:19.164Z","eventId":"outbox_5bc80a04-0dcc-41a4-b9a3-feb66efcf6e7","workerId":"worker-requeue-190-b","status":"processed","attempt":1,"leaseLost":false,"operation":"outbox"}
{"event":"worker.outbox.summary","level":"info","timestamp":"2026-10-08T15:19:19.168Z","workerId":"worker-requeue-190-b","reason":"stop","claimed":1,"processed":1,"failed":0,"deadLettered":0,"handoffs":0,"errors":0,"claimFailures":0,"leaseLost":0,"heartbeats":0,"idlePolls":0,"released":0,"lag":0,"inFlight":0}
{"event":"worker.stopped","level":"info","timestamp":"2026-10-08T15:19:19.168Z","workerId":"worker-requeue-190-b","drained":true,"released":0,"releaseFailed":0,"processed":1,"failed":0,"deadLettered":0,"lag":0}
{"event":"worker.started","level":"info","timestamp":"2026-10-08T15:19:19.190Z","workerId":"worker-sigterm-190","concurrency":2,"pollIntervalMs":5,"idleMaxBackoffMs":5000,"errorBackoffMs":500,"errorMaxBackoffMs":30000,"leaseMs":1000,"heartbeatIntervalMs":333,"drainMs":10000,"backlogProbe":true,"sweeps":false,"externalEffects":false,"durable":true}
{"event":"worker.outbox.summary","level":"info","timestamp":"2026-10-08T15:19:19.190Z","workerId":"worker-sigterm-190","reason":"start","claimed":0,"processed":0,"failed":0,"deadLettered":0,"handoffs":0,"errors":0,"claimFailures":0,"leaseLost":0,"heartbeats":0,"idlePolls":0,"released":0,"lag":null,"inFlight":0}
{"event":"worker.metric","name":"worker_outbox_lag","value":0,"attributes":{"operation":"outbox"},"timestamp":"2026-10-08T15:19:19.190Z"}
{"event":"worker.idle_backoff","level":"debug","timestamp":"2026-10-08T15:19:19.190Z","workerId":"worker-sigterm-190","backoffMs":5,"lag":0}
{"event":"worker.metric","name":"worker_outbox_processed_total","value":1,"attributes":{"status":"processed"},"timestamp":"2026-10-08T15:19:19.216Z"}
{"event":"worker.outbox.processed","level":"info","timestamp":"2026-10-08T15:19:19.216Z","eventId":"outbox_49d5e332-87db-4e0d-b55b-99dd21f3f78f","workerId":"worker-sigterm-190","status":"processed","attempt":1,"leaseLost":false,"operation":"outbox"}
{"event":"worker.outbox.summary","level":"info","timestamp":"2026-10-08T15:19:19.216Z","workerId":"worker-sigterm-190","reason":"stop","claimed":1,"processed":1,"failed":0,"deadLettered":0,"handoffs":0,"errors":0,"claimFailures":0,"leaseLost":0,"heartbeats":0,"idlePolls":1,"released":0,"lag":0,"inFlight":0}
{"event":"worker.stopped","level":"info","timestamp":"2026-10-08T15:19:19.216Z","workerId":"worker-sigterm-190","drained":true,"released":0,"releaseFailed":0,"processed":1,"failed":0,"deadLettered":0,"lag":0}
{"event":"worker.started","level":"info","timestamp":"2026-10-08T15:19:19.217Z","workerId":"worker-release-190-a","concurrency":2,"pollIntervalMs":5,"idleMaxBackoffMs":5000,"errorBackoffMs":500,"errorMaxBackoffMs":30000,"leaseMs":1000,"heartbeatIntervalMs":333,"drainMs":10000,"backlogProbe":true,"sweeps":false,"externalEffects":false,"durable":true}
{"event":"worker.outbox.summary","level":"info","timestamp":"2026-10-08T15:19:19.217Z","workerId":"worker-release-190-a","reason":"start","claimed":0,"processed":0,"failed":0,"deadLettered":0,"handoffs":0,"errors":0,"claimFailures":0,"leaseLost":0,"heartbeats":0,"idlePolls":0,"released":0,"lag":null,"inFlight":0}
{"event":"worker.metric","name":"worker_outbox_lag","value":0,"attributes":{"operation":"outbox"},"timestamp":"2026-10-08T15:19:19.218Z"}
{"event":"worker.idle_backoff","level":"debug","timestamp":"2026-10-08T15:19:19.218Z","workerId":"worker-release-190-a","backoffMs":5,"lag":0}
{"event":"worker.shutdown_deferred_release","level":"warn","timestamp":"2026-10-08T15:19:19.252Z","eventId":"outbox_54ab888c-efc3-44ec-b20f-475d5de330cd","workerId":"worker-release-190-a","leaseAction":"expire_for_retry","operation":"outbox"}
{"event":"worker.metric","name":"worker_outbox_shutdown_releases_total","value":1,"attributes":{"outcome":"deferred"},"timestamp":"2026-10-08T15:19:19.253Z"}
{"event":"worker.outbox.summary","level":"info","timestamp":"2026-10-08T15:19:19.253Z","workerId":"worker-release-190-a","reason":"stop","claimed":1,"processed":0,"failed":0,"deadLettered":0,"handoffs":0,"errors":0,"claimFailures":0,"leaseLost":0,"heartbeats":0,"idlePolls":1,"released":0,"lag":0,"inFlight":1}
{"event":"worker.stopped","level":"info","timestamp":"2026-10-08T15:19:19.253Z","workerId":"worker-release-190-a","drained":false,"released":0,"releaseFailed":0,"processed":0,"failed":0,"deadLettered":0,"lag":0}
{"event":"worker.metric","name":"worker_outbox_processed_total","value":1,"attributes":{"status":"processed"},"timestamp":"2026-10-08T15:19:19.253Z"}
{"event":"worker.outbox.processed","level":"info","timestamp":"2026-10-08T15:19:19.253Z","eventId":"outbox_54ab888c-efc3-44ec-b20f-475d5de330cd","workerId":"worker-release-190-a","status":"processed","attempt":1,"leaseLost":false,"operation":"outbox"}
{"event":"worker.started","level":"info","timestamp":"2026-10-08T15:19:19.280Z","workerId":"worker-heartbeat-renew-190","concurrency":2,"pollIntervalMs":5,"idleMaxBackoffMs":5000,"errorBackoffMs":500,"errorMaxBackoffMs":30000,"leaseMs":1000,"heartbeatIntervalMs":10,"drainMs":10000,"backlogProbe":true,"sweeps":false,"externalEffects":false,"durable":true}
{"event":"worker.outbox.summary","level":"info","timestamp":"2026-10-08T15:19:19.280Z","workerId":"worker-heartbeat-renew-190","reason":"start","claimed":0,"processed":0,"failed":0,"deadLettered":0,"handoffs":0,"errors":0,"claimFailures":0,"leaseLost":0,"heartbeats":0,"idlePolls":0,"released":0,"lag":null,"inFlight":0}
{"event":"worker.metric","name":"worker_outbox_lag","value":0,"attributes":{"operation":"outbox"},"timestamp":"2026-10-08T15:19:19.280Z"}
{"event":"worker.idle_backoff","level":"debug","timestamp":"2026-10-08T15:19:19.280Z","workerId":"worker-heartbeat-renew-190","backoffMs":5,"lag":0}
{"event":"worker.idle_backoff","level":"debug","timestamp":"2026-10-08T15:19:19.286Z","workerId":"worker-heartbeat-renew-190","backoffMs":10,"lag":0}
{"event":"worker.metric","name":"worker_outbox_heartbeats_total","value":1,"attributes":{"outcome":"renewed"},"timestamp":"2026-10-08T15:19:19.290Z"}
{"event":"worker.metric","name":"worker_outbox_processed_total","value":1,"attributes":{"status":"processed"},"timestamp":"2026-10-08T15:19:19.290Z"}
{"event":"worker.outbox.processed","level":"info","timestamp":"2026-10-08T15:19:19.290Z","eventId":"outbox_357e596c-663e-4b19-b715-3351de158aaf","workerId":"worker-heartbeat-renew-190","status":"processed","attempt":1,"leaseLost":false,"operation":"outbox"}
{"event":"worker.outbox.summary","level":"info","timestamp":"2026-10-08T15:19:19.296Z","workerId":"worker-heartbeat-renew-190","reason":"stop","claimed":1,"processed":1,"failed":0,"deadLettered":0,"handoffs":0,"errors":0,"claimFailures":0,"leaseLost":0,"heartbeats":1,"idlePolls":2,"released":0,"lag":0,"inFlight":0}
{"event":"worker.stopped","level":"info","timestamp":"2026-10-08T15:19:19.296Z","workerId":"worker-heartbeat-renew-190","drained":true,"released":0,"releaseFailed":0,"processed":1,"failed":0,"deadLettered":0,"lag":0}
{"event":"worker.started","level":"info","timestamp":"2026-10-08T15:19:19.297Z","workerId":"worker-heartbeat-failure-190","concurrency":2,"pollIntervalMs":5,"idleMaxBackoffMs":5000,"errorBackoffMs":500,"errorMaxBackoffMs":30000,"leaseMs":1000,"heartbeatIntervalMs":5,"drainMs":10000,"backlogProbe":false,"sweeps":false,"externalEffects":false,"durable":true}
{"event":"worker.outbox.summary","level":"info","timestamp":"2026-10-08T15:19:19.297Z","workerId":"worker-heartbeat-failure-190","reason":"start","claimed":0,"processed":0,"failed":0,"deadLettered":0,"handoffs":0,"errors":0,"claimFailures":0,"leaseLost":0,"heartbeats":0,"idlePolls":0,"released":0,"lag":null,"inFlight":0}
{"event":"worker.event_error","level":"error","timestamp":"2026-10-08T15:19:19.297Z","eventId":"outbox_d47c2f12-43e4-4824-b101-a5666d3ab9c8","workerId":"worker-heartbeat-failure-190","attempt":1,"error":"[redacted-outbox-error]","operation":"outbox"}
{"event":"worker.metric","name":"worker_outbox_errors_total","value":1,"attributes":{"outcome":"error"},"timestamp":"2026-10-08T15:19:19.297Z"}
{"event":"worker.idle_backoff","level":"debug","timestamp":"2026-10-08T15:19:19.297Z","workerId":"worker-heartbeat-failure-190","backoffMs":5,"lag":null}
{"event":"worker.outbox.summary","level":"info","timestamp":"2026-10-08T15:19:19.302Z","workerId":"worker-heartbeat-failure-190","reason":"stop","claimed":1,"processed":0,"failed":0,"deadLettered":0,"handoffs":0,"errors":1,"claimFailures":0,"leaseLost":0,"heartbeats":0,"idlePolls":1,"released":0,"lag":null,"inFlight":0}
{"event":"worker.stopped","level":"info","timestamp":"2026-10-08T15:19:19.302Z","workerId":"worker-heartbeat-failure-190","drained":true,"released":0,"releaseFailed":0,"processed":0,"failed":0,"deadLettered":0,"lag":null}
{"event":"worker.started","level":"info","timestamp":"2026-10-08T15:19:19.325Z","workerId":"worker-handoff-190","concurrency":2,"pollIntervalMs":5,"idleMaxBackoffMs":5000,"errorBackoffMs":500,"errorMaxBackoffMs":30000,"leaseMs":1000,"heartbeatIntervalMs":333,"drainMs":10000,"backlogProbe":true,"sweeps":false,"externalEffects":false,"durable":true}
{"event":"worker.outbox.summary","level":"info","timestamp":"2026-10-08T15:19:19.325Z","workerId":"worker-handoff-190","reason":"start","claimed":0,"processed":0,"failed":0,"deadLettered":0,"handoffs":0,"errors":0,"claimFailures":0,"leaseLost":0,"heartbeats":0,"idlePolls":0,"released":0,"lag":null,"inFlight":0}
{"event":"worker.metric","name":"worker_outbox_lag","value":0,"attributes":{"operation":"outbox"},"timestamp":"2026-10-08T15:19:19.325Z"}
{"event":"worker.idle_backoff","level":"debug","timestamp":"2026-10-08T15:19:19.326Z","workerId":"worker-handoff-190","backoffMs":5,"lag":0}
{"event":"worker.outbox.handoff","level":"warn","timestamp":"2026-10-08T15:19:19.326Z","eventId":"outbox_363ad69b-e8be-4b2d-a30b-e9981a5e38cc","workerId":"worker-handoff-190","status":"handoff","operation":"outbox"}
{"event":"worker.metric","name":"worker_outbox_handoffs_total","value":1,"attributes":{"outcome":"handoff"},"timestamp":"2026-10-08T15:19:19.326Z"}
{"event":"worker.outbox.summary","level":"info","timestamp":"2026-10-08T15:19:19.330Z","workerId":"worker-handoff-190","reason":"stop","claimed":1,"processed":0,"failed":0,"deadLettered":0,"handoffs":1,"errors":0,"claimFailures":0,"leaseLost":0,"heartbeats":0,"idlePolls":1,"released":0,"lag":0,"inFlight":0}
{"event":"worker.stopped","level":"info","timestamp":"2026-10-08T15:19:19.330Z","workerId":"worker-handoff-190","drained":true,"released":0,"releaseFailed":0,"processed":0,"failed":0,"deadLettered":0,"lag":0}
{"event":"worker.started","level":"info","timestamp":"2026-10-08T15:19:19.395Z","workerId":"worker-stop-190","concurrency":2,"pollIntervalMs":5,"idleMaxBackoffMs":5000,"errorBackoffMs":500,"errorMaxBackoffMs":30000,"leaseMs":1000,"heartbeatIntervalMs":333,"drainMs":10000,"backlogProbe":true,"sweeps":false,"externalEffects":false,"durable":true}
{"event":"worker.outbox.summary","level":"info","timestamp":"2026-10-08T15:19:19.395Z","workerId":"worker-stop-190","reason":"start","claimed":0,"processed":0,"failed":0,"deadLettered":0,"handoffs":0,"errors":0,"claimFailures":0,"leaseLost":0,"heartbeats":0,"idlePolls":0,"released":0,"lag":null,"inFlight":0}
{"event":"worker.metric","name":"worker_outbox_lag","value":0,"attributes":{"operation":"outbox"},"timestamp":"2026-10-08T15:19:19.395Z"}
{"event":"worker.idle_backoff","level":"debug","timestamp":"2026-10-08T15:19:19.395Z","workerId":"worker-stop-190","backoffMs":5,"lag":0}
{"event":"worker.outbox.summary","level":"info","timestamp":"2026-10-08T15:19:19.395Z","workerId":"worker-stop-190","reason":"stop","claimed":0,"processed":0,"failed":0,"deadLettered":0,"handoffs":0,"errors":0,"claimFailures":0,"leaseLost":0,"heartbeats":0,"idlePolls":1,"released":0,"lag":0,"inFlight":0}
{"event":"worker.stopped","level":"info","timestamp":"2026-10-08T15:19:19.395Z","workerId":"worker-stop-190","drained":true,"released":0,"releaseFailed":0,"processed":0,"failed":0,"deadLettered":0,"lag":0}
 [32m✓[39m apps/worker/src/__tests__/continuous-worker.test.ts [2m([22m[2m28 tests[22m[2m)[22m[33m 802[2mms[22m[39m
     [33m[2m✓[22m[39m exits non-zero when the real entrypoint starts without required config [33m 427[2mms[22m[39m
 [32m✓[39m apps/web/src/__tests__/journeys-identity-race.test.tsx [2m([22m[2m13 tests[22m[2m)[22m[33m 1116[2mms[22m[39m
 [32m✓[39m packages/model-gateway/src/__tests__/gateway.test.ts [2m([22m[2m16 tests[22m[2m)[22m[33m 626[2mms[22m[39m
     [33m[2m✓[22m[39m enforces a real deadline and retries only bounded times [33m 603[2mms[22m[39m
 [32m✓[39m apps/api/src/__tests__/identity-composition-wiring.test.ts [2m([22m[2m8 tests[22m[2m)[22m[33m 628[2mms[22m[39m
     [33m[2m✓[22m[39m fails the real entrypoint closed before resolver composition without runtime proof [33m 479[2mms[22m[39m
 [32m✓[39m tests/worker-controlled-smoke.test.js [2m([22m[2m1 test[22m[2m)[22m[33m 543[2mms[22m[39m
     [33m[2m✓[22m[39m proves the configured local composition claims and acknowledges one event [33m 542[2mms[22m[39m
 [32m✓[39m tests/worker-startup-smoke.test.js [2m([22m[2m1 test[22m[2m)[22m[33m 538[2mms[22m[39m
     [33m[2m✓[22m[39m proves the real entrypoint fails closed without a queue adapter [33m 536[2mms[22m[39m
 [32m✓[39m apps/web/src/features/platform/platform.test.tsx [2m([22m[2m3 tests[22m[2m)[22m[33m 561[2mms[22m[39m
     [33m[2m✓[22m[39m creates a declarative draft without exposing provider secrets [33m 340[2mms[22m[39m
 [32m✓[39m apps/web/src/features/platform/release-candidate-ledger.test.tsx [2m([22m[2m1 test[22m[2m)[22m[33m 666[2mms[22m[39m
     [33m[2m✓[22m[39m records and validates controlled evidence without mutating the version [33m 664[2mms[22m[39m
 [32m✓[39m apps/api/src/__tests__/branches-b-20260925.test.ts [2m([22m[2m54 tests[22m[2m)[22m[33m 490[2mms[22m[39m
 [32m✓[39m apps/web/src/features/platform/handoff-policy-control-center.test.tsx [2m([22m[2m2 tests[22m[2m)[22m[33m 467[2mms[22m[39m
     [33m[2m✓[22m[39m edits thresholds, destinations and priority through a new version [33m 343[2mms[22m[39m
 [32m✓[39m apps/web/src/features/platform/knowledge-source-catalog.test.tsx [2m([22m[2m1 test[22m[2m)[22m[33m 491[2mms[22m[39m
     [33m[2m✓[22m[39m loads, creates and approves metadata without editing an agent snapshot [33m 489[2mms[22m[39m
 [32m✓[39m apps/web/src/features/journeys/journeys.test.tsx [2m([22m[2m2 tests[22m[2m)[22m[33m 512[2mms[22m[39m
     [33m[2m✓[22m[39m walks identify, draft, link and approval-blocked scheduling steps [33m 449[2mms[22m[39m
 [32m✓[39m apps/api/src/__tests__/platform-control-plane.test.ts [2m([22m[2m9 tests[22m[2m)[22m[33m 365[2mms[22m[39m
 [32m✓[39m apps/web/src/__tests__/attendance-approval-conflict.test.tsx [2m([22m[2m2 tests[22m[2m)[22m[33m 443[2mms[22m[39m
     [33m[2m✓[22m[39m refreshes the queue and shows the winning state with a recovery message [33m 317[2mms[22m[39m
 [32m✓[39m apps/web/src/features/orchestration/orchestration.test.tsx [2m([22m[2m6 tests[22m[2m)[22m[33m 362[2mms[22m[39m
 [32m✓[39m tests/phase11-formal-certification.test.js [2m([22m[2m14 tests[22m[2m)[22m[32m 256[2mms[22m[39m
 [32m✓[39m apps/web/src/__tests__/audit-checkpoint-app.test.tsx [2m([22m[2m1 test[22m[2m)[22m[33m 375[2mms[22m[39m
     [33m[2m✓[22m[39m seals the loaded evidence page and archives it with CAS [33m 373[2mms[22m[39m
 [32m✓[39m tests/aud19-external-evidence.test.js [2m([22m[2m4 tests[22m[2m)[22m[32m 255[2mms[22m[39m
 [32m✓[39m apps/web/src/features/platform/prompt-profile-control-center.test.tsx [2m([22m[2m1 test[22m[2m)[22m[33m 304[2mms[22m[39m
     [33m[2m✓[22m[39m clones edited blocks/templates and preserves the kernel block [33m 302[2mms[22m[39m
 [32m✓[39m apps/api/src/__tests__/server-boundary-envelope.test.ts [2m([22m[2m12 tests[22m[2m)[22m[32m 276[2mms[22m[39m
 [32m✓[39m apps/api/src/__tests__/platform-admin-routes-coverage.test.ts [2m([22m[2m7 tests[22m[2m)[22m[32m 283[2mms[22m[39m
 [32m✓[39m tests/critic-evidence.test.js [2m([22m[2m12 tests[22m[2m)[22m[32m 227[2mms[22m[39m
 [32m✓[39m apps/api/src/__tests__/inbound-runtime-edges.test.ts [2m([22m[2m5 tests[22m[2m)[22m[32m 242[2mms[22m[39m
 [32m✓[39m apps/api/src/__tests__/main-telemetry.test.ts [2m([22m[2m6 tests[22m[2m)[22m[32m 240[2mms[22m[39m
 [32m✓[39m apps/api/src/__tests__/published-runtime-integration.test.ts [2m([22m[2m6 tests[22m[2m)[22m[32m 256[2mms[22m[39m
 [32m✓[39m packages/agent-runtime/src/__tests__/orchestration.test.ts [2m([22m[2m18 tests[22m[2m)[22m[32m 211[2mms[22m[39m
 [32m✓[39m apps/web/src/features/dead-letters/dead-letters.test.tsx [2m([22m[2m4 tests[22m[2m)[22m[32m 244[2mms[22m[39m
 [32m✓[39m apps/api/src/__tests__/publish-evidence-authority.test.ts [2m([22m[2m3 tests[22m[2m)[22m[32m 219[2mms[22m[39m
 [32m✓[39m apps/api/src/__tests__/webhook-security.test.ts [2m([22m[2m17 tests[22m[2m | [22m[33m1 skipped[39m[2m)[22m[32m 218[2mms[22m[39m
 [32m✓[39m apps/api/src/__tests__/production-boundary.test.ts [2m([22m[2m9 tests[22m[2m)[22m[32m 218[2mms[22m[39m
 [32m✓[39m apps/api/src/internal-task-field-boundary.test.ts [2m([22m[2m8 tests[22m[2m)[22m[32m 220[2mms[22m[39m
 [32m✓[39m apps/api/src/__tests__/build-server-from-env-boundary.test.ts [2m([22m[2m8 tests[22m[2m)[22m[32m 227[2mms[22m[39m
 [32m✓[39m apps/api/src/__tests__/capability-approval-api.test.ts [2m([22m[2m4 tests[22m[2m)[22m[32m 207[2mms[22m[39m
 [32m✓[39m apps/api/src/__tests__/identity-trusted-resolver.test.ts [2m([22m[2m7 tests[22m[2m)[22m[32m 202[2mms[22m[39m
 [32m✓[39m apps/api/src/__tests__/operator-identity-rbac.test.ts [2m([22m[2m6 tests[22m[2m)[22m[32m 204[2mms[22m[39m
 [32m✓[39m apps/api/src/http-security.test.ts [2m([22m[2m10 tests[22m[2m)[22m[32m 201[2mms[22m[39m
 [32m✓[39m apps/api/src/__tests__/attendance-approval-atomic.test.ts [2m([22m[2m6 tests[22m[2m)[22m[32m 197[2mms[22m[39m
 [32m✓[39m packages/chaos/src/__tests__/chaos.test.ts [2m([22m[2m15 tests[22m[2m)[22m[32m 181[2mms[22m[39m
 [32m✓[39m apps/api/src/__tests__/journey-routes-coverage.test.ts [2m([22m[2m4 tests[22m[2m)[22m[32m 204[2mms[22m[39m
 [32m✓[39m tests/architecture.test.js [2m([22m[2m7 tests[22m[2m)[22m[32m 169[2mms[22m[39m
 [32m✓[39m packages/model-gateway/src/__tests__/local-http-providers.test.ts [2m([22m[2m12 tests[22m[2m)[22m[32m 163[2mms[22m[39m
 [32m✓[39m apps/api/src/http-target-boundary.test.ts [2m([22m[2m8 tests[22m[2m)[22m[32m 205[2mms[22m[39m
 [32m✓[39m apps/api/src/__tests__/operator-replay-guard.test.ts [2m([22m[2m5 tests[22m[2m | [22m[33m1 skipped[39m[2m)[22m[32m 174[2mms[22m[39m
 [32m✓[39m apps/api/src/__tests__/audit-evidence.test.ts [2m([22m[2m4 tests[22m[2m)[22m[32m 173[2mms[22m[39m
 [32m✓[39m apps/api/src/__tests__/rate-limit.test.ts [2m([22m[2m5 tests[22m[2m)[22m[32m 176[2mms[22m[39m
 [32m✓[39m apps/api/src/__tests__/tenant-inbound-isolation.test.ts [2m([22m[2m4 tests[22m[2m)[22m[32m 169[2mms[22m[39m
 [32m✓[39m tests/phase11-2-certification.test.js [2m([22m[2m5 tests[22m[2m)[22m[32m 141[2mms[22m[39m
 [32m✓[39m apps/api/src/__tests__/knowledge-input-boundary.test.ts [2m([22m[2m2 tests[22m[2m)[22m[32m 165[2mms[22m[39m
 [32m✓[39m apps/api/src/__tests__/runtime-approval-routes.test.ts [2m([22m[2m4 tests[22m[2m)[22m[32m 173[2mms[22m[39m
 [32m✓[39m apps/api/src/__tests__/secretary-bootstrap.test.ts [2m([22m[2m2 tests[22m[2m)[22m[32m 166[2mms[22m[39m
 [32m✓[39m tests/browser-parity-reproducer.test.js [2m([22m[2m3 tests[22m[2m)[22m[32m 146[2mms[22m[39m
 [32m✓[39m apps/api/src/audit-filter-duplicate-boundary.test.ts [2m([22m[2m6 tests[22m[2m)[22m[32m 172[2mms[22m[39m
 [32m✓[39m tests/aud20-10-composition.test.ts [2m([22m[2m13 tests[22m[2m)[22m[32m 166[2mms[22m[39m
 [32m✓[39m apps/web/src/features/tasks/tasks.test.tsx [2m([22m[2m2 tests[22m[2m)[22m[32m 186[2mms[22m[39m
 [32m✓[39m apps/api/src/__tests__/orchestration-observability.test.ts [2m([22m[2m5 tests[22m[2m)[22m[32m 178[2mms[22m[39m
 [32m✓[39m apps/web/src/features/approvals/approvals.test.tsx [2m([22m[2m3 tests[22m[2m)[22m[32m 185[2mms[22m[39m
 [32m✓[39m apps/api/src/rem-risk-boundary.test.ts [2m([22m[2m2 tests[22m[2m)[22m[32m 174[2mms[22m[39m
 [32m✓[39m apps/api/src/response-correlation.test.ts [2m([22m[2m6 tests[22m[2m)[22m[32m 173[2mms[22m[39m
{"event":"worker.sweep_tick","level":"info","timestamp":"2026-10-08T15:20:27.151Z","now":"2026-09-13T00:00:00.000Z","journalReleased":1,"approvalsReleased":2,"approvalsUncertain":1,"goalsInspected":0,"goalsResumed":0,"goalsSkipped":0,"goalsCompleted":0,"goalRecoveryFailures":0,"durationMs":0,"operation":"sweep"}
{"event":"worker.metric","name":"worker_sweep_journal_released_total","value":1,"attributes":{"operation":"sweep"},"timestamp":"2026-10-08T15:20:27.153Z"}
{"event":"worker.metric","name":"worker_sweep_approvals_released_total","value":2,"attributes":{"status":"released"},"timestamp":"2026-10-08T15:20:27.153Z"}
{"event":"worker.metric","name":"worker_sweep_approvals_uncertain_total","value":1,"attributes":{"status":"uncertain"},"timestamp":"2026-10-08T15:20:27.153Z"}
{"event":"worker.metric","name":"worker_sweep_goals_inspected_total","value":0,"attributes":{"operation":"goal_recovery"},"timestamp":"2026-10-08T15:20:27.153Z"}
{"event":"worker.metric","name":"worker_sweep_goals_resumed_total","value":0,"attributes":{"operation":"goal_recovery"},"timestamp":"2026-10-08T15:20:27.153Z"}
{"event":"worker.metric","name":"worker_sweep_goals_completed_total","value":0,"attributes":{"operation":"goal_recovery"},"timestamp":"2026-10-08T15:20:27.153Z"}
{"event":"worker.metric","name":"worker_sweep_goal_recovery_failures_total","value":0,"attributes":{"operation":"goal_recovery"},"timestamp":"2026-10-08T15:20:27.153Z"}
{"event":"worker.started","level":"info","timestamp":"2026-10-08T15:20:27.154Z","workerId":"worker-sweeps-191","concurrency":2,"pollIntervalMs":5,"idleMaxBackoffMs":5000,"errorBackoffMs":500,"errorMaxBackoffMs":30000,"leaseMs":1000,"heartbeatIntervalMs":333,"drainMs":10000,"backlogProbe":true,"sweeps":true,"externalEffects":false,"durable":true}
{"event":"worker.sweep_started","level":"info","timestamp":"2026-10-08T15:20:27.154Z","intervalMs":10,"operation":"sweep"}
{"event":"worker.outbox.summary","level":"info","timestamp":"2026-10-08T15:20:27.154Z","workerId":"worker-sweeps-191","reason":"start","claimed":0,"processed":0,"failed":0,"deadLettered":0,"handoffs":0,"errors":0,"claimFailures":0,"leaseLost":0,"heartbeats":0,"idlePolls":0,"released":0,"lag":null,"inFlight":0}
{"event":"worker.metric","name":"worker_outbox_lag","value":0,"attributes":{"operation":"outbox"},"timestamp":"2026-10-08T15:20:27.155Z"}
{"event":"worker.idle_backoff","level":"debug","timestamp":"2026-10-08T15:20:27.155Z","workerId":"worker-sweeps-191","backoffMs":5,"lag":0}
{"event":"worker.idle_backoff","level":"debug","timestamp":"2026-10-08T15:20:27.161Z","workerId":"worker-sweeps-191","backoffMs":10,"lag":0}
{"event":"worker.sweep_tick","level":"info","timestamp":"2026-10-08T15:20:27.165Z","now":"2026-10-08T15:20:27.165Z","journalReleased":0,"approvalsReleased":0,"approvalsUncertain":0,"goalsInspected":0,"goalsResumed":0,"goalsSkipped":0,"goalsCompleted":0,"goalRecoveryFailures":0,"durationMs":0,"operation":"sweep"}
{"event":"worker.metric","name":"worker_sweep_journal_released_total","value":0,"attributes":{"operation":"sweep"},"timestamp":"2026-10-08T15:20:27.165Z"}
{"event":"worker.metric","name":"worker_sweep_approvals_released_total","value":0,"attributes":{"status":"released"},"timestamp":"2026-10-08T15:20:27.165Z"}
{"event":"worker.metric","name":"worker_sweep_approvals_uncertain_total","value":0,"attributes":{"status":"uncertain"},"timestamp":"2026-10-08T15:20:27.165Z"}
{"event":"worker.metric","name":"worker_sweep_goals_inspected_total","value":0,"attributes":{"operation":"goal_recovery"},"timestamp":"2026-10-08T15:20:27.165Z"}
{"event":"worker.metric","name":"worker_sweep_goals_resumed_total","value":0,"attributes":{"operation":"goal_recovery"},"timestamp":"2026-10-08T15:20:27.165Z"}
{"event":"worker.metric","name":"worker_sweep_goals_completed_total","value":0,"attributes":{"operation":"goal_recovery"},"timestamp":"2026-10-08T15:20:27.165Z"}
{"event":"worker.metric","name":"worker_sweep_goal_recovery_failures_total","value":0,"attributes":{"operation":"goal_recovery"},"timestamp":"2026-10-08T15:20:27.165Z"}
{"event":"worker.sweep_stopped","level":"info","timestamp":"2026-10-08T15:20:27.165Z","operation":"sweep"}
{"event":"worker.outbox.summary","level":"info","timestamp":"2026-10-08T15:20:27.166Z","workerId":"worker-sweeps-191","reason":"stop","claimed":0,"processed":0,"failed":0,"deadLettered":0,"handoffs":0,"errors":0,"claimFailures":0,"leaseLost":0,"heartbeats":0,"idlePolls":2,"released":0,"lag":0,"inFlight":0}
{"event":"worker.stopped","level":"info","timestamp":"2026-10-08T15:20:27.166Z","workerId":"worker-sweeps-191","drained":true,"released":0,"releaseFailed":0,"processed":0,"failed":0,"deadLettered":0,"lag":0}
 [32m✓[39m apps/worker/src/__tests__/worker-sweeps.test.ts [2m([22m[2m7 tests[22m[2m)[22m[32m 144[2mms[22m[39m
 [32m✓[39m apps/api/src/__tests__/test-suite-catalog.test.ts [2m([22m[2m1 test[22m[2m)[22m[32m 158[2mms[22m[39m
 [32m✓[39m packages/agent-runtime/src/__tests__/runtime-execution-recovery.test.ts [2m([22m[2m76 tests[22m[2m)[22m[32m 168[2mms[22m[39m
 [32m✓[39m apps/api/src/__tests__/http-security-edge-branches.test.ts [2m([22m[2m4 tests[22m[2m)[22m[32m 166[2mms[22m[39m
 [32m✓[39m apps/api/src/__tests__/task-lifecycle.test.ts [2m([22m[2m3 tests[22m[2m)[22m[32m 158[2mms[22m[39m
 [32m✓[39m apps/api/src/http-request-boundary.test.ts [2m([22m[2m8 tests[22m[2m)[22m[32m 164[2mms[22m[39m
 [32m✓[39m apps/api/src/metrics-exposure.test.ts [2m([22m[2m2 tests[22m[2m)[22m[32m 159[2mms[22m[39m
 [32m✓[39m apps/api/src/__tests__/audit-evidence-checkpoint.test.ts [2m([22m[2m2 tests[22m[2m)[22m[32m 161[2mms[22m[39m
 [32m✓[39m apps/api/src/approval-request-field-boundary.test.ts [2m([22m[2m5 tests[22m[2m)[22m[32m 167[2mms[22m[39m
 [32m✓[39m packages/channel-gateway/src/__tests__/channel-effect-malformed-version.test.ts [2m([22m[2m6 tests[22m[2m)[22m[32m 147[2mms[22m[39m
 [32m✓[39m apps/api/src/__tests__/audit-evidence-checkpoint-boundary.test.ts [2m([22m[2m2 tests[22m[2m)[22m[32m 153[2mms[22m[39m
 [32m✓[39m apps/api/src/pagination-boundary.test.ts [2m([22m[2m5 tests[22m[2m)[22m[32m 158[2mms[22m[39m
 [32m✓[39m apps/api/src/__tests__/health.test.ts [2m([22m[2m2 tests[22m[2m)[22m[32m 145[2mms[22m[39m
 [32m✓[39m apps/api/src/__tests__/postgres-persistence-mode.test.ts [2m([22m[2m25 tests[22m[2m | [22m[33m7 skipped[39m[2m)[22m[32m 145[2mms[22m[39m
 [32m✓[39m tests/aud20-05-resource-attestation-check.test.js [2m([22m[2m8 tests[22m[2m)[22m[32m 133[2mms[22m[39m
 [32m✓[39m apps/api/src/__tests__/durable-inbound.test.ts [2m([22m[2m3 tests[22m[2m)[22m[32m 155[2mms[22m[39m
 [32m✓[39m apps/api/src/__tests__/release-candidate-ledger.test.ts [2m([22m[2m2 tests[22m[2m)[22m[32m 149[2mms[22m[39m
 [32m✓[39m apps/web/src/features/conversations/timeline.test.tsx [2m([22m[2m2 tests[22m[2m)[22m[32m 162[2mms[22m[39m
 [32m✓[39m apps/api/src/__tests__/outbox-routes.test.ts [2m([22m[2m3 tests[22m[2m)[22m[32m 151[2mms[22m[39m
 [32m✓[39m tests/bypass-sql-audit.test.js [2m([22m[2m429 tests[22m[2m)[22m[32m 197[2mms[22m[39m
 [32m✓[39m apps/api/src/approval-decision-note-field-boundary.test.ts [2m([22m[2m3 tests[22m[2m)[22m[32m 144[2mms[22m[39m
 [32m✓[39m apps/api/src/__tests__/conversation-list.test.ts [2m([22m[2m2 tests[22m[2m)[22m[32m 136[2mms[22m[39m
 [32m✓[39m apps/api/src/prompt-profile-error-boundary.test.ts [2m([22m[2m4 tests[22m[2m)[22m[32m 135[2mms[22m[39m
 [32m✓[39m apps/api/src/__tests__/observability.test.ts [2m([22m[2m1 test[22m[2m)[22m[32m 127[2mms[22m[39m
 [32m✓[39m tests/e2e/critical-flows.test.ts [2m([22m[2m1 test[22m[2m)[22m[32m 132[2mms[22m[39m
 [32m✓[39m apps/api/src/__tests__/small-module-boundaries.test.ts [2m([22m[2m8 tests[22m[2m)[22m[32m 135[2mms[22m[39m
 [32m✓[39m apps/api/src/__tests__/plugin-catalog.test.ts [2m([22m[2m1 test[22m[2m)[22m[32m 130[2mms[22m[39m
 [32m✓[39m apps/web/src/features/audit/audit-checkpoint.test.tsx [2m([22m[2m1 test[22m[2m)[22m[32m 134[2mms[22m[39m
 [32m✓[39m apps/api/src/request-metrics.test.ts [2m([22m[2m3 tests[22m[2m)[22m[32m 128[2mms[22m[39m
 [32m✓[39m apps/api/src/__tests__/audit-route.integration.test.ts [2m([22m[2m1 test[22m[2m)[22m[32m 121[2mms[22m[39m
 [32m✓[39m packages/platform/src/__tests__/critical-safety-preflight.test.ts [2m([22m[2m9 tests[22m[2m)[22m[32m 141[2mms[22m[39m
 [32m✓[39m apps/api/src/__tests__/aud17-connected-redteam.test.ts [2m([22m[2m1 test[22m[2m)[22m[32m 131[2mms[22m[39m
 [32m✓[39m apps/api/src/__tests__/knowledge-source-catalog.test.ts [2m([22m[2m1 test[22m[2m)[22m[32m 125[2mms[22m[39m
 [32m✓[39m apps/api/src/__tests__/approval-actions.test.ts [2m([22m[2m1 test[22m[2m)[22m[32m 129[2mms[22m[39m
 [32m✓[39m apps/api/src/__tests__/journeys-api.test.ts [2m([22m[2m1 test[22m[2m)[22m[32m 123[2mms[22m[39m
 [32m✓[39m apps/web/src/features/conversations/conversations.test.tsx [2m([22m[2m1 test[22m[2m)[22m[32m 137[2mms[22m[39m
 [32m✓[39m packages/shared/src/__tests__/lifecycle.test.ts [2m([22m[2m5 tests[22m[2m)[22m[32m 111[2mms[22m[39m
 [32m✓[39m apps/api/src/__tests__/correlation.test.ts [2m([22m[2m1 test[22m[2m)[22m[32m 121[2mms[22m[39m
 [32m✓[39m packages/channel-gateway/src/__tests__/channel-effect-journal-edges.test.ts [2m([22m[2m9 tests[22m[2m)[22m[32m 106[2mms[22m[39m
 [32m✓[39m tests/aud20-05-replay-grants-probe.test.js [2m([22m[2m6 tests[22m[2m)[22m[32m 100[2mms[22m[39m
 [32m✓[39m packages/policy-engine/src/__tests__/aud06-n3-policy.test.ts [2m([22m[2m22 tests[22m[2m)[22m[32m 132[2mms[22m[39m
 [32m✓[39m packages/agent-runtime/src/__tests__/aud06-n3-executor.test.ts [2m([22m[2m16 tests[22m[2m)[22m[32m 109[2mms[22m[39m
 [32m✓[39m packages/platform/src/__tests__/platform-foundation.test.ts [2m([22m[2m20 tests[22m[2m)[22m[32m 121[2mms[22m[39m
 [32m✓[39m packages/platform/src/__tests__/branches-b-20260925.test.ts [2m([22m[2m25 tests[22m[2m)[22m[32m 83[2mms[22m[39m
 [32m✓[39m packages/agent-runtime/src/__tests__/runtime-journal.test.ts [2m([22m[2m19 tests[22m[2m)[22m[32m 77[2mms[22m[39m
 [32m✓[39m packages/platform/src/__tests__/safety-assessment.test.ts [2m([22m[2m29 tests[22m[2m)[22m[32m 84[2mms[22m[39m
 [32m✓[39m packages/channel-gateway/src/__tests__/channel-coverage-journal-hardening.test.ts [2m([22m[2m12 tests[22m[2m)[22m[32m 71[2mms[22m[39m
 [32m✓[39m packages/shared/src/__tests__/shared-branches-hardening.test.ts [2m([22m[2m16 tests[22m[2m)[22m[32m 73[2mms[22m[39m
 [32m✓[39m packages/agent-runtime/src/__tests__/runtime-branch-hardening.test.ts [2m([22m[2m35 tests[22m[2m)[22m[32m 68[2mms[22m[39m
 [32m✓[39m packages/agent-runtime/src/__tests__/runtime-kernel-coverage.test.ts [2m([22m[2m40 tests[22m[2m)[22m[32m 71[2mms[22m[39m
 [32m✓[39m packages/channel-gateway/src/__tests__/channel-coverage-gateway-journal-paths.test.ts [2m([22m[2m16 tests[22m[2m)[22m[32m 68[2mms[22m[39m
 [32m✓[39m apps/worker/src/__tests__/postgres-controlled-hardening.test.ts [2m([22m[2m8 tests[22m[2m)[22m[32m 70[2mms[22m[39m
 [32m✓[39m packages/agent-runtime/src/__tests__/effect-journal.test.ts [2m([22m[2m41 tests[22m[2m)[22m[32m 57[2mms[22m[39m
 [32m✓[39m apps/worker/src/__tests__/postgres-role-preflight-fake-20260925.test.ts [2m([22m[2m22 tests[22m[2m)[22m[32m 61[2mms[22m[39m
 [32m✓[39m apps/worker/src/__tests__/postgres-controlled.test.ts [2m([22m[2m6 tests[22m[2m)[22m[32m 53[2mms[22m[39m
 [32m✓[39m packages/agent-core/src/__tests__/published-agent-runtime.test.ts [2m([22m[2m9 tests[22m[2m)[22m[32m 52[2mms[22m[39m
 [32m✓[39m tests/aud06-state-routing.test.js [2m([22m[2m13 tests[22m[2m)[22m[32m 50[2mms[22m[39m
 [32m✓[39m packages/platform/src/__tests__/secretary-preset.test.ts [2m([22m[2m2 tests[22m[2m)[22m[32m 44[2mms[22m[39m
 [32m✓[39m packages/channel-gateway/src/__tests__/channel-coverage-gateway-hardening.test.ts [2m([22m[2m10 tests[22m[2m)[22m[32m 50[2mms[22m[39m
{"event":"worker.outbox.summary","level":"info","timestamp":"2026-10-08T15:21:25.313Z","workerId":"worker-branches-b","reason":"stop","claimed":0,"processed":0,"failed":0,"deadLettered":0,"handoffs":0,"errors":0,"claimFailures":0,"leaseLost":0,"heartbeats":0,"idlePolls":0,"released":0,"lag":null,"inFlight":0}
{"event":"worker.stopped","level":"info","timestamp":"2026-10-08T15:21:25.315Z","workerId":"worker-branches-b","drained":true,"released":0,"releaseFailed":0,"processed":0,"failed":0,"deadLettered":0,"lag":null}
{"event":"worker.started","level":"info","timestamp":"2026-10-08T15:21:25.315Z","workerId":"worker-branches-b","concurrency":2,"pollIntervalMs":5,"idleMaxBackoffMs":5000,"errorBackoffMs":500,"errorMaxBackoffMs":30000,"leaseMs":1000,"heartbeatIntervalMs":333,"drainMs":50,"backlogProbe":true,"sweeps":false,"externalEffects":false,"durable":true}
{"event":"worker.outbox.summary","level":"info","timestamp":"2026-10-08T15:21:25.315Z","workerId":"worker-branches-b","reason":"start","claimed":0,"processed":0,"failed":0,"deadLettered":0,"handoffs":0,"errors":0,"claimFailures":0,"leaseLost":0,"heartbeats":0,"idlePolls":0,"released":0,"lag":null,"inFlight":0}
{"event":"worker.metric","name":"worker_outbox_lag","value":0,"attributes":{"operation":"outbox"},"timestamp":"2026-10-08T15:21:25.316Z"}
{"event":"worker.idle_backoff","level":"debug","timestamp":"2026-10-08T15:21:25.316Z","workerId":"worker-branches-b","backoffMs":5,"lag":0}
{"event":"worker.outbox.summary","level":"info","timestamp":"2026-10-08T15:21:25.316Z","workerId":"worker-branches-b","reason":"stop","claimed":0,"processed":0,"failed":0,"deadLettered":0,"handoffs":0,"errors":0,"claimFailures":0,"leaseLost":0,"heartbeats":0,"idlePolls":1,"released":0,"lag":0,"inFlight":0}
{"event":"worker.stopped","level":"info","timestamp":"2026-10-08T15:21:25.316Z","workerId":"worker-branches-b","drained":true,"released":0,"releaseFailed":0,"processed":0,"failed":0,"deadLettered":0,"lag":0}
{"event":"worker.started","level":"info","timestamp":"2026-10-08T15:21:25.316Z","workerId":"worker-branches-b","concurrency":2,"pollIntervalMs":5,"idleMaxBackoffMs":5000,"errorBackoffMs":500,"errorMaxBackoffMs":30000,"leaseMs":1000,"heartbeatIntervalMs":333,"drainMs":50,"backlogProbe":true,"sweeps":false,"externalEffects":false,"durable":true}
{"event":"worker.outbox.summary","level":"info","timestamp":"2026-10-08T15:21:25.316Z","workerId":"worker-branches-b","reason":"start","claimed":0,"processed":0,"failed":0,"deadLettered":0,"handoffs":0,"errors":0,"claimFailures":0,"leaseLost":0,"heartbeats":0,"idlePolls":0,"released":0,"lag":null,"inFlight":0}
{"event":"worker.metric","name":"worker_outbox_lag","value":0,"attributes":{"operation":"outbox"},"timestamp":"2026-10-08T15:21:25.316Z"}
{"event":"worker.idle_backoff","level":"debug","timestamp":"2026-10-08T15:21:25.316Z","workerId":"worker-branches-b","backoffMs":5,"lag":0}
{"event":"worker.outbox.summary","level":"info","timestamp":"2026-10-08T15:21:25.316Z","workerId":"worker-branches-b","reason":"stop","claimed":0,"processed":0,"failed":0,"deadLettered":0,"handoffs":0,"errors":0,"claimFailures":0,"leaseLost":0,"heartbeats":0,"idlePolls":1,"released":0,"lag":0,"inFlight":0}
{"event":"worker.stopped","level":"info","timestamp":"2026-10-08T15:21:25.317Z","workerId":"worker-branches-b","drained":true,"released":0,"releaseFailed":0,"processed":0,"failed":0,"deadLettered":0,"lag":0}
{"event":"worker.started","level":"info","timestamp":"2026-10-08T15:21:25.317Z","workerId":"worker-branches-b","concurrency":2,"pollIntervalMs":5,"idleMaxBackoffMs":5000,"errorBackoffMs":500,"errorMaxBackoffMs":30000,"leaseMs":1000,"heartbeatIntervalMs":333,"drainMs":50,"backlogProbe":true,"sweeps":false,"externalEffects":false,"durable":true}
{"event":"worker.outbox.summary","level":"info","timestamp":"2026-10-08T15:21:25.317Z","workerId":"worker-branches-b","reason":"start","claimed":0,"processed":0,"failed":0,"deadLettered":0,"handoffs":0,"errors":0,"claimFailures":0,"leaseLost":0,"heartbeats":0,"idlePolls":0,"released":0,"lag":null,"inFlight":0}
{"event":"worker.metric","name":"worker_outbox_lag","value":0,"attributes":{"operation":"outbox"},"timestamp":"2026-10-08T15:21:25.317Z"}
{"event":"worker.idle_backoff","level":"debug","timestamp":"2026-10-08T15:21:25.317Z","workerId":"worker-branches-b","backoffMs":5,"lag":0}
{"event":"worker.outbox.summary","level":"info","timestamp":"2026-10-08T15:21:25.317Z","workerId":"worker-branches-b","reason":"stop","claimed":0,"processed":0,"failed":0,"deadLettered":0,"handoffs":0,"errors":0,"claimFailures":0,"leaseLost":0,"heartbeats":0,"idlePolls":1,"released":0,"lag":0,"inFlight":0}
{"event":"worker.stopped","level":"info","timestamp":"2026-10-08T15:21:25.317Z","workerId":"worker-branches-b","drained":true,"released":0,"releaseFailed":0,"processed":0,"failed":0,"deadLettered":0,"lag":0}
{"event":"worker.started","level":"info","timestamp":"2026-10-08T15:21:25.317Z","workerId":"worker-branches-b","concurrency":2,"pollIntervalMs":5,"idleMaxBackoffMs":5000,"errorBackoffMs":500,"errorMaxBackoffMs":30000,"leaseMs":1000,"heartbeatIntervalMs":333,"drainMs":50,"backlogProbe":true,"sweeps":false,"externalEffects":false,"durable":true}
{"event":"worker.outbox.summary","level":"info","timestamp":"2026-10-08T15:21:25.317Z","workerId":"worker-branches-b","reason":"start","claimed":0,"processed":0,"failed":0,"deadLettered":0,"handoffs":0,"errors":0,"claimFailures":0,"leaseLost":0,"heartbeats":0,"idlePolls":0,"released":0,"lag":null,"inFlight":0}
{"event":"worker.metric","name":"worker_outbox_lag","value":0,"attributes":{"operation":"outbox"},"timestamp":"2026-10-08T15:21:25.317Z"}
{"event":"worker.idle_backoff","level":"debug","timestamp":"2026-10-08T15:21:25.317Z","workerId":"worker-branches-b","backoffMs":5,"lag":0}
{"event":"worker.outbox.summary","level":"info","timestamp":"2026-10-08T15:21:25.318Z","workerId":"worker-branches-b","reason":"stop","claimed":0,"processed":0,"failed":0,"deadLettered":0,"handoffs":0,"errors":0,"claimFailures":0,"leaseLost":0,"heartbeats":0,"idlePolls":1,"released":0,"lag":0,"inFlight":0}
{"event":"worker.stopped","level":"info","timestamp":"2026-10-08T15:21:25.318Z","workerId":"worker-branches-b","drained":true,"released":0,"releaseFailed":0,"processed":0,"failed":0,"deadLettered":0,"lag":0}
{"event":"worker.started","level":"info","timestamp":"2026-10-08T15:21:25.318Z","workerId":"worker-branches-b","concurrency":2,"pollIntervalMs":5,"idleMaxBackoffMs":5000,"errorBackoffMs":500,"errorMaxBackoffMs":30000,"leaseMs":1000,"heartbeatIntervalMs":333,"drainMs":50,"backlogProbe":true,"sweeps":false,"externalEffects":false,"durable":true}
{"event":"worker.outbox.summary","level":"info","timestamp":"2026-10-08T15:21:25.318Z","workerId":"worker-branches-b","reason":"start","claimed":0,"processed":0,"failed":0,"deadLettered":0,"handoffs":0,"errors":0,"claimFailures":0,"leaseLost":0,"heartbeats":0,"idlePolls":0,"released":0,"lag":null,"inFlight":0}
{"event":"worker.metric","name":"worker_outbox_lag","value":0,"attributes":{"operation":"outbox"},"timestamp":"2026-10-08T15:21:25.318Z"}
{"event":"worker.idle_backoff","level":"debug","timestamp":"2026-10-08T15:21:25.318Z","workerId":"worker-branches-b","backoffMs":5,"lag":0}
{"event":"worker.outbox.summary","level":"info","timestamp":"2026-10-08T15:21:25.318Z","workerId":"worker-branches-b","reason":"stop","claimed":0,"processed":0,"failed":0,"deadLettered":0,"handoffs":0,"errors":0,"claimFailures":0,"leaseLost":0,"heartbeats":0,"idlePolls":1,"released":0,"lag":0,"inFlight":0}
{"event":"worker.stopped","level":"info","timestamp":"2026-10-08T15:21:25.318Z","workerId":"worker-branches-b","drained":true,"released":0,"releaseFailed":0,"processed":0,"failed":0,"deadLettered":0,"lag":0}
{"event":"worker.started","level":"info","timestamp":"2026-10-08T15:21:25.318Z","workerId":"worker-branches-b","concurrency":2,"pollIntervalMs":5,"idleMaxBackoffMs":5000,"errorBackoffMs":500,"errorMaxBackoffMs":30000,"leaseMs":1000,"heartbeatIntervalMs":333,"drainMs":50,"backlogProbe":true,"sweeps":true,"externalEffects":false,"durable":true}
{"event":"worker.outbox.summary","level":"info","timestamp":"2026-10-08T15:21:25.318Z","workerId":"worker-branches-b","reason":"start","claimed":0,"processed":0,"failed":0,"deadLettered":0,"handoffs":0,"errors":0,"claimFailures":0,"leaseLost":0,"heartbeats":0,"idlePolls":0,"released":0,"lag":null,"inFlight":0}
{"event":"worker.metric","name":"worker_outbox_lag","value":0,"attributes":{"operation":"outbox"},"timestamp":"2026-10-08T15:21:25.319Z"}
{"event":"worker.idle_backoff","level":"debug","timestamp":"2026-10-08T15:21:25.319Z","workerId":"worker-branches-b","backoffMs":5,"lag":0}
{"event":"worker.outbox.summary","level":"info","timestamp":"2026-10-08T15:21:25.319Z","workerId":"worker-branches-b","reason":"stop","claimed":0,"processed":0,"failed":0,"deadLettered":0,"handoffs":0,"errors":0,"claimFailures":0,"leaseLost":0,"heartbeats":0,"idlePolls":1,"released":0,"lag":0,"inFlight":0}
{"event":"worker.stopped","level":"info","timestamp":"2026-10-08T15:21:25.319Z","workerId":"worker-branches-b","drained":true,"released":0,"releaseFailed":0,"processed":0,"failed":0,"deadLettered":0,"lag":0}
{"event":"worker.started","level":"info","timestamp":"2026-10-08T15:21:25.319Z","workerId":"worker-branches-b","concurrency":2,"pollIntervalMs":5,"idleMaxBackoffMs":5000,"errorBackoffMs":500,"errorMaxBackoffMs":30000,"leaseMs":1000,"heartbeatIntervalMs":333,"drainMs":50,"backlogProbe":true,"sweeps":true,"externalEffects":false,"durable":true}
{"event":"worker.outbox.summary","level":"info","timestamp":"2026-10-08T15:21:25.319Z","workerId":"worker-branches-b","reason":"start","claimed":0,"processed":0,"failed":0,"deadLettered":0,"handoffs":0,"errors":0,"claimFailures":0,"leaseLost":0,"heartbeats":0,"idlePolls":0,"released":0,"lag":null,"inFlight":0}
{"event":"worker.sweep_stop_failed","level":"error","timestamp":"2026-10-08T15:21:25.319Z","workerId":"worker-branches-b","error":"[redacted-outbox-error]"}
{"event":"worker.metric","name":"worker_outbox_lag","value":0,"attributes":{"operation":"outbox"},"timestamp":"2026-10-08T15:21:25.319Z"}
{"event":"worker.idle_backoff","level":"debug","timestamp":"2026-10-08T15:21:25.319Z","workerId":"worker-branches-b","backoffMs":5,"lag":0}
{"event":"worker.outbox.summary","level":"info","timestamp":"2026-10-08T15:21:25.319Z","workerId":"worker-branches-b","reason":"stop","claimed":0,"processed":0,"failed":0,"deadLettered":0,"handoffs":0,"errors":0,"claimFailures":0,"leaseLost":0,"heartbeats":0,"idlePolls":1,"released":0,"lag":0,"inFlight":0}
{"event":"worker.stopped","level":"info","timestamp":"2026-10-08T15:21:25.319Z","workerId":"worker-branches-b","drained":true,"released":0,"releaseFailed":0,"processed":0,"failed":0,"deadLettered":0,"lag":0}
 [32m✓[39m apps/worker/src/__tests__/branches-b-20260925.test.ts [2m([22m[2m80 tests[22m[2m)[22m[32m 52[2mms[22m[39m
 [32m✓[39m packages/agent-runtime/src/__tests__/runtime-limits.test.ts [2m([22m[2m16 tests[22m[2m)[22m[32m 48[2mms[22m[39m
 [32m✓[39m packages/policy-engine/src/__tests__/execution-contract-matrix.test.ts [2m([22m[2m10 tests[22m[2m)[22m[32m 53[2mms[22m[39m
 [32m✓[39m packages/channel-gateway/src/__tests__/channel-effect-journal.test.ts [2m([22m[2m11 tests[22m[2m)[22m[32m 50[2mms[22m[39m
 [32m✓[39m packages/agent-runtime/src/__tests__/runtime-binding.test.ts [2m([22m[2m17 tests[22m[2m)[22m[32m 44[2mms[22m[39m
 [32m✓[39m packages/platform/src/__tests__/plugin-gateway-hardening.test.ts [2m([22m[2m12 tests[22m[2m)[22m[32m 48[2mms[22m[39m
 [32m✓[39m apps/worker/src/__tests__/worker.test.ts [2m([22m[2m1 test[22m[2m)[22m[32m 50[2mms[22m[39m
 [32m✓[39m apps/worker/src/__tests__/worker-health.test.ts [2m([22m[2m9 tests[22m[2m)[22m[32m 45[2mms[22m[39m
 [32m✓[39m apps/worker/src/__tests__/published-worker-runtime.test.ts [2m([22m[2m9 tests[22m[2m)[22m[32m 47[2mms[22m[39m
 [32m✓[39m tests/phase11-certification.test.js [2m([22m[2m3 tests[22m[2m)[22m[32m 58[2mms[22m[39m
 [32m✓[39m packages/platform/src/__tests__/prompt-profile.test.ts [2m([22m[2m8 tests[22m[2m)[22m[32m 45[2mms[22m[39m
 [32m✓[39m packages/platform/src/__tests__/output-policy.test.ts [2m([22m[2m35 tests[22m[2m)[22m[32m 44[2mms[22m[39m
 [32m✓[39m packages/agent-runtime/src/__tests__/runtime-legacy-rearm.test.ts [2m([22m[2m8 tests[22m[2m)[22m[32m 42[2mms[22m[39m
 [32m✓[39m apps/worker/src/__tests__/kernel-composition-branch-hardening.test.ts [2m([22m[2m79 tests[22m[2m | [22m[33m29 skipped[39m[2m)[22m[32m 44[2mms[22m[39m
 [32m✓[39m packages/agent-runtime/src/__tests__/runtime-sweep-operation-key.test.ts [2m([22m[2m7 tests[22m[2m)[22m[32m 37[2mms[22m[39m
 [32m✓[39m packages/agent-runtime/src/__tests__/agent-runtime.test.ts [2m([22m[2m9 tests[22m[2m)[22m[32m 33[2mms[22m[39m
 [32m✓[39m packages/persistence/src/__tests__/restore-integrity.test.ts [2m([22m[2m12 tests[22m[2m)[22m[32m 38[2mms[22m[39m
 [32m✓[39m apps/worker/src/__tests__/published-worker-knowledge-boundary.test.ts [2m([22m[2m5 tests[22m[2m)[22m[32m 37[2mms[22m[39m
 [32m✓[39m packages/persistence/src/__tests__/platform-control-plane-repository.test.ts [2m([22m[2m9 tests[22m[2m)[22m[32m 41[2mms[22m[39m
 [32m✓[39m packages/platform/src/__tests__/controlled-tool-registry.test.ts [2m([22m[2m5 tests[22m[2m)[22m[32m 41[2mms[22m[39m
 [32m✓[39m packages/observability/src/__tests__/runtime-collector.test.ts [2m([22m[2m28 tests[22m[2m)[22m[32m 41[2mms[22m[39m
 [32m✓[39m packages/platform/src/__tests__/handoff-policy.test.ts [2m([22m[2m3 tests[22m[2m)[22m[32m 36[2mms[22m[39m
 [32m✓[39m apps/web/src/features/audit/audit-view.test.tsx [2m([22m[2m1 test[22m[2m)[22m[32m 37[2mms[22m[39m
 [32m✓[39m packages/platform/src/__tests__/test-lab-events.test.ts [2m([22m[2m5 tests[22m[2m)[22m[32m 39[2mms[22m[39m
 [32m✓[39m packages/platform/src/__tests__/test-suite-catalog.test.ts [2m([22m[2m2 tests[22m[2m)[22m[32m 35[2mms[22m[39m
 [32m✓[39m packages/platform/src/__tests__/tool-invocation-boundary.test.ts [2m([22m[2m14 tests[22m[2m)[22m[32m 33[2mms[22m[39m
 [32m✓[39m packages/persistence/src/__tests__/coverage-20260925.test.ts [2m([22m[2m45 tests[22m[2m)[22m[32m 29[2mms[22m[39m
 [32m✓[39m packages/channel-gateway/src/__tests__/channel-effect-hash-version.test.ts [2m([22m[2m9 tests[22m[2m)[22m[32m 28[2mms[22m[39m
 [32m✓[39m packages/model-gateway/src/__tests__/gateway-hardening.test.ts [2m([22m[2m36 tests[22m[2m)[22m[32m 27[2mms[22m[39m
 [32m✓[39m apps/api/src/__tests__/tenant-isolation-branch-hardening.test.ts [2m([22m[2m12 tests[22m[2m)[22m[32m 28[2mms[22m[39m
 [32m✓[39m packages/platform/src/__tests__/knowledge-input-boundary.test.ts [2m([22m[2m3 tests[22m[2m)[22m[32m 26[2mms[22m[39m
 [32m✓[39m packages/persistence/src/__tests__/tenant-isolation.test.ts [2m([22m[2m14 tests[22m[2m | [22m[33m2 skipped[39m[2m)[22m[32m 26[2mms[22m[39m
 [32m✓[39m packages/approval-engine/src/__tests__/approval-critical-coverage.test.ts [2m([22m[2m36 tests[22m[2m)[22m[32m 26[2mms[22m[39m
 [32m✓[39m packages/persistence/src/__tests__/outbox-edge.test.ts [2m([22m[2m22 tests[22m[2m)[22m[32m 24[2mms[22m[39m
 [32m✓[39m packages/platform/src/__tests__/knowledge-resolver.test.ts [2m([22m[2m1 test[22m[2m)[22m[32m 27[2mms[22m[39m
 [32m✓[39m packages/agent-evals/src/__tests__/eval-contract.test.ts [2m([22m[2m16 tests[22m[2m)[22m[32m 26[2mms[22m[39m
 [32m✓[39m packages/approval-engine/src/__tests__/approval-coverage-closure.test.ts [2m([22m[2m14 tests[22m[2m)[22m[32m 23[2mms[22m[39m
 [32m✓[39m packages/persistence/src/__tests__/outbox-branch-hardening.test.ts [2m([22m[2m11 tests[22m[2m)[22m[32m 22[2mms[22m[39m
 [32m✓[39m packages/platform/src/__tests__/plugin-registry-versioning.test.ts [2m([22m[2m3 tests[22m[2m)[22m[32m 23[2mms[22m[39m
 [32m✓[39m packages/observability/src/__tests__/observability.test.ts [2m([22m[2m12 tests[22m[2m)[22m[32m 23[2mms[22m[39m
 [32m✓[39m packages/persistence/src/__tests__/repository-error-paths.test.ts [2m([22m[2m7 tests[22m[2m)[22m[32m 21[2mms[22m[39m
 [32m✓[39m packages/platform/src/__tests__/trace-governance.test.ts [2m([22m[2m14 tests[22m[2m)[22m[32m 21[2mms[22m[39m
 [32m✓[39m packages/agent-runtime/src/__tests__/effect-journal-edges.test.ts [2m([22m[2m19 tests[22m[2m)[22m[32m 22[2mms[22m[39m
 [32m✓[39m packages/platform/src/__tests__/event-bus-hardening.test.ts [2m([22m[2m7 tests[22m[2m)[22m[32m 20[2mms[22m[39m
 [32m✓[39m packages/agent-evals/src/__tests__/agent-evals.test.ts [2m([22m[2m8 tests[22m[2m)[22m[32m 22[2mms[22m[39m
 [32m✓[39m packages/agent-runtime/src/__tests__/capability-action-binding.test.ts [2m([22m[2m3 tests[22m[2m)[22m[32m 21[2mms[22m[39m
 [32m✓[39m packages/channel-gateway/src/__tests__/channel-gateway.test.ts [2m([22m[2m14 tests[22m[2m)[22m[32m 22[2mms[22m[39m
 [32m✓[39m packages/platform/src/__tests__/release-candidate-ledger.test.ts [2m([22m[2m5 tests[22m[2m)[22m[32m 19[2mms[22m[39m
 [32m✓[39m packages/persistence/src/__tests__/audit-evidence-checkpoint.test.ts [2m([22m[2m3 tests[22m[2m)[22m[32m 20[2mms[22m[39m
 [32m✓[39m packages/persistence/src/__tests__/branches-b-20260925.test.ts [2m([22m[2m30 tests[22m[2m)[22m[32m 20[2mms[22m[39m
 [32m✓[39m packages/persistence/src/__tests__/journeys-postgres.test.ts [2m([22m[2m24 tests[22m[2m | [22m[33m15 skipped[39m[2m)[22m[32m 19[2mms[22m[39m
 [32m✓[39m packages/channel-gateway/src/__tests__/channel-effect-reconciliation-actor.test.ts [2m([22m[2m6 tests[22m[2m)[22m[32m 19[2mms[22m[39m
 [32m✓[39m apps/worker/src/__tests__/kernel-composition-state.test.ts [2m([22m[2m12 tests[22m[2m)[22m[32m 21[2mms[22m[39m
 [32m✓[39m packages/persistence/src/__tests__/conversation-repository.test.ts [2m([22m[2m15 tests[22m[2m)[22m[32m 16[2mms[22m[39m
 [32m✓[39m apps/worker/src/__tests__/kernel-coverage-20260925.test.ts [2m([22m[2m27 tests[22m[2m)[22m[32m 22[2mms[22m[39m
 [32m✓[39m packages/platform/src/__tests__/malformed-model-output.test.ts [2m([22m[2m1 test[22m[2m)[22m[32m 18[2mms[22m[39m
 [32m✓[39m packages/platform/src/__tests__/capability-approval-gateway.test.ts [2m([22m[2m4 tests[22m[2m)[22m[32m 21[2mms[22m[39m
 [32m✓[39m packages/approval-engine/src/__tests__/approval-lifecycle.test.ts [2m([22m[2m19 tests[22m[2m)[22m[32m 21[2mms[22m[39m
 [32m✓[39m packages/agent-evals/src/__tests__/integrated-holdout.test.ts [2m([22m[2m6 tests[22m[2m)[22m[32m 19[2mms[22m[39m
 [32m✓[39m packages/agent-evals/src/__tests__/branches-b-20260925.test.ts [2m([22m[2m10 tests[22m[2m)[22m[32m 18[2mms[22m[39m
 [32m✓[39m packages/persistence/src/__tests__/postgres-migration-smoke.test.ts [2m([22m[2m9 tests[22m[2m | [22m[33m1 skipped[39m[2m)[22m[32m 19[2mms[22m[39m
 [32m✓[39m packages/observability/src/__tests__/observability-coverage.test.ts [2m([22m[2m5 tests[22m[2m)[22m[32m 20[2mms[22m[39m
 [32m✓[39m packages/persistence/src/__tests__/platform-approval-repository.test.ts [2m([22m[2m3 tests[22m[2m)[22m[32m 17[2mms[22m[39m
 [32m✓[39m packages/persistence/src/__tests__/audit-evidence-checkpoint-postgres.test.ts [2m([22m[2m2 tests[22m[2m)[22m[32m 17[2mms[22m[39m
 [32m✓[39m packages/platform/src/__tests__/approval-authority.test.ts [2m([22m[2m6 tests[22m[2m)[22m[32m 18[2mms[22m[39m
 [32m✓[39m packages/observability/src/__tests__/branches-b-20260925.test.ts [2m([22m[2m19 tests[22m[2m)[22m[32m 18[2mms[22m[39m
 [32m✓[39m packages/model-gateway/src/__tests__/providers.test.ts [2m([22m[2m14 tests[22m[2m)[22m[32m 18[2mms[22m[39m
 [32m✓[39m packages/platform/src/__tests__/publish-evidence-authority.test.ts [2m([22m[2m4 tests[22m[2m)[22m[32m 16[2mms[22m[39m
 [32m✓[39m packages/platform/src/__tests__/event-bus.test.ts [2m([22m[2m8 tests[22m[2m)[22m[32m 16[2mms[22m[39m
 [32m✓[39m packages/platform/src/__tests__/plugin-catalog.test.ts [2m([22m[2m1 test[22m[2m)[22m[32m 14[2mms[22m[39m
 [32m✓[39m packages/persistence/src/__tests__/retention.test.ts [2m([22m[2m27 tests[22m[2m)[22m[32m 16[2mms[22m[39m
 [32m✓[39m packages/platform/src/__tests__/secretary-preset-hardening.test.ts [2m([22m[2m3 tests[22m[2m)[22m[32m 19[2mms[22m[39m
 [32m✓[39m packages/observability/src/__tests__/observability-exercise.test.ts [2m([22m[2m4 tests[22m[2m)[22m[32m 17[2mms[22m[39m
 [32m✓[39m packages/platform/src/__tests__/platform-misc-hardening.test.ts [2m([22m[2m6 tests[22m[2m)[22m[32m 16[2mms[22m[39m
 [32m✓[39m apps/worker/src/__tests__/kernel-composition-postgres.integration.test.ts [2m([22m[2m14 tests[22m[2m | [22m[33m5 skipped[39m[2m)[22m[32m 18[2mms[22m[39m
 [32m✓[39m packages/approval-engine/src/__tests__/approval-lifecycle-edges.test.ts [2m([22m[2m10 tests[22m[2m)[22m[32m 16[2mms[22m[39m
 [32m✓[39m packages/rag/src/__tests__/institutional-rag-hardening.test.ts [2m([22m[2m8 tests[22m[2m)[22m[32m 15[2mms[22m[39m
 [32m✓[39m packages/observability/src/__tests__/sli-slo-catalog.test.ts [2m([22m[2m4 tests[22m[2m)[22m[32m 16[2mms[22m[39m
 [32m✓[39m packages/channel-gateway/src/__tests__/channel-coverage-inbound-adapters.test.ts [2m([22m[2m11 tests[22m[2m)[22m[32m 16[2mms[22m[39m
 [32m✓[39m packages/shared/src/__tests__/shared-contracts.test.ts [2m([22m[2m11 tests[22m[2m)[22m[32m 15[2mms[22m[39m
 [32m✓[39m packages/channel-gateway/src/__tests__/channel-coverage.test.ts [2m([22m[2m6 tests[22m[2m)[22m[32m 15[2mms[22m[39m
 [32m✓[39m tests/aud20-10-alerts-ledger.test.ts [2m([22m[2m10 tests[22m[2m)[22m[32m 15[2mms[22m[39m
 [32m✓[39m packages/channel-gateway/src/__tests__/channel-effect-race.test.ts [2m([22m[2m2 tests[22m[2m)[22m[32m 15[2mms[22m[39m
 [32m✓[39m packages/agent-core/src/__tests__/receive-inbound-message.test.ts [2m([22m[2m9 tests[22m[2m)[22m[32m 15[2mms[22m[39m
 [32m✓[39m packages/channel-gateway/src/__tests__/channel-adapters-branch-hardening.test.ts [2m([22m[2m5 tests[22m[2m)[22m[32m 15[2mms[22m[39m
 [32m✓[39m packages/model-gateway/src/__tests__/edge-coverage.test.ts [2m([22m[2m15 tests[22m[2m)[22m[32m 12[2mms[22m[39m
 [32m✓[39m packages/persistence/src/__tests__/outbox.test.ts [2m([22m[2m6 tests[22m[2m)[22m[32m 14[2mms[22m[39m
 [32m✓[39m apps/api/src/__tests__/trusted-operator-identity.test.ts [2m([22m[2m10 tests[22m[2m)[22m[32m 13[2mms[22m[39m
 [32m✓[39m apps/api/src/__tests__/bootstrap-coverage-20260925.test.ts [2m([22m[2m21 tests[22m[2m)[22m[32m 14[2mms[22m[39m
 [32m✓[39m packages/approval-engine/src/__tests__/approval-engine.test.ts [2m([22m[2m10 tests[22m[2m)[22m[32m 12[2mms[22m[39m
 [32m✓[39m packages/persistence/src/__tests__/runtime-trace-correlation.test.ts [2m([22m[2m2 tests[22m[2m)[22m[32m 14[2mms[22m[39m
 [32m✓[39m apps/worker/src/__tests__/controlled-worker-hardening.test.ts [2m([22m[2m7 tests[22m[2m)[22m[32m 15[2mms[22m[39m
 [32m✓[39m packages/persistence/src/__tests__/release-candidate-repository.test.ts [2m([22m[2m3 tests[22m[2m)[22m[32m 13[2mms[22m[39m
 [32m✓[39m packages/policy-engine/src/__tests__/policy-engine.test.ts [2m([22m[2m14 tests[22m[2m)[22m[32m 14[2mms[22m[39m
 [32m✓[39m packages/persistence/src/__tests__/outbox-memory.test.ts [2m([22m[2m6 tests[22m[2m)[22m[32m 13[2mms[22m[39m
 [32m✓[39m apps/api/src/__tests__/request-context.test.ts [2m([22m[2m12 tests[22m[2m)[22m[32m 13[2mms[22m[39m
 [32m✓[39m packages/observability/src/__tests__/collector.test.ts [2m([22m[2m8 tests[22m[2m)[22m[32m 13[2mms[22m[39m
 [32m✓[39m tests/docs-readiness.test.js [2m([22m[2m7 tests[22m[2m)[22m[32m 14[2mms[22m[39m
 [32m✓[39m packages/persistence/src/__tests__/journey-task-atomicity.test.ts [2m([22m[2m8 tests[22m[2m | [22m[33m2 skipped[39m[2m)[22m[32m 13[2mms[22m[39m
 [32m✓[39m apps/api/src/startup-failure.test.ts [2m([22m[2m8 tests[22m[2m)[22m[32m 11[2mms[22m[39m
 [32m✓[39m packages/approval-engine/src/__tests__/approval-lifecycle-fencing.test.ts [2m([22m[2m6 tests[22m[2m)[22m[32m 14[2mms[22m[39m
 [32m✓[39m packages/persistence/src/__tests__/persistence-schema.test.ts [2m([22m[2m7 tests[22m[2m)[22m[32m 13[2mms[22m[39m
 [32m✓[39m packages/agent-evals/src/__tests__/datasets-coverage-20260925.test.ts [2m([22m[2m6 tests[22m[2m)[22m[32m 14[2mms[22m[39m
 [32m✓[39m packages/persistence/src/__tests__/attendance-approval-atomic.test.ts [2m([22m[2m6 tests[22m[2m)[22m[32m 12[2mms[22m[39m
 [32m✓[39m packages/approval-engine/src/__tests__/approval-operation-key.test.ts [2m([22m[2m7 tests[22m[2m)[22m[32m 13[2mms[22m[39m
 [32m✓[39m packages/platform/src/__tests__/model-provider-boundary.test.ts [2m([22m[2m4 tests[22m[2m)[22m[32m 13[2mms[22m[39m
 [32m✓[39m apps/web/src/features/platform/prompt-profile.test.ts [2m([22m[2m5 tests[22m[2m)[22m[32m 12[2mms[22m[39m
 [32m✓[39m apps/api/src/__tests__/orchestration-observability-coverage-20260925.test.ts [2m([22m[2m13 tests[22m[2m)[22m[32m 11[2mms[22m[39m
 [32m✓[39m apps/api/src/__tests__/request-query.test.ts [2m([22m[2m7 tests[22m[2m)[22m[32m 11[2mms[22m[39m
 [32m✓[39m packages/policy-engine/src/__tests__/policy-coverage.test.ts [2m([22m[2m6 tests[22m[2m)[22m[32m 12[2mms[22m[39m
 [32m✓[39m apps/worker/src/__tests__/outbox-recovery.test.ts [2m([22m[2m5 tests[22m[2m)[22m[32m 11[2mms[22m[39m
 [32m✓[39m packages/persistence/src/__tests__/plugin-catalog-repository.test.ts [2m([22m[2m1 test[22m[2m)[22m[32m 11[2mms[22m[39m
 [32m✓[39m packages/persistence/src/__tests__/restore.test.ts [2m([22m[2m5 tests[22m[2m)[22m[32m 12[2mms[22m[39m
 [32m✓[39m packages/persistence/src/__tests__/journeys.test.ts [2m([22m[2m2 tests[22m[2m)[22m[32m 11[2mms[22m[39m
 [32m✓[39m packages/policy-engine/src/__tests__/capability-scope.test.ts [2m([22m[2m15 tests[22m[2m)[22m[32m 10[2mms[22m[39m
 [32m✓[39m apps/api/src/__tests__/identity-key-ring-rotation.test.ts [2m([22m[2m8 tests[22m[2m)[22m[32m 10[2mms[22m[39m
 [32m✓[39m tests/phase11-score-rubric.test.js [2m([22m[2m6 tests[22m[2m)[22m[32m 12[2mms[22m[39m
 [32m✓[39m packages/tools/src/__tests__/platform-adapter.test.ts [2m([22m[2m1 test[22m[2m)[22m[32m 11[2mms[22m[39m
 [32m✓[39m packages/policy-engine/src/__tests__/policy-engine-branch-hardening.test.ts [2m([22m[2m9 tests[22m[2m)[22m[32m 10[2mms[22m[39m
 [32m✓[39m packages/workflows/src/__tests__/persistent-journey.flow.test.ts [2m([22m[2m5 tests[22m[2m)[22m[32m 10[2mms[22m[39m
 [32m✓[39m packages/shared/src/__tests__/audit-governance-hardening.test.ts [2m([22m[2m10 tests[22m[2m)[22m[32m 9[2mms[22m[39m
 [32m✓[39m tests/aud19-certification-guards.test.js [2m([22m[2m9 tests[22m[2m)[22m[32m 10[2mms[22m[39m
 [32m✓[39m apps/api/src/__tests__/request-context-branches-20260925.test.ts [2m([22m[2m8 tests[22m[2m)[22m[32m 8[2mms[22m[39m
 [32m✓[39m packages/platform/src/__tests__/knowledge-source-catalog.test.ts [2m([22m[2m2 tests[22m[2m)[22m[32m 10[2mms[22m[39m
 [32m✓[39m packages/platform/src/__tests__/tool-invocation-boundary-hardening.test.ts [2m([22m[2m9 tests[22m[2m)[22m[32m 9[2mms[22m[39m
 [32m✓[39m tests/phase11-eval-contract.test.js [2m([22m[2m24 tests[22m[2m)[22m[32m 8[2mms[22m[39m
 [32m✓[39m packages/observability/src/__tests__/alerts.test.ts [2m([22m[2m9 tests[22m[2m)[22m[32m 9[2mms[22m[39m
 [32m✓[39m packages/agent-runtime/src/__tests__/proposal-errors.test.ts [2m([22m[2m10 tests[22m[2m)[22m[32m 8[2mms[22m[39m
 [32m✓[39m packages/persistence/src/__tests__/runtime-audit-chain.test.ts [2m([22m[2m2 tests[22m[2m)[22m[32m 11[2mms[22m[39m
 [32m✓[39m apps/api/src/__tests__/operator-replay-store.test.ts [2m([22m[2m20 tests[22m[2m | [22m[33m3 skipped[39m[2m)[22m[32m 8[2mms[22m[39m
 [32m✓[39m apps/worker/src/__tests__/controlled-worker.test.ts [2m([22m[2m2 tests[22m[2m)[22m[32m 10[2mms[22m[39m
 [32m✓[39m apps/web/src/api/audit-evidence-checkpoint-client.test.ts [2m([22m[2m3 tests[22m[2m)[22m[32m 10[2mms[22m[39m
 [32m✓[39m packages/tools/src/__tests__/journey-tools.test.ts [2m([22m[2m2 tests[22m[2m)[22m[32m 9[2mms[22m[39m
 [32m✓[39m packages/chaos/src/__tests__/faults-coverage.test.ts [2m([22m[2m3 tests[22m[2m)[22m[32m 10[2mms[22m[39m
 [32m✓[39m apps/web/src/api/release-candidate-client.test.ts [2m([22m[2m3 tests[22m[2m)[22m[32m 8[2mms[22m[39m
 [32m✓[39m tests/repository-structure.test.js [2m([22m[2m2 tests[22m[2m)[22m[32m 8[2mms[22m[39m
 [32m✓[39m packages/persistence/src/__tests__/retention-renewal.test.ts [2m([22m[2m12 tests[22m[2m)[22m[32m 8[2mms[22m[39m
 [32m✓[39m packages/approval-engine/src/__tests__/approval-coverage.test.ts [2m([22m[2m3 tests[22m[2m)[22m[32m 9[2mms[22m[39m
 [32m✓[39m apps/worker/src/__tests__/worker-observability.test.ts [2m([22m[2m4 tests[22m[2m)[22m[32m 8[2mms[22m[39m
 [32m✓[39m apps/worker/src/__tests__/production-worker-guard.test.ts [2m([22m[2m11 tests[22m[2m)[22m[32m 7[2mms[22m[39m
 [32m✓[39m packages/platform/src/__tests__/retention-ledger.test.ts [2m([22m[2m2 tests[22m[2m)[22m[32m 7[2mms[22m[39m
 [32m✓[39m packages/shared/src/__tests__/ssrf.test.ts [2m([22m[2m34 tests[22m[2m)[22m[32m 7[2mms[22m[39m
 [32m✓[39m packages/tools/src/__tests__/local-handlers-hardening.test.ts [2m([22m[2m5 tests[22m[2m)[22m[32m 8[2mms[22m[39m
 [32m✓[39m packages/persistence/src/__tests__/runtime-approval-store-branch-hardening.test.ts [2m([22m[2m19 tests[22m[2m | [22m[33m15 skipped[39m[2m)[22m[32m 9[2mms[22m[39m
 [32m✓[39m packages/platform/src/__tests__/model-provider.test.ts [2m([22m[2m3 tests[22m[2m)[22m[32m 7[2mms[22m[39m
 [32m✓[39m packages/agent-runtime/src/__tests__/composition-branch-hardening.test.ts [2m([22m[2m7 tests[22m[2m)[22m[32m 7[2mms[22m[39m
 [32m✓[39m tests/aud20-16-capacity-model.test.js [2m([22m[2m5 tests[22m[2m)[22m[32m 7[2mms[22m[39m
 [32m✓[39m tests/aud19-critical-coverage.test.js [2m([22m[2m5 tests[22m[2m)[22m[32m 6[2mms[22m[39m
 [32m✓[39m packages/persistence/src/__tests__/audit-repository.test.ts [2m([22m[2m2 tests[22m[2m)[22m[32m 7[2mms[22m[39m
 [32m✓[39m packages/agent-core/src/__tests__/conversation-session.integration.test.ts [2m([22m[2m1 test[22m[2m)[22m[32m 11[2mms[22m[39m
 [32m✓[39m packages/persistence/src/__tests__/session-version-pinning.test.ts [2m([22m[2m2 tests[22m[2m)[22m[32m 7[2mms[22m[39m
 [32m✓[39m packages/shared/src/__tests__/ids-hardening.test.ts [2m([22m[2m3 tests[22m[2m)[22m[32m 6[2mms[22m[39m
 [32m✓[39m packages/agent-core/src/__tests__/coverage-20260925.test.ts [2m([22m[2m5 tests[22m[2m)[22m[32m 7[2mms[22m[39m
 [32m✓[39m packages/shared/src/__tests__/http-security-env.test.ts [2m([22m[2m4 tests[22m[2m)[22m[32m 7[2mms[22m[39m
 [32m✓[39m tests/aud20-19-qualification.test.js [2m([22m[2m5 tests[22m[2m)[22m[32m 7[2mms[22m[39m
 [32m✓[39m packages/adapters/src/__tests__/model-adapter.test.ts [2m([22m[2m3 tests[22m[2m)[22m[32m 7[2mms[22m[39m
 [32m✓[39m packages/adapters/src/__tests__/controlled-delivery.test.ts [2m([22m[2m2 tests[22m[2m)[22m[32m 6[2mms[22m[39m
 [32m✓[39m packages/shared/src/__tests__/canonical.test.ts [2m([22m[2m9 tests[22m[2m)[22m[32m 6[2mms[22m[39m
 [32m✓[39m packages/workflows/src/__tests__/intent-workflow.flow.test.ts [2m([22m[2m5 tests[22m[2m)[22m[32m 6[2mms[22m[39m
 [32m✓[39m tests/ci-workflow-contract.test.js [2m([22m[2m6 tests[22m[2m)[22m[32m 5[2mms[22m[39m
 [32m✓[39m packages/rag/src/__tests__/institutional-rag.test.ts [2m([22m[2m3 tests[22m[2m)[22m[32m 6[2mms[22m[39m
 [32m✓[39m tests/workspace-scripts.test.js [2m([22m[2m2 tests[22m[2m)[22m[32m 5[2mms[22m[39m
 [32m✓[39m packages/adapters/src/__tests__/fake-whatsapp-adapter.test.ts [2m([22m[2m2 tests[22m[2m)[22m[32m 6[2mms[22m[39m
 [32m✓[39m packages/platform/src/__tests__/qualification.test.ts [2m([22m[2m3 tests[22m[2m)[22m[32m 6[2mms[22m[39m
 [32m✓[39m packages/tools/src/__tests__/tool-registry.test.ts [2m([22m[2m2 tests[22m[2m)[22m[32m 5[2mms[22m[39m
 [32m✓[39m tests/construction-readiness.test.js [2m([22m[2m4 tests[22m[2m)[22m[32m 7[2mms[22m[39m
 [32m✓[39m apps/web/src/api/client.test.ts [2m([22m[2m1 test[22m[2m)[22m[32m 5[2mms[22m[39m
 [32m✓[39m packages/policy/src/__tests__/policy-engine.test.ts [2m([22m[2m3 tests[22m[2m)[22m[32m 5[2mms[22m[39m
 [32m✓[39m packages/agent-core/src/__tests__/internal-task.integration.test.ts [2m([22m[2m1 test[22m[2m)[22m[32m 6[2mms[22m[39m
 [32m✓[39m tests/release-candidate-boundary.test.js [2m([22m[2m5 tests[22m[2m)[22m[32m 5[2mms[22m[39m
 [32m✓[39m packages/shared/src/__tests__/data-classification.test.ts [2m([22m[2m7 tests[22m[2m)[22m[32m 4[2mms[22m[39m
 [32m✓[39m packages/persistence/src/__tests__/outbox-durability.test.ts [2m([22m[2m10 tests[22m[2m | [22m[33m8 skipped[39m[2m)[22m[32m 5[2mms[22m[39m
 [32m✓[39m packages/shared/src/__tests__/auth-identity-mode.test.ts [2m([22m[2m3 tests[22m[2m)[22m[32m 5[2mms[22m[39m
 [32m✓[39m packages/persistence/src/__tests__/effect-journal-postgres.test.ts [2m([22m[2m10 tests[22m[2m | [22m[33m9 skipped[39m[2m)[22m[32m 4[2mms[22m[39m
 [32m✓[39m packages/platform/src/__tests__/handoff.test.ts [2m([22m[2m2 tests[22m[2m)[22m[32m 4[2mms[22m[39m
 [32m✓[39m tests/vitest-hermetic.test.ts [2m([22m[2m1 test[22m[2m)[22m[32m 4[2mms[22m[39m
 [32m✓[39m apps/worker/src/__tests__/postgres-outbox-bridge.integration.test.ts [2m([22m[2m2 tests[22m[2m | [22m[33m1 skipped[39m[2m)[22m[32m 4[2mms[22m[39m
 [32m✓[39m apps/worker/src/__tests__/worker-docker-topology.test.ts [2m([22m[2m4 tests[22m[2m)[22m[32m 4[2mms[22m[39m
 [32m✓[39m packages/persistence/src/__tests__/channel-effect-journal-postgres.test.ts [2m([22m[2m12 tests[22m[2m | [22m[33m11 skipped[39m[2m)[22m[32m 4[2mms[22m[39m
 [32m✓[39m apps/api/src/__tests__/postgres-rate-limit.test.ts [2m([22m[2m7 tests[22m[2m | [22m[33m6 skipped[39m[2m)[22m[32m 4[2mms[22m[39m
 [32m✓[39m packages/tools/src/__tests__/owner-patient-tools.integration.test.ts [2m([22m[2m1 test[22m[2m)[22m[32m 4[2mms[22m[39m
 [32m✓[39m packages/workflows/src/__tests__/triage-safety.flow.test.ts [2m([22m[2m1 test[22m[2m)[22m[32m 4[2mms[22m[39m
 [32m✓[39m packages/workflows/src/__tests__/scheduling-draft.flow.test.ts [2m([22m[2m1 test[22m[2m)[22m[32m 5[2mms[22m[39m
 [32m✓[39m packages/persistence/src/__tests__/session-version-pinning-postgres.test.ts [2m([22m[2m2 tests[22m[2m | [22m[33m1 skipped[39m[2m)[22m[32m 4[2mms[22m[39m
 [32m✓[39m apps/worker/src/__tests__/postgres-role-preflight.test.ts [2m([22m[2m13 tests[22m[2m | [22m[33m12 skipped[39m[2m)[22m[32m 4[2mms[22m[39m
 [32m✓[39m packages/policy/src/__tests__/approval-state.integration.test.ts [2m([22m[2m1 test[22m[2m)[22m[32m 4[2mms[22m[39m
 [32m✓[39m packages/memory/src/__tests__/memory-facts.test.ts [2m([22m[2m1 test[22m[2m)[22m[32m 4[2mms[22m[39m
 [32m✓[39m packages/workflows/src/__tests__/handoff-summary.unit.test.ts [2m([22m[2m1 test[22m[2m)[22m[32m 3[2mms[22m[39m
 [32m✓[39m packages/workflows/src/__tests__/institutional-rag-safe.flow.test.ts [2m([22m[2m1 test[22m[2m)[22m[32m 3[2mms[22m[39m
 [2m[90m↓[39m[22m apps/api/src/__tests__/journeys-api-postgres.test.ts [2m([22m[2m10 tests[22m[2m | [22m[33m10 skipped[39m[2m)[22m
 [2m[90m↓[39m[22m apps/worker/src/__tests__/continuous-worker-entrypoint.integration.test.ts [2m([22m[2m2 tests[22m[2m | [22m[33m2 skipped[39m[2m)[22m
 [2m[90m↓[39m[22m apps/worker/src/__tests__/continuous-worker-postgres.integration.test.ts [2m([22m[2m3 tests[22m[2m | [22m[33m3 skipped[39m[2m)[22m
 [2m[90m↓[39m[22m apps/worker/src/__tests__/kernel-durable-orchestrator-postgres.test.ts [2m([22m[2m6 tests[22m[2m | [22m[33m6 skipped[39m[2m)[22m
 [2m[90m↓[39m[22m packages/chaos/src/__tests__/chaos-postgres.test.ts [2m([22m[2m2 tests[22m[2m | [22m[33m2 skipped[39m[2m)[22m
 [2m[90m↓[39m[22m packages/persistence/src/__tests__/attendance-approval-postgres.test.ts [2m([22m[2m1 test[22m[2m | [22m[33m1 skipped[39m[2m)[22m
 [2m[90m↓[39m[22m packages/persistence/src/__tests__/goal-concurrency-postgres.test.ts [2m([22m[2m8 tests[22m[2m | [22m[33m8 skipped[39m[2m)[22m
 [2m[90m↓[39m[22m packages/persistence/src/__tests__/orchestrator-postgres.test.ts [2m([22m[2m5 tests[22m[2m | [22m[33m5 skipped[39m[2m)[22m
 [2m[90m↓[39m[22m packages/persistence/src/__tests__/platform-approval-postgres.test.ts [2m([22m[2m2 tests[22m[2m | [22m[33m2 skipped[39m[2m)[22m
 [2m[90m↓[39m[22m packages/persistence/src/__tests__/platform-postgres-smoke.test.ts [2m([22m[2m5 tests[22m[2m | [22m[33m5 skipped[39m[2m)[22m
 [2m[90m↓[39m[22m packages/persistence/src/__tests__/retention-postgres.test.ts [2m([22m[2m13 tests[22m[2m | [22m[33m13 skipped[39m[2m)[22m
 [2m[90m↓[39m[22m packages/persistence/src/__tests__/runtime-approval-store-postgres.test.ts [2m([22m[2m14 tests[22m[2m | [22m[33m14 skipped[39m[2m)[22m

[2m Test Files [22m [1m[32m322 passed[39m[22m[2m | [22m[33m12 skipped[39m[90m (334)[39m
[2m      Tests [22m [1m[32m4338 passed[39m[22m[2m | [22m[33m200 skipped[39m[90m (4538)[39m
[2m   Start at [22m 15:11:33
[2m   Duration [22m 754.46s[2m (transform 4.65s, setup 0ms, import 44.99s, tests 480.30s, environment 174.73s)[22m

[34m % [39m[2mCoverage report from [22m[33mv8[39m
-------------------|---------|----------|---------|---------|-------------------
File               | % Stmts | % Branch | % Funcs | % Lines | Uncovered Line #s 
-------------------|---------|----------|---------|---------|-------------------
All files          |   92.83 |       90 |   91.31 |    93.3 |                   
 apps/api/src      |   92.99 |    86.93 |   96.38 |   94.03 |                   
  ...e-boundary.ts |     100 |      100 |     100 |     100 |                   
  ...t-boundary.ts |     100 |      100 |     100 |     100 |                   
  http-security.ts |   92.79 |    90.95 |     100 |   98.93 | 293,478           
  ...t-boundary.ts |     100 |      100 |     100 |     100 |                   
  ...r-identity.ts |   93.62 |    94.76 |   94.44 |   95.62 | ...27-430,438-439 
  ...play-store.ts |   79.78 |    87.64 |   84.61 |      80 | ...98,223,292-300 
  ...ervability.ts |      98 |      100 |     100 |   97.87 | 320               
  ...n-boundary.ts |     100 |      100 |     100 |     100 |                   
  ...rate-limit.ts |   45.45 |    35.48 |      90 |   46.15 | ...82-107,109-150 
  rate-limit.ts    |     100 |    97.56 |     100 |     100 | 172               
  readiness.ts     |     100 |     87.5 |     100 |     100 | 105-117           
  ...st-metrics.ts |     100 |      100 |     100 |     100 |                   
  ...orrelation.ts |     100 |      100 |     100 |     100 |                   
  server.ts        |   93.73 |    80.31 |   95.27 |   94.31 | ...4492,4514,4519 
  ...up-failure.ts |      96 |       90 |     100 |      96 | 32                
  ...k-security.ts |   98.83 |    98.19 |   97.14 |   99.35 | 284               
 ...api/src/routes |     100 |      100 |     100 |     100 |                   
  approvals.ts     |     100 |      100 |     100 |     100 |                   
  audit.ts         |     100 |      100 |     100 |     100 |                   
  conversations.ts |     100 |      100 |     100 |     100 |                   
  health.ts        |     100 |      100 |     100 |     100 |                   
  tasks.ts         |     100 |      100 |     100 |     100 |                   
  webhooks.ts      |     100 |      100 |     100 |     100 |                   
 ...api/src/server |   91.22 |    96.15 |   75.29 |   91.02 |                   
  ...ersistence.ts |   66.07 |    95.45 |   32.14 |   66.66 | ...24,295-296,356 
  ...ole-checks.ts |   71.05 |    85.48 |   71.42 |   71.05 | 40,248,304-328    
  ...st-context.ts |     100 |      100 |     100 |     100 |                   
  request-query.ts |     100 |      100 |     100 |     100 |                   
  ...-isolation.ts |     100 |      100 |     100 |     100 |                   
 apps/worker/src   |   82.46 |    75.89 |   74.64 |   83.51 |                   
  ...ous-worker.ts |   87.69 |    79.19 |   93.61 |   88.88 | ...03,689-690,900 
  ...ry-runtime.ts |   83.33 |       50 |   66.66 |   83.33 | 50-55             
  ...led-worker.ts |      92 |    83.87 |     100 |    90.9 | 123-125           
  health.ts        |     100 |      100 |     100 |     100 |                   
  ...omposition.ts |   69.85 |    66.14 |      58 |    70.6 | ...-988,1008,1228 
  ...validation.ts |     100 |      100 |     100 |     100 |                   
  ...controlled.ts |   72.59 |    67.21 |   35.89 |   76.98 | ...75,390,487,515 
  ...-preflight.ts |     100 |      100 |     100 |     100 |                   
  ...rker-guard.ts |   97.61 |      100 |     100 |    97.5 | 68                
  sweeps.ts        |   89.85 |    77.77 |   86.66 |   93.65 | 110,115,211-212   
  worker-health.ts |   96.05 |    86.79 |   93.75 |   95.77 | 88-91             
  ...ervability.ts |   94.73 |    90.47 |   93.75 |   93.75 | 148               
  worker.ts        |     100 |    95.34 |     100 |     100 | 54,132            
 ...orker/src/jobs |     100 |    91.17 |     100 |     100 |                   
  ...agent-turn.ts |       0 |        0 |       0 |       0 |                   
  ...tbox-event.ts |     100 |    91.17 |     100 |     100 | 105,123,142       
 ...s/adapters/src |   90.38 |    88.11 |     100 |   90.09 |                   
  ...el-adapter.ts |       0 |        0 |       0 |       0 |                   
  ...d-delivery.ts |   92.85 |    83.78 |     100 |   92.72 | 145,155,164,173   
  index.ts         |       0 |        0 |       0 |       0 |                   
  ...ion-events.ts |       0 |        0 |       0 |       0 |                   
  model-adapter.ts |   85.71 |    90.47 |     100 |   85.36 | ...62,145,157,169 
  resilience.ts    |     100 |      100 |     100 |     100 |                   
 ...pters/src/fake |     100 |       50 |     100 |     100 |                   
  ...pp-adapter.ts |     100 |       50 |     100 |     100 | 19                
 ...agent-core/src |       0 |        0 |       0 |       0 |                   
  index.ts         |       0 |        0 |       0 |       0 |                   
 .../src/agent-run |     100 |      100 |     100 |     100 |                   
  ...un-service.ts |     100 |      100 |     100 |     100 |                   
 ...core/src/audit |     100 |      100 |     100 |     100 |                   
  audit-hook.ts    |     100 |      100 |     100 |     100 |                   
 ...e/src/commands |     100 |    90.76 |     100 |     100 |                   
  ...d-behavior.ts |     100 |       50 |     100 |     100 | 171-174           
  ...ff-summary.ts |     100 |    77.27 |     100 |     100 | 22-26             
  ...ernal-task.ts |     100 |      100 |     100 |     100 |                   
  ...bound-turn.ts |     100 |      100 |     100 |     100 |                   
  ...shed-agent.ts |     100 |     92.1 |     100 |     100 | 65,103,118        
  ...worker-job.ts |     100 |      100 |     100 |     100 |                   
  ...nd-message.ts |     100 |      100 |     100 |     100 |                   
  ...n-approval.ts |     100 |      100 |     100 |     100 |                   
  ...e-approval.ts |     100 |      100 |     100 |     100 |                   
  ...agent-turn.ts |     100 |      100 |     100 |     100 |                   
 ...re/src/queries |     100 |      100 |     100 |     100 |                   
  ...n-timeline.ts |     100 |      100 |     100 |     100 |                   
 ...re/src/session |     100 |      100 |     100 |     100 |                   
  ...on-manager.ts |     100 |      100 |     100 |     100 |                   
 ...gent-evals/src |   96.87 |    95.09 |   94.44 |   97.93 |                   
  agent.ts         |   86.66 |      100 |   71.42 |    92.3 | 228               
  contracts.ts     |     100 |      100 |     100 |     100 |                   
  index.ts         |       0 |        0 |       0 |       0 |                   
  ...ated-agent.ts |     100 |      100 |     100 |     100 |                   
  metrics.ts       |   98.21 |    81.81 |     100 |      98 | 55                
  runner.ts        |   96.96 |    97.51 |     100 |   98.11 | 222,280-281       
 ...s/src/datasets |     100 |      100 |     100 |     100 |                   
  core.ts          |     100 |      100 |     100 |     100 |                   
  holdout.ts       |     100 |      100 |     100 |     100 |                   
 ...nt-runtime/src |   98.43 |    97.64 |   95.25 |   98.63 |                   
  composition.ts   |     100 |      100 |     100 |     100 |                   
  contracts.ts     |     100 |      100 |     100 |     100 |                   
  ...ct-journal.ts |   98.45 |    97.64 |   95.45 |   99.57 | 855               
  index.ts         |       0 |        0 |       0 |       0 |                   
  orchestration.ts |   98.64 |    96.96 |   97.27 |   98.72 | ...2443,3126,3172 
  proposal.ts      |     100 |    96.15 |     100 |     100 | 135               
  runtime.ts       |      98 |    98.25 |   85.71 |   98.07 | ...2750,2754-2755 
 ...val-engine/src |     100 |    99.72 |     100 |     100 |                   
  authority.ts     |       0 |        0 |       0 |       0 |                   
  contracts.ts     |     100 |      100 |     100 |     100 |                   
  engine.ts        |     100 |     99.7 |     100 |     100 | 721               
  index.ts         |       0 |        0 |       0 |       0 |                   
  store.ts         |     100 |      100 |     100 |     100 |                   
 ...el-gateway/src |   98.43 |    97.61 |    95.4 |     100 |                   
  contracts.ts     |     100 |      100 |     100 |     100 |                   
  ...urnal-file.ts |   98.12 |      100 |   90.32 |     100 |                   
  ...ct-journal.ts |    97.9 |    96.07 |     100 |     100 | 370,424,446,473   
  errors.ts        |     100 |      100 |     100 |     100 |                   
  gateway.ts       |   99.07 |     96.2 |    90.9 |     100 | 96,273,385        
  idempotency.ts   |     100 |      100 |     100 |     100 |                   
  index.ts         |       0 |        0 |       0 |       0 |                   
 ...y/src/adapters |     100 |    96.96 |     100 |     100 |                   
  chatwoot.ts      |     100 |    96.92 |     100 |     100 | 135,167           
  evolution.ts     |     100 |    95.74 |     100 |     100 | 124,156           
  fake.ts          |     100 |      100 |     100 |     100 |                   
 ...ages/chaos/src |   94.11 |    92.85 |   94.73 |   93.93 |                   
  faults.ts        |   94.11 |    92.85 |   94.73 |   93.93 | 121-122           
  index.ts         |       0 |        0 |       0 |       0 |                   
 ...ges/memory/src |     100 |      100 |     100 |     100 |                   
  index.ts         |       0 |        0 |       0 |       0 |                   
  memory-facts.ts  |     100 |      100 |     100 |     100 |                   
 ...el-gateway/src |   98.16 |    95.78 |   98.27 |   98.29 |                   
  budget.ts        |     100 |      100 |     100 |     100 |                   
  ...it-breaker.ts |   94.36 |    96.96 |   91.66 |   93.93 | 31-34             
  contracts.ts     |     100 |      100 |     100 |     100 |                   
  errors.ts        |     100 |      100 |     100 |     100 |                   
  gateway.ts       |   97.93 |    90.74 |     100 |   98.52 | 230,421           
  index.ts         |       0 |        0 |       0 |       0 |                   
  ...t-registry.ts |     100 |      100 |     100 |     100 |                   
  retry.ts         |     100 |      100 |     100 |     100 |                   
  router.ts        |     100 |     97.5 |     100 |     100 | 87                
 .../src/providers |   99.29 |    98.36 |     100 |   99.25 |                   
  deterministic.ts |     100 |      100 |     100 |     100 |                   
  http-errors.ts   |     100 |      100 |     100 |     100 |                   
  ollama.ts        |     100 |    96.96 |     100 |     100 | 159               
  ...compatible.ts |   98.11 |    97.72 |     100 |   98.07 | 184               
 ...ervability/src |    96.2 |    90.21 |   95.76 |   96.86 |                   
  ...ery-ledger.ts |   97.29 |       92 |     100 |   97.22 | 133,186           
  alerts.ts        |    87.5 |    79.31 |   88.88 |   90.24 | 255-259,330       
  audit-ledger.ts  |   94.11 |    88.88 |      90 |   96.96 | 113               
  collector.ts     |   97.55 |    96.73 |   96.72 |   97.37 | ...88,793,802,904 
  index.ts         |       0 |        0 |       0 |       0 |                   
  ...y-exercise.ts |     100 |    82.85 |     100 |     100 | ...14,553-561,637 
  otel.ts          |   91.22 |    81.25 |   92.85 |   96.22 | 54,82             
  redaction.ts     |   97.14 |    89.28 |     100 |   96.55 | 54                
  ...-collector.ts |   93.75 |     91.3 |   94.44 |    94.2 | 85,104,150,169    
  telemetry.ts     |   97.29 |    97.87 |     100 |   97.05 | 330-331           
  trace-context.ts |   94.73 |    65.62 |   85.71 |   93.75 | 102               
 ...es/persistence |       0 |        0 |       0 |       0 |                   
  ...zle.config.ts |       0 |        0 |       0 |       0 |                   
 ...ersistence/src |   74.98 |    76.71 |   72.22 |   74.94 |                   
  ...e-approval.ts |     100 |      100 |     100 |     100 |                   
  ...checkpoint.ts |     100 |      100 |     100 |     100 |                   
  db.ts            |     100 |      100 |     100 |     100 |                   
  index.ts         |       0 |        0 |       0 |       0 |                   
  journeys.ts      |     100 |    99.54 |     100 |     100 | 205               
  list-limits.ts   |     100 |      100 |     100 |     100 |                   
  outbox.ts        |   99.67 |    99.06 |     100 |     100 | 582,807,1148      
  restore.ts       |   99.53 |    90.62 |     100 |    99.5 | 384               
  retention.ts     |   49.02 |    55.02 |   44.64 |    49.7 | ...1512,1565-1723 
  ...oval-store.ts |   14.97 |     33.8 |    12.9 |    15.3 | ...1-774,798-1031 
  schema.ts        |       0 |        0 |       0 |       0 |                   
  ...ingerprint.ts |     100 |      100 |     100 |     100 |                   
 ...c/repositories |   98.82 |    93.97 |   97.29 |   99.05 |                   
  ...repository.ts |     100 |     93.1 |     100 |     100 | 64,97             
  ...repository.ts |   98.92 |    95.69 |   96.77 |   98.87 | 180               
  ...repository.ts |   98.24 |     92.8 |   96.07 |   98.75 | 106,521           
  ...repository.ts |     100 |      100 |     100 |     100 |                   
  ...repository.ts |     100 |    94.11 |     100 |     100 | 61,84             
 ...s/platform/src |   96.01 |    93.85 |    97.9 |   96.35 |                   
  ...-authority.ts |   96.62 |    97.64 |     100 |    98.7 | 204               
  contracts.ts     |   95.76 |    87.75 |     100 |   95.68 | ...66,270,289,658 
  ...lane-store.ts |   96.36 |    92.96 |   95.96 |    96.5 | ...1144,1290,1380 
  ...ed-plugins.ts |     100 |    85.71 |     100 |     100 | 17                
  ...-preflight.ts |   89.74 |    90.62 |   83.33 |   89.47 | 170-171,179-180   
  event-bus.ts     |   98.87 |    98.66 |     100 |   98.82 | 230               
  handoff.ts       |     100 |      100 |     100 |     100 |                   
  ids.ts           |     100 |      100 |     100 |     100 |                   
  index.ts         |       0 |        0 |       0 |       0 |                   
  ...l-provider.ts |     100 |      100 |     100 |     100 |                   
  output-policy.ts |      90 |    86.66 |     100 |   91.66 | 154,176,263,267   
  ...in-gateway.ts |    96.2 |     93.2 |   97.43 |   96.88 | ...99,768,775,781 
  ...-evaluator.ts |   95.83 |    96.87 |     100 |   95.65 | 60                
  ...t-composer.ts |     100 |      100 |     100 |     100 |                   
  ...pt-profile.ts |   92.85 |     91.3 |     100 |   92.72 | 115,139,175,220   
  qualification.ts |    92.5 |     92.5 |     100 |   91.17 | 48,106,121        
  ...-candidate.ts |   97.29 |       96 |     100 |   97.22 | 132               
  ...ion-ledger.ts |   98.68 |    96.87 |     100 |     100 | 204               
  ...assessment.ts |   95.45 |    94.11 |     100 |   97.36 | 68                
  ...ary-preset.ts |     100 |      100 |     100 |     100 |                   
  ...-evaluator.ts |     100 |    88.88 |     100 |     100 | 34,43             
  test-lab.ts      |   95.78 |    94.37 |     100 |   95.55 | ...53,859,892-896 
  ...n-boundary.ts |   97.95 |    94.62 |     100 |   97.75 | 122,184           
  ...governance.ts |   92.68 |    94.11 |   94.73 |   93.69 | ...32,440-442,446 
 ...icy-engine/src |   98.28 |    95.86 |     100 |   98.77 |                   
  autonomy.ts      |     100 |      100 |     100 |     100 |                   
  capabilities.ts  |     100 |      100 |     100 |     100 |                   
  documents.ts     |     100 |      100 |     100 |     100 |                   
  engine.ts        |   98.01 |    95.49 |     100 |   97.89 | 284,302           
  grants.ts        |   96.15 |       90 |     100 |     100 | 147               
  index.ts         |       0 |        0 |       0 |       0 |                   
 ...ges/policy/src |     100 |      100 |     100 |     100 |                   
  index.ts         |       0 |        0 |       0 |       0 |                   
  policy-engine.ts |     100 |      100 |     100 |     100 |                   
  ...cy-version.ts |     100 |      100 |     100 |     100 |                   
 .../src/approvals |     100 |      100 |     100 |     100 |                   
  ...al-service.ts |     100 |      100 |     100 |     100 |                   
 ...icy/src/safety |     100 |      100 |     100 |     100 |                   
  ...boundaries.ts |     100 |      100 |     100 |     100 |                   
 packages/rag/src  |     100 |     93.1 |     100 |     100 |                   
  index.ts         |       0 |        0 |       0 |       0 |                   
  ...tional-rag.ts |     100 |     93.1 |     100 |     100 | 87                
  ...rag-source.ts |     100 |      100 |     100 |     100 |                   
 ...ges/shared/src |   98.19 |    96.91 |     100 |   99.22 |                   
  ...governance.ts |   95.68 |    94.73 |     100 |   98.98 | 408               
  auth.ts          |     100 |      100 |     100 |     100 |                   
  canonical.ts     |   97.91 |    96.77 |     100 |   97.72 | 112               
  ...sification.ts |     100 |      100 |     100 |     100 |                   
  enums.ts         |     100 |      100 |     100 |     100 |                   
  env.ts           |     100 |      100 |     100 |     100 |                   
  envelope.ts      |     100 |      100 |     100 |     100 |                   
  errors.ts        |     100 |      100 |     100 |     100 |                   
  ids.ts           |     100 |       75 |     100 |     100 | 13-14             
  index.ts         |       0 |        0 |       0 |       0 |                   
  lifecycle.ts     |    97.5 |    93.75 |     100 |     100 | 62                
  observability.ts |     100 |      100 |     100 |     100 |                   
  pagination.ts    |     100 |      100 |     100 |     100 |                   
  ssrf.ts          |   99.18 |    98.54 |     100 |   98.94 | 160               
 ...ed/src/schemas |     100 |      100 |     100 |     100 |                   
  api.ts           |     100 |      100 |     100 |     100 |                   
  application.ts   |     100 |      100 |     100 |     100 |                   
 ...ages/tools/src |     100 |      100 |     100 |     100 |                   
  contracts.ts     |     100 |      100 |     100 |     100 |                   
  index.ts         |       0 |        0 |       0 |       0 |                   
  ...rm-adapter.ts |     100 |      100 |     100 |     100 |                   
  registry.ts      |     100 |      100 |     100 |     100 |                   
 ...ools/src/local |     100 |      100 |     100 |     100 |                   
  ...ment-draft.ts |     100 |      100 |     100 |     100 |                   
  ...urney-task.ts |     100 |      100 |     100 |     100 |                   
  ...wner-draft.ts |     100 |      100 |     100 |     100 |                   
  ...ient-draft.ts |     100 |      100 |     100 |     100 |                   
  ...able-slots.ts |     100 |      100 |     100 |     100 |                   
  ...l-registry.ts |     100 |      100 |     100 |     100 |                   
  link-patient.ts  |     100 |      100 |     100 |     100 |                   
  ...ey-handoff.ts |     100 |      100 |     100 |     100 |                   
  ...r-by-phone.ts |     100 |      100 |     100 |     100 |                   
  ...ch-patient.ts |     100 |      100 |     100 |     100 |                   
 .../workflows/src |       0 |        0 |       0 |       0 |                   
  index.ts         |       0 |        0 |       0 |       0 |                   
 ...ws/src/handoff |     100 |      100 |     100 |     100 |                   
  ...ff-summary.ts |     100 |      100 |     100 |     100 |                   
 .../institutional |     100 |      100 |     100 |     100 |                   
  ...n-workflow.ts |     100 |      100 |     100 |     100 |                   
 ...ows/src/intent |     100 |      100 |     100 |     100 |                   
  ...t-workflow.ts |     100 |      100 |     100 |     100 |                   
 ...s/src/journeys |   94.73 |    67.85 |     100 |   94.73 |                   
  ...y-workflow.ts |   94.73 |    67.85 |     100 |   94.73 | 82                
 .../owner-patient |     100 |      100 |     100 |     100 |                   
  ...t-workflow.ts |     100 |      100 |     100 |     100 |                   
 ...src/scheduling |     100 |      100 |     100 |     100 |                   
  ...t-workflow.ts |     100 |      100 |     100 |     100 |                   
 ...ows/src/triage |     100 |      100 |     100 |     100 |                   
  ...e-workflow.ts |     100 |      100 |     100 |     100 |                   
-------------------|---------|----------|---------|---------|-------------------

> cvg-claw@1.0.0 audit:security
> npm audit --audit-level=high

found 0 vulnerabilities


