$ npm run test:coverage
# certificationId=phase11-72fa77fcda6fad8c-muv8q8tu
# candidateId=72fa77fcda6fad8cfdc893e8341cd5a6d371e9b5b2b9ef5eaa274cf3ee076267
# commit=dfe2c1dd992a96a55dd41f5c516352a82f587cbf
# treeHash=d3c0ed467fd3ad307e8665678b54c092ff9255fb3354c36da0a96d656a105569
# gate=coverage
# profile=CONTROLLED_LOCAL
# databaseConfigured=false
# realEffects=disabled
# exitCode=0 durationMs=397789


> cvg-claw@1.0.0 test:coverage
> vitest run --coverage --no-file-parallelism --maxWorkers=2


[1m[30m[46m RUN [49m[39m[22m [36mv4.1.11 [39m[90m/home/ricardo/cvg-claw[39m
      [2mCoverage enabled with [22m[33mv8[39m

 [32m✓[39m tests/mutation-sentinel.test.js [2m([22m[2m5 tests[22m[2m)[22m[33m 4068[2mms[22m[39m
     [33m[2m✓[22m[39m detects the frozen eval-threshold mutant without touching the worktree [33m 2101[2mms[22m[39m
     [33m[2m✓[22m[39m reports a drifted target as a gap instead of inventing detection [33m 603[2mms[22m[39m
     [33m[2m✓[22m[39m returns a non-zero process exit when --fail-on-gaps finds a surviving gap [33m 1006[2mms[22m[39m
 [32m✓[39m tests/promotion-expectation.test.js [2m([22m[2m14 tests[22m[2m)[22m[33m 3135[2mms[22m[39m
     [33m[2m✓[22m[39m keeps the default expectation exit code tied to eligibility [33m 1009[2mms[22m[39m
     [33m[2m✓[22m[39m accepts EXTERNAL_ONLY while only human gates remain pending [33m 1099[2mms[22m[39m
     [33m[2m✓[22m[39m fails closed on an unknown expectation value [33m 1019[2mms[22m[39m
 [32m✓[39m apps/api/src/__tests__/readiness.test.ts [2m([22m[2m11 tests[22m[2m)[22m[33m 2933[2mms[22m[39m
     [33m[2m✓[22m[39m returns 503 when destruction rejects the timed out query [33m 926[2mms[22m[39m
     [33m[2m✓[22m[39m bounds pending pool admission and destroys a late client exactly once [33m 915[2mms[22m[39m
     [33m[2m✓[22m[39m ignores late query success and recovers after the outstanding operation settles [33m 911[2mms[22m[39m
 [32m✓[39m apps/web/src/__tests__/app.test.tsx [2m([22m[2m17 tests[22m[2m)[22m[33m 2327[2mms[22m[39m
     [33m[2m✓[22m[39m does not apply an in-flight approval refresh after the tenant changes [33m 307[2mms[22m[39m
     [33m[2m✓[22m[39m paginates controlled audit evidence and requests export through approval workflow only [33m 331[2mms[22m[39m
 [32m✓[39m packages/agent-runtime/src/__tests__/orchestration-branch-hardening.test.ts [2m([22m[2m88 tests[22m[2m)[22m[33m 1497[2mms[22m[39m
     [33m[2m✓[22m[39m renews the lease during a long execution and settles with the renewed lease [33m 423[2mms[22m[39m
     [33m[2m✓[22m[39m aborts execution and reports lease loss when heartbeat renewal fails quickly [33m 601[2mms[22m[39m
     [33m[2m✓[22m[39m awaits an in-flight heartbeat before reporting lease loss [33m 353[2mms[22m[39m
 [32m✓[39m tests/production-preflight.test.js [2m([22m[2m16 tests[22m[2m)[22m[33m 1477[2mms[22m[39m
     [33m[2m✓[22m[39m runs the shared gate before API and worker bootstrap [33m 1133[2mms[22m[39m
 [32m✓[39m apps/web/src/features/platform/multi-agent-creation.test.tsx [2m([22m[2m6 tests[22m[2m)[22m[33m 1697[2mms[22m[39m
     [33m[2m✓[22m[39m creates Agent A and Agent B in one tenant-scoped session with isolated drafts [33m 769[2mms[22m[39m
 [32m✓[39m packages/agent-runtime/src/__tests__/branches-b-20260925.test.ts [2m([22m[2m13 tests[22m[2m)[22m[33m 1177[2mms[22m[39m
     [33m[2m✓[22m[39m renews the step lease while a slow executor runs [33m 754[2mms[22m[39m
     [33m[2m✓[22m[39m abandons the step when the lease heartbeat fails [33m 403[2mms[22m[39m
 [32m✓[39m apps/web/src/__tests__/platform-panel.test.tsx [2m([22m[2m6 tests[22m[2m)[22m[33m 1232[2mms[22m[39m
     [33m[2m✓[22m[39m lists and transitions metadata-only plugin catalog entries with tenant scope [33m 495[2mms[22m[39m
{"event":"worker.started","level":"info","timestamp":"2026-10-05T13:04:31.934Z","workerId":"worker-restart-190-a","concurrency":2,"pollIntervalMs":5,"idleMaxBackoffMs":5000,"errorBackoffMs":500,"errorMaxBackoffMs":30000,"leaseMs":1000,"heartbeatIntervalMs":333,"drainMs":10000,"backlogProbe":true,"sweeps":false,"externalEffects":false,"durable":true}
{"event":"worker.outbox.summary","level":"info","timestamp":"2026-10-05T13:04:31.935Z","workerId":"worker-restart-190-a","reason":"start","claimed":0,"processed":0,"failed":0,"deadLettered":0,"handoffs":0,"errors":0,"claimFailures":0,"leaseLost":0,"heartbeats":0,"idlePolls":0,"released":0,"lag":null,"inFlight":0}
{"event":"worker.metric","name":"worker_outbox_lag","value":0,"attributes":{"operation":"outbox"},"timestamp":"2026-10-05T13:04:31.936Z"}
{"event":"worker.idle_backoff","level":"debug","timestamp":"2026-10-05T13:04:31.936Z","workerId":"worker-restart-190-a","backoffMs":5,"lag":0}
{"event":"worker.metric","name":"worker_outbox_processed_total","value":1,"attributes":{"status":"processed"},"timestamp":"2026-10-05T13:04:31.937Z"}
{"event":"worker.outbox.processed","level":"info","timestamp":"2026-10-05T13:04:31.937Z","eventId":"outbox_fa1c26d0-a474-43fc-abc4-0cbc9dfbc94e","workerId":"worker-restart-190-a","status":"processed","attempt":1,"leaseLost":false,"operation":"outbox"}
{"event":"worker.outbox.summary","level":"info","timestamp":"2026-10-05T13:04:31.941Z","workerId":"worker-restart-190-a","reason":"stop","claimed":1,"processed":1,"failed":0,"deadLettered":0,"handoffs":0,"errors":0,"claimFailures":0,"leaseLost":0,"heartbeats":0,"idlePolls":1,"released":0,"lag":0,"inFlight":0}
{"event":"worker.stopped","level":"info","timestamp":"2026-10-05T13:04:31.942Z","workerId":"worker-restart-190-a","drained":true,"released":0,"releaseFailed":0,"processed":1,"failed":0,"deadLettered":0,"lag":0}
{"event":"worker.started","level":"info","timestamp":"2026-10-05T13:04:31.942Z","workerId":"worker-restart-190-b","concurrency":2,"pollIntervalMs":5,"idleMaxBackoffMs":5000,"errorBackoffMs":500,"errorMaxBackoffMs":30000,"leaseMs":1000,"heartbeatIntervalMs":333,"drainMs":10000,"backlogProbe":true,"sweeps":false,"externalEffects":false,"durable":true}
{"event":"worker.outbox.summary","level":"info","timestamp":"2026-10-05T13:04:31.942Z","workerId":"worker-restart-190-b","reason":"start","claimed":0,"processed":0,"failed":0,"deadLettered":0,"handoffs":0,"errors":0,"claimFailures":0,"leaseLost":0,"heartbeats":0,"idlePolls":0,"released":0,"lag":null,"inFlight":0}
{"event":"worker.metric","name":"worker_outbox_lag","value":0,"attributes":{"operation":"outbox"},"timestamp":"2026-10-05T13:04:31.943Z"}
{"event":"worker.idle_backoff","level":"debug","timestamp":"2026-10-05T13:04:31.943Z","workerId":"worker-restart-190-b","backoffMs":5,"lag":0}
{"event":"worker.metric","name":"worker_outbox_processed_total","value":1,"attributes":{"status":"processed"},"timestamp":"2026-10-05T13:04:31.943Z"}
{"event":"worker.outbox.processed","level":"info","timestamp":"2026-10-05T13:04:31.943Z","eventId":"outbox_41246777-d52c-41dc-b1f9-297b4d1f30d9","workerId":"worker-restart-190-b","status":"processed","attempt":1,"leaseLost":false,"operation":"outbox"}
{"event":"worker.outbox.summary","level":"info","timestamp":"2026-10-05T13:04:31.947Z","workerId":"worker-restart-190-b","reason":"stop","claimed":1,"processed":1,"failed":0,"deadLettered":0,"handoffs":0,"errors":0,"claimFailures":0,"leaseLost":0,"heartbeats":0,"idlePolls":1,"released":0,"lag":0,"inFlight":0}
{"event":"worker.stopped","level":"info","timestamp":"2026-10-05T13:04:31.947Z","workerId":"worker-restart-190-b","drained":true,"released":0,"releaseFailed":0,"processed":1,"failed":0,"deadLettered":0,"lag":0}
{"event":"worker.started","level":"info","timestamp":"2026-10-05T13:04:31.964Z","workerId":"worker-retry-190","concurrency":2,"pollIntervalMs":5,"idleMaxBackoffMs":5000,"errorBackoffMs":500,"errorMaxBackoffMs":30000,"leaseMs":1000,"heartbeatIntervalMs":333,"drainMs":10000,"backlogProbe":true,"sweeps":false,"externalEffects":false,"durable":true}
{"event":"worker.outbox.summary","level":"info","timestamp":"2026-10-05T13:04:31.964Z","workerId":"worker-retry-190","reason":"start","claimed":0,"processed":0,"failed":0,"deadLettered":0,"handoffs":0,"errors":0,"claimFailures":0,"leaseLost":0,"heartbeats":0,"idlePolls":0,"released":0,"lag":null,"inFlight":0}
{"event":"worker.metric","name":"worker_outbox_lag","value":0,"attributes":{"operation":"outbox"},"timestamp":"2026-10-05T13:04:31.965Z"}
{"event":"worker.idle_backoff","level":"debug","timestamp":"2026-10-05T13:04:31.965Z","workerId":"worker-retry-190","backoffMs":5,"lag":0}
{"event":"worker.metric","name":"worker_outbox_failed_total","value":1,"attributes":{"status":"failed"},"timestamp":"2026-10-05T13:04:31.965Z"}
{"event":"worker.outbox.failed","level":"info","timestamp":"2026-10-05T13:04:31.965Z","eventId":"outbox_739ac51e-679d-487d-9add-85ed09e39fbb","workerId":"worker-retry-190","status":"failed","attempt":1,"leaseLost":false,"error":"[redacted-outbox-error]","operation":"outbox"}
{"event":"worker.idle_backoff","level":"debug","timestamp":"2026-10-05T13:04:31.970Z","workerId":"worker-retry-190","backoffMs":5,"lag":0}
{"event":"worker.metric","name":"worker_outbox_processed_total","value":1,"attributes":{"status":"processed"},"timestamp":"2026-10-05T13:04:31.970Z"}
{"event":"worker.outbox.processed","level":"info","timestamp":"2026-10-05T13:04:31.970Z","eventId":"outbox_739ac51e-679d-487d-9add-85ed09e39fbb","workerId":"worker-retry-190","status":"processed","attempt":2,"leaseLost":false,"operation":"outbox"}
{"event":"worker.outbox.summary","level":"info","timestamp":"2026-10-05T13:04:31.975Z","workerId":"worker-retry-190","reason":"stop","claimed":2,"processed":1,"failed":1,"deadLettered":0,"handoffs":0,"errors":0,"claimFailures":0,"leaseLost":0,"heartbeats":0,"idlePolls":2,"released":0,"lag":0,"inFlight":0}
{"event":"worker.stopped","level":"info","timestamp":"2026-10-05T13:04:31.975Z","workerId":"worker-retry-190","drained":true,"released":0,"releaseFailed":0,"processed":1,"failed":1,"deadLettered":0,"lag":0}
{"event":"worker.started","level":"info","timestamp":"2026-10-05T13:04:31.976Z","workerId":"worker-poison-190","concurrency":1,"pollIntervalMs":5,"idleMaxBackoffMs":5000,"errorBackoffMs":500,"errorMaxBackoffMs":30000,"leaseMs":1000,"heartbeatIntervalMs":333,"drainMs":10000,"backlogProbe":true,"sweeps":false,"externalEffects":false,"durable":true}
{"event":"worker.outbox.summary","level":"info","timestamp":"2026-10-05T13:04:31.976Z","workerId":"worker-poison-190","reason":"start","claimed":0,"processed":0,"failed":0,"deadLettered":0,"handoffs":0,"errors":0,"claimFailures":0,"leaseLost":0,"heartbeats":0,"idlePolls":0,"released":0,"lag":null,"inFlight":0}
{"event":"worker.metric","name":"worker_outbox_lag","value":1,"attributes":{"operation":"outbox"},"timestamp":"2026-10-05T13:04:31.977Z"}
{"event":"worker.metric","name":"worker_outbox_dead_lettered_total","value":1,"attributes":{"status":"dead_letter"},"timestamp":"2026-10-05T13:04:31.977Z"}
{"event":"worker.outbox.dead_letter","level":"info","timestamp":"2026-10-05T13:04:31.977Z","eventId":"outbox_cb44c824-61ac-4ab9-8fe3-d6d4d9bae3e6","workerId":"worker-poison-190","status":"dead_letter","attempt":1,"leaseLost":false,"error":"[redacted-outbox-error]","operation":"outbox"}
{"event":"worker.metric","name":"worker_outbox_processed_total","value":1,"attributes":{"status":"processed"},"timestamp":"2026-10-05T13:04:31.982Z"}
{"event":"worker.outbox.processed","level":"info","timestamp":"2026-10-05T13:04:31.982Z","eventId":"outbox_c75ae0e8-9e73-48b4-9295-7a33fdd3726c","workerId":"worker-poison-190","status":"processed","attempt":1,"leaseLost":false,"operation":"outbox"}
{"event":"worker.outbox.summary","level":"info","timestamp":"2026-10-05T13:04:31.987Z","workerId":"worker-poison-190","reason":"stop","claimed":2,"processed":1,"failed":0,"deadLettered":1,"handoffs":0,"errors":0,"claimFailures":0,"leaseLost":0,"heartbeats":0,"idlePolls":0,"released":0,"lag":1,"inFlight":0}
{"event":"worker.stopped","level":"info","timestamp":"2026-10-05T13:04:31.987Z","workerId":"worker-poison-190","drained":true,"released":0,"releaseFailed":0,"processed":1,"failed":0,"deadLettered":1,"lag":1}
{"event":"worker.started","level":"info","timestamp":"2026-10-05T13:04:31.988Z","workerId":"worker-requeue-190-a","concurrency":1,"pollIntervalMs":5,"idleMaxBackoffMs":5000,"errorBackoffMs":500,"errorMaxBackoffMs":30000,"leaseMs":1000,"heartbeatIntervalMs":333,"drainMs":10000,"backlogProbe":true,"sweeps":false,"externalEffects":false,"durable":true}
{"event":"worker.outbox.summary","level":"info","timestamp":"2026-10-05T13:04:31.988Z","workerId":"worker-requeue-190-a","reason":"start","claimed":0,"processed":0,"failed":0,"deadLettered":0,"handoffs":0,"errors":0,"claimFailures":0,"leaseLost":0,"heartbeats":0,"idlePolls":0,"released":0,"lag":null,"inFlight":0}
{"event":"worker.metric","name":"worker_outbox_lag","value":0,"attributes":{"operation":"outbox"},"timestamp":"2026-10-05T13:04:31.988Z"}
{"event":"worker.metric","name":"worker_outbox_dead_lettered_total","value":1,"attributes":{"status":"dead_letter"},"timestamp":"2026-10-05T13:04:31.989Z"}
{"event":"worker.outbox.dead_letter","level":"info","timestamp":"2026-10-05T13:04:31.989Z","eventId":"outbox_ee8de51d-821b-47d1-95be-535a2588a210","workerId":"worker-requeue-190-a","status":"dead_letter","attempt":1,"leaseLost":false,"error":"[redacted-outbox-error]","operation":"outbox"}
{"event":"worker.outbox.summary","level":"info","timestamp":"2026-10-05T13:04:31.994Z","workerId":"worker-requeue-190-a","reason":"stop","claimed":1,"processed":0,"failed":0,"deadLettered":1,"handoffs":0,"errors":0,"claimFailures":0,"leaseLost":0,"heartbeats":0,"idlePolls":0,"released":0,"lag":0,"inFlight":0}
{"event":"worker.stopped","level":"info","timestamp":"2026-10-05T13:04:31.994Z","workerId":"worker-requeue-190-a","drained":true,"released":0,"releaseFailed":0,"processed":0,"failed":0,"deadLettered":1,"lag":0}
{"event":"worker.started","level":"info","timestamp":"2026-10-05T13:04:31.995Z","workerId":"worker-requeue-190-b","concurrency":1,"pollIntervalMs":5,"idleMaxBackoffMs":5000,"errorBackoffMs":500,"errorMaxBackoffMs":30000,"leaseMs":1000,"heartbeatIntervalMs":333,"drainMs":10000,"backlogProbe":true,"sweeps":false,"externalEffects":false,"durable":true}
{"event":"worker.outbox.summary","level":"info","timestamp":"2026-10-05T13:04:31.995Z","workerId":"worker-requeue-190-b","reason":"start","claimed":0,"processed":0,"failed":0,"deadLettered":0,"handoffs":0,"errors":0,"claimFailures":0,"leaseLost":0,"heartbeats":0,"idlePolls":0,"released":0,"lag":null,"inFlight":0}
{"event":"worker.metric","name":"worker_outbox_lag","value":0,"attributes":{"operation":"outbox"},"timestamp":"2026-10-05T13:04:31.996Z"}
{"event":"worker.metric","name":"worker_outbox_processed_total","value":1,"attributes":{"status":"processed"},"timestamp":"2026-10-05T13:04:31.996Z"}
{"event":"worker.outbox.processed","level":"info","timestamp":"2026-10-05T13:04:31.996Z","eventId":"outbox_ee8de51d-821b-47d1-95be-535a2588a210","workerId":"worker-requeue-190-b","status":"processed","attempt":1,"leaseLost":false,"operation":"outbox"}
{"event":"worker.outbox.summary","level":"info","timestamp":"2026-10-05T13:04:32.001Z","workerId":"worker-requeue-190-b","reason":"stop","claimed":1,"processed":1,"failed":0,"deadLettered":0,"handoffs":0,"errors":0,"claimFailures":0,"leaseLost":0,"heartbeats":0,"idlePolls":0,"released":0,"lag":0,"inFlight":0}
{"event":"worker.stopped","level":"info","timestamp":"2026-10-05T13:04:32.001Z","workerId":"worker-requeue-190-b","drained":true,"released":0,"releaseFailed":0,"processed":1,"failed":0,"deadLettered":0,"lag":0}
{"event":"worker.started","level":"info","timestamp":"2026-10-05T13:04:32.024Z","workerId":"worker-sigterm-190","concurrency":2,"pollIntervalMs":5,"idleMaxBackoffMs":5000,"errorBackoffMs":500,"errorMaxBackoffMs":30000,"leaseMs":1000,"heartbeatIntervalMs":333,"drainMs":10000,"backlogProbe":true,"sweeps":false,"externalEffects":false,"durable":true}
{"event":"worker.outbox.summary","level":"info","timestamp":"2026-10-05T13:04:32.024Z","workerId":"worker-sigterm-190","reason":"start","claimed":0,"processed":0,"failed":0,"deadLettered":0,"handoffs":0,"errors":0,"claimFailures":0,"leaseLost":0,"heartbeats":0,"idlePolls":0,"released":0,"lag":null,"inFlight":0}
{"event":"worker.metric","name":"worker_outbox_lag","value":0,"attributes":{"operation":"outbox"},"timestamp":"2026-10-05T13:04:32.025Z"}
{"event":"worker.idle_backoff","level":"debug","timestamp":"2026-10-05T13:04:32.025Z","workerId":"worker-sigterm-190","backoffMs":5,"lag":0}
{"event":"worker.metric","name":"worker_outbox_processed_total","value":1,"attributes":{"status":"processed"},"timestamp":"2026-10-05T13:04:32.050Z"}
{"event":"worker.outbox.processed","level":"info","timestamp":"2026-10-05T13:04:32.050Z","eventId":"outbox_26c155e4-dd00-43ee-b87a-a7407c431105","workerId":"worker-sigterm-190","status":"processed","attempt":1,"leaseLost":false,"operation":"outbox"}
{"event":"worker.outbox.summary","level":"info","timestamp":"2026-10-05T13:04:32.050Z","workerId":"worker-sigterm-190","reason":"stop","claimed":1,"processed":1,"failed":0,"deadLettered":0,"handoffs":0,"errors":0,"claimFailures":0,"leaseLost":0,"heartbeats":0,"idlePolls":1,"released":0,"lag":0,"inFlight":0}
{"event":"worker.stopped","level":"info","timestamp":"2026-10-05T13:04:32.050Z","workerId":"worker-sigterm-190","drained":true,"released":0,"releaseFailed":0,"processed":1,"failed":0,"deadLettered":0,"lag":0}
{"event":"worker.started","level":"info","timestamp":"2026-10-05T13:04:32.051Z","workerId":"worker-release-190-a","concurrency":2,"pollIntervalMs":5,"idleMaxBackoffMs":5000,"errorBackoffMs":500,"errorMaxBackoffMs":30000,"leaseMs":1000,"heartbeatIntervalMs":333,"drainMs":10000,"backlogProbe":true,"sweeps":false,"externalEffects":false,"durable":true}
{"event":"worker.outbox.summary","level":"info","timestamp":"2026-10-05T13:04:32.051Z","workerId":"worker-release-190-a","reason":"start","claimed":0,"processed":0,"failed":0,"deadLettered":0,"handoffs":0,"errors":0,"claimFailures":0,"leaseLost":0,"heartbeats":0,"idlePolls":0,"released":0,"lag":null,"inFlight":0}
{"event":"worker.metric","name":"worker_outbox_lag","value":0,"attributes":{"operation":"outbox"},"timestamp":"2026-10-05T13:04:32.051Z"}
{"event":"worker.idle_backoff","level":"debug","timestamp":"2026-10-05T13:04:32.051Z","workerId":"worker-release-190-a","backoffMs":5,"lag":0}
{"event":"worker.shutdown_deferred_release","level":"warn","timestamp":"2026-10-05T13:04:32.087Z","eventId":"outbox_d5d56af9-e448-40ba-bbe8-8b8e63de9aef","workerId":"worker-release-190-a","leaseAction":"expire_for_retry","operation":"outbox"}
{"event":"worker.metric","name":"worker_outbox_shutdown_releases_total","value":1,"attributes":{"outcome":"deferred"},"timestamp":"2026-10-05T13:04:32.087Z"}
{"event":"worker.outbox.summary","level":"info","timestamp":"2026-10-05T13:04:32.087Z","workerId":"worker-release-190-a","reason":"stop","claimed":1,"processed":0,"failed":0,"deadLettered":0,"handoffs":0,"errors":0,"claimFailures":0,"leaseLost":0,"heartbeats":0,"idlePolls":1,"released":0,"lag":0,"inFlight":1}
{"event":"worker.stopped","level":"info","timestamp":"2026-10-05T13:04:32.087Z","workerId":"worker-release-190-a","drained":false,"released":0,"releaseFailed":0,"processed":0,"failed":0,"deadLettered":0,"lag":0}
{"event":"worker.metric","name":"worker_outbox_processed_total","value":1,"attributes":{"status":"processed"},"timestamp":"2026-10-05T13:04:32.088Z"}
{"event":"worker.outbox.processed","level":"info","timestamp":"2026-10-05T13:04:32.088Z","eventId":"outbox_d5d56af9-e448-40ba-bbe8-8b8e63de9aef","workerId":"worker-release-190-a","status":"processed","attempt":1,"leaseLost":false,"operation":"outbox"}
{"event":"worker.started","level":"info","timestamp":"2026-10-05T13:04:32.115Z","workerId":"worker-heartbeat-renew-190","concurrency":2,"pollIntervalMs":5,"idleMaxBackoffMs":5000,"errorBackoffMs":500,"errorMaxBackoffMs":30000,"leaseMs":1000,"heartbeatIntervalMs":10,"drainMs":10000,"backlogProbe":true,"sweeps":false,"externalEffects":false,"durable":true}
{"event":"worker.outbox.summary","level":"info","timestamp":"2026-10-05T13:04:32.115Z","workerId":"worker-heartbeat-renew-190","reason":"start","claimed":0,"processed":0,"failed":0,"deadLettered":0,"handoffs":0,"errors":0,"claimFailures":0,"leaseLost":0,"heartbeats":0,"idlePolls":0,"released":0,"lag":null,"inFlight":0}
{"event":"worker.metric","name":"worker_outbox_lag","value":0,"attributes":{"operation":"outbox"},"timestamp":"2026-10-05T13:04:32.115Z"}
{"event":"worker.idle_backoff","level":"debug","timestamp":"2026-10-05T13:04:32.115Z","workerId":"worker-heartbeat-renew-190","backoffMs":5,"lag":0}
{"event":"worker.idle_backoff","level":"debug","timestamp":"2026-10-05T13:04:32.121Z","workerId":"worker-heartbeat-renew-190","backoffMs":10,"lag":0}
{"event":"worker.metric","name":"worker_outbox_heartbeats_total","value":1,"attributes":{"outcome":"renewed"},"timestamp":"2026-10-05T13:04:32.125Z"}
{"event":"worker.metric","name":"worker_outbox_processed_total","value":1,"attributes":{"status":"processed"},"timestamp":"2026-10-05T13:04:32.126Z"}
{"event":"worker.outbox.processed","level":"info","timestamp":"2026-10-05T13:04:32.126Z","eventId":"outbox_9528cff3-2c0c-457a-be0f-168b7c9f5027","workerId":"worker-heartbeat-renew-190","status":"processed","attempt":1,"leaseLost":false,"operation":"outbox"}
{"event":"worker.outbox.summary","level":"info","timestamp":"2026-10-05T13:04:32.130Z","workerId":"worker-heartbeat-renew-190","reason":"stop","claimed":1,"processed":1,"failed":0,"deadLettered":0,"handoffs":0,"errors":0,"claimFailures":0,"leaseLost":0,"heartbeats":1,"idlePolls":2,"released":0,"lag":0,"inFlight":0}
{"event":"worker.stopped","level":"info","timestamp":"2026-10-05T13:04:32.130Z","workerId":"worker-heartbeat-renew-190","drained":true,"released":0,"releaseFailed":0,"processed":1,"failed":0,"deadLettered":0,"lag":0}
{"event":"worker.started","level":"info","timestamp":"2026-10-05T13:04:32.132Z","workerId":"worker-heartbeat-failure-190","concurrency":2,"pollIntervalMs":5,"idleMaxBackoffMs":5000,"errorBackoffMs":500,"errorMaxBackoffMs":30000,"leaseMs":1000,"heartbeatIntervalMs":5,"drainMs":10000,"backlogProbe":false,"sweeps":false,"externalEffects":false,"durable":true}
{"event":"worker.outbox.summary","level":"info","timestamp":"2026-10-05T13:04:32.132Z","workerId":"worker-heartbeat-failure-190","reason":"start","claimed":0,"processed":0,"failed":0,"deadLettered":0,"handoffs":0,"errors":0,"claimFailures":0,"leaseLost":0,"heartbeats":0,"idlePolls":0,"released":0,"lag":null,"inFlight":0}
{"event":"worker.event_error","level":"error","timestamp":"2026-10-05T13:04:32.132Z","eventId":"outbox_c1ca096d-55fb-47c8-8a9a-c658f56647d3","workerId":"worker-heartbeat-failure-190","attempt":1,"error":"[redacted-outbox-error]","operation":"outbox"}
{"event":"worker.metric","name":"worker_outbox_errors_total","value":1,"attributes":{"outcome":"error"},"timestamp":"2026-10-05T13:04:32.132Z"}
{"event":"worker.idle_backoff","level":"debug","timestamp":"2026-10-05T13:04:32.132Z","workerId":"worker-heartbeat-failure-190","backoffMs":5,"lag":null}
{"event":"worker.outbox.summary","level":"info","timestamp":"2026-10-05T13:04:32.138Z","workerId":"worker-heartbeat-failure-190","reason":"stop","claimed":1,"processed":0,"failed":0,"deadLettered":0,"handoffs":0,"errors":1,"claimFailures":0,"leaseLost":0,"heartbeats":0,"idlePolls":1,"released":0,"lag":null,"inFlight":0}
{"event":"worker.stopped","level":"info","timestamp":"2026-10-05T13:04:32.138Z","workerId":"worker-heartbeat-failure-190","drained":true,"released":0,"releaseFailed":0,"processed":0,"failed":0,"deadLettered":0,"lag":null}
{"event":"worker.started","level":"info","timestamp":"2026-10-05T13:04:32.162Z","workerId":"worker-handoff-190","concurrency":2,"pollIntervalMs":5,"idleMaxBackoffMs":5000,"errorBackoffMs":500,"errorMaxBackoffMs":30000,"leaseMs":1000,"heartbeatIntervalMs":333,"drainMs":10000,"backlogProbe":true,"sweeps":false,"externalEffects":false,"durable":true}
{"event":"worker.outbox.summary","level":"info","timestamp":"2026-10-05T13:04:32.162Z","workerId":"worker-handoff-190","reason":"start","claimed":0,"processed":0,"failed":0,"deadLettered":0,"handoffs":0,"errors":0,"claimFailures":0,"leaseLost":0,"heartbeats":0,"idlePolls":0,"released":0,"lag":null,"inFlight":0}
{"event":"worker.metric","name":"worker_outbox_lag","value":0,"attributes":{"operation":"outbox"},"timestamp":"2026-10-05T13:04:32.163Z"}
{"event":"worker.idle_backoff","level":"debug","timestamp":"2026-10-05T13:04:32.163Z","workerId":"worker-handoff-190","backoffMs":5,"lag":0}
{"event":"worker.outbox.handoff","level":"warn","timestamp":"2026-10-05T13:04:32.163Z","eventId":"outbox_f82906ec-8bea-4bb8-9440-709f7f90793f","workerId":"worker-handoff-190","status":"handoff","operation":"outbox"}
{"event":"worker.metric","name":"worker_outbox_handoffs_total","value":1,"attributes":{"outcome":"handoff"},"timestamp":"2026-10-05T13:04:32.163Z"}
{"event":"worker.outbox.summary","level":"info","timestamp":"2026-10-05T13:04:32.168Z","workerId":"worker-handoff-190","reason":"stop","claimed":1,"processed":0,"failed":0,"deadLettered":0,"handoffs":1,"errors":0,"claimFailures":0,"leaseLost":0,"heartbeats":0,"idlePolls":1,"released":0,"lag":0,"inFlight":0}
{"event":"worker.stopped","level":"info","timestamp":"2026-10-05T13:04:32.168Z","workerId":"worker-handoff-190","drained":true,"released":0,"releaseFailed":0,"processed":0,"failed":0,"deadLettered":0,"lag":0}
{"event":"worker.started","level":"info","timestamp":"2026-10-05T13:04:32.232Z","workerId":"worker-stop-190","concurrency":2,"pollIntervalMs":5,"idleMaxBackoffMs":5000,"errorBackoffMs":500,"errorMaxBackoffMs":30000,"leaseMs":1000,"heartbeatIntervalMs":333,"drainMs":10000,"backlogProbe":true,"sweeps":false,"externalEffects":false,"durable":true}
{"event":"worker.outbox.summary","level":"info","timestamp":"2026-10-05T13:04:32.232Z","workerId":"worker-stop-190","reason":"start","claimed":0,"processed":0,"failed":0,"deadLettered":0,"handoffs":0,"errors":0,"claimFailures":0,"leaseLost":0,"heartbeats":0,"idlePolls":0,"released":0,"lag":null,"inFlight":0}
{"event":"worker.metric","name":"worker_outbox_lag","value":0,"attributes":{"operation":"outbox"},"timestamp":"2026-10-05T13:04:32.233Z"}
{"event":"worker.idle_backoff","level":"debug","timestamp":"2026-10-05T13:04:32.233Z","workerId":"worker-stop-190","backoffMs":5,"lag":0}
{"event":"worker.outbox.summary","level":"info","timestamp":"2026-10-05T13:04:32.233Z","workerId":"worker-stop-190","reason":"stop","claimed":0,"processed":0,"failed":0,"deadLettered":0,"handoffs":0,"errors":0,"claimFailures":0,"leaseLost":0,"heartbeats":0,"idlePolls":1,"released":0,"lag":0,"inFlight":0}
{"event":"worker.stopped","level":"info","timestamp":"2026-10-05T13:04:32.233Z","workerId":"worker-stop-190","drained":true,"released":0,"releaseFailed":0,"processed":0,"failed":0,"deadLettered":0,"lag":0}
 [32m✓[39m apps/worker/src/__tests__/continuous-worker.test.ts [2m([22m[2m28 tests[22m[2m)[22m[33m 843[2mms[22m[39m
     [33m[2m✓[22m[39m exits non-zero when the real entrypoint starts without required config [33m 464[2mms[22m[39m
 [32m✓[39m apps/web/src/__tests__/journeys-identity-race.test.tsx [2m([22m[2m13 tests[22m[2m)[22m[33m 1366[2mms[22m[39m
 [32m✓[39m apps/api/src/__tests__/identity-composition-wiring.test.ts [2m([22m[2m8 tests[22m[2m)[22m[33m 796[2mms[22m[39m
     [33m[2m✓[22m[39m fails the real entrypoint closed before resolver composition without runtime proof [33m 641[2mms[22m[39m
 [32m✓[39m packages/model-gateway/src/__tests__/gateway.test.ts [2m([22m[2m16 tests[22m[2m)[22m[33m 629[2mms[22m[39m
     [33m[2m✓[22m[39m enforces a real deadline and retries only bounded times [33m 603[2mms[22m[39m
 [32m✓[39m tests/worker-controlled-smoke.test.js [2m([22m[2m1 test[22m[2m)[22m[33m 605[2mms[22m[39m
     [33m[2m✓[22m[39m proves the configured local composition claims and acknowledges one event [33m 602[2mms[22m[39m
 [32m✓[39m tests/worker-startup-smoke.test.js [2m([22m[2m1 test[22m[2m)[22m[33m 621[2mms[22m[39m
     [33m[2m✓[22m[39m proves the real entrypoint fails closed without a queue adapter [33m 620[2mms[22m[39m
 [32m✓[39m apps/web/src/features/journeys/journeys.test.tsx [2m([22m[2m2 tests[22m[2m)[22m[33m 624[2mms[22m[39m
     [33m[2m✓[22m[39m walks identify, draft, link and approval-blocked scheduling steps [33m 547[2mms[22m[39m
 [32m✓[39m apps/web/src/features/platform/platform.test.tsx [2m([22m[2m3 tests[22m[2m)[22m[33m 714[2mms[22m[39m
     [33m[2m✓[22m[39m creates a declarative draft without exposing provider secrets [33m 391[2mms[22m[39m
 [32m✓[39m apps/web/src/features/platform/release-candidate-ledger.test.tsx [2m([22m[2m1 test[22m[2m)[22m[33m 876[2mms[22m[39m
     [33m[2m✓[22m[39m records and validates controlled evidence without mutating the version [33m 874[2mms[22m[39m
 [32m✓[39m apps/api/src/__tests__/branches-b-20260925.test.ts [2m([22m[2m54 tests[22m[2m)[22m[33m 576[2mms[22m[39m
 [32m✓[39m tests/docs-integrity.test.js [2m([22m[2m12 tests[22m[2m)[22m[33m 440[2mms[22m[39m
 [32m✓[39m apps/web/src/features/platform/knowledge-source-catalog.test.tsx [2m([22m[2m1 test[22m[2m)[22m[33m 559[2mms[22m[39m
     [33m[2m✓[22m[39m loads, creates and approves metadata without editing an agent snapshot [33m 557[2mms[22m[39m
 [32m✓[39m apps/web/src/features/platform/handoff-policy-control-center.test.tsx [2m([22m[2m2 tests[22m[2m)[22m[33m 531[2mms[22m[39m
     [33m[2m✓[22m[39m edits thresholds, destinations and priority through a new version [33m 391[2mms[22m[39m
 [32m✓[39m apps/api/src/__tests__/platform-control-plane.test.ts [2m([22m[2m9 tests[22m[2m)[22m[33m 400[2mms[22m[39m
 [32m✓[39m apps/web/src/__tests__/attendance-approval-conflict.test.tsx [2m([22m[2m2 tests[22m[2m)[22m[33m 486[2mms[22m[39m
     [33m[2m✓[22m[39m refreshes the queue and shows the winning state with a recovery message [33m 365[2mms[22m[39m
 [32m✓[39m apps/web/src/__tests__/audit-checkpoint-app.test.tsx [2m([22m[2m1 test[22m[2m)[22m[33m 416[2mms[22m[39m
     [33m[2m✓[22m[39m seals the loaded evidence page and archives it with CAS [33m 415[2mms[22m[39m
 [32m✓[39m apps/web/src/features/orchestration/orchestration.test.tsx [2m([22m[2m6 tests[22m[2m)[22m[33m 399[2mms[22m[39m
 [32m✓[39m tests/phase11-formal-certification.test.js [2m([22m[2m14 tests[22m[2m)[22m[33m 304[2mms[22m[39m
 [32m✓[39m tests/critic-evidence.test.js [2m([22m[2m12 tests[22m[2m)[22m[32m 287[2mms[22m[39m
 [32m✓[39m tests/aud19-external-evidence.test.js [2m([22m[2m4 tests[22m[2m)[22m[32m 297[2mms[22m[39m
 [32m✓[39m apps/api/src/__tests__/server-boundary-envelope.test.ts [2m([22m[2m12 tests[22m[2m)[22m[32m 285[2mms[22m[39m
 [32m✓[39m apps/web/src/features/platform/prompt-profile-control-center.test.tsx [2m([22m[2m1 test[22m[2m)[22m[33m 357[2mms[22m[39m
     [33m[2m✓[22m[39m clones edited blocks/templates and preserves the kernel block [33m 356[2mms[22m[39m
 [32m✓[39m apps/api/src/__tests__/inbound-runtime-edges.test.ts [2m([22m[2m5 tests[22m[2m)[22m[32m 266[2mms[22m[39m
 [32m✓[39m apps/api/src/__tests__/published-runtime-integration.test.ts [2m([22m[2m6 tests[22m[2m)[22m[32m 290[2mms[22m[39m
 [32m✓[39m apps/api/src/__tests__/platform-admin-routes-coverage.test.ts [2m([22m[2m7 tests[22m[2m)[22m[33m 329[2mms[22m[39m
 [32m✓[39m packages/agent-runtime/src/__tests__/orchestration.test.ts [2m([22m[2m18 tests[22m[2m)[22m[32m 218[2mms[22m[39m
 [32m✓[39m apps/api/src/__tests__/publish-evidence-authority.test.ts [2m([22m[2m3 tests[22m[2m)[22m[32m 237[2mms[22m[39m
 [32m✓[39m apps/api/src/__tests__/production-boundary.test.ts [2m([22m[2m9 tests[22m[2m)[22m[32m 232[2mms[22m[39m
 [32m✓[39m apps/api/src/__tests__/capability-approval-api.test.ts [2m([22m[2m4 tests[22m[2m)[22m[32m 216[2mms[22m[39m
 [32m✓[39m apps/web/src/features/dead-letters/dead-letters.test.tsx [2m([22m[2m4 tests[22m[2m)[22m[32m 252[2mms[22m[39m
 [32m✓[39m apps/api/src/__tests__/webhook-security.test.ts [2m([22m[2m17 tests[22m[2m)[22m[33m 332[2mms[22m[39m
 [32m✓[39m apps/api/src/http-security.test.ts [2m([22m[2m10 tests[22m[2m)[22m[32m 226[2mms[22m[39m
 [32m✓[39m apps/api/src/http-target-boundary.test.ts [2m([22m[2m8 tests[22m[2m)[22m[32m 213[2mms[22m[39m
 [32m✓[39m apps/api/src/__tests__/attendance-approval-atomic.test.ts [2m([22m[2m6 tests[22m[2m)[22m[32m 210[2mms[22m[39m
 [32m✓[39m apps/api/src/__tests__/build-server-from-env-boundary.test.ts [2m([22m[2m8 tests[22m[2m)[22m[32m 245[2mms[22m[39m
 [32m✓[39m apps/api/src/internal-task-field-boundary.test.ts [2m([22m[2m8 tests[22m[2m)[22m[32m 222[2mms[22m[39m
 [32m✓[39m apps/api/src/__tests__/journey-routes-coverage.test.ts [2m([22m[2m4 tests[22m[2m)[22m[32m 202[2mms[22m[39m
 [32m✓[39m apps/api/src/__tests__/identity-trusted-resolver.test.ts [2m([22m[2m7 tests[22m[2m)[22m[32m 206[2mms[22m[39m
 [32m✓[39m apps/api/src/__tests__/secretary-bootstrap.test.ts [2m([22m[2m2 tests[22m[2m)[22m[32m 177[2mms[22m[39m
 [32m✓[39m packages/agent-runtime/src/__tests__/runtime-execution-recovery.test.ts [2m([22m[2m76 tests[22m[2m)[22m[32m 203[2mms[22m[39m
 [32m✓[39m apps/api/src/__tests__/task-lifecycle.test.ts [2m([22m[2m3 tests[22m[2m)[22m[32m 186[2mms[22m[39m
 [32m✓[39m apps/api/src/__tests__/operator-identity-rbac.test.ts [2m([22m[2m6 tests[22m[2m)[22m[32m 222[2mms[22m[39m
 [32m✓[39m apps/api/src/__tests__/runtime-approval-routes.test.ts [2m([22m[2m4 tests[22m[2m)[22m[32m 189[2mms[22m[39m
 [32m✓[39m packages/chaos/src/__tests__/chaos.test.ts [2m([22m[2m15 tests[22m[2m)[22m[32m 181[2mms[22m[39m
 [32m✓[39m tests/architecture.test.js [2m([22m[2m7 tests[22m[2m)[22m[32m 186[2mms[22m[39m
 [32m✓[39m apps/api/src/__tests__/operator-replay-guard.test.ts [2m([22m[2m5 tests[22m[2m)[22m[32m 292[2mms[22m[39m
 [32m✓[39m apps/api/src/__tests__/tenant-inbound-isolation.test.ts [2m([22m[2m4 tests[22m[2m)[22m[32m 192[2mms[22m[39m
 [32m✓[39m tests/aud20-10-composition.test.ts [2m([22m[2m13 tests[22m[2m)[22m[32m 191[2mms[22m[39m
 [32m✓[39m tests/phase11-2-certification.test.js [2m([22m[2m5 tests[22m[2m)[22m[32m 180[2mms[22m[39m
 [32m✓[39m packages/channel-gateway/src/__tests__/channel-effect-malformed-version.test.ts [2m([22m[2m6 tests[22m[2m)[22m[32m 170[2mms[22m[39m
 [32m✓[39m packages/model-gateway/src/__tests__/local-http-providers.test.ts [2m([22m[2m12 tests[22m[2m)[22m[32m 176[2mms[22m[39m
 [32m✓[39m apps/api/src/__tests__/rate-limit.test.ts [2m([22m[2m5 tests[22m[2m)[22m[32m 196[2mms[22m[39m
 [32m✓[39m apps/api/src/rem-risk-boundary.test.ts [2m([22m[2m2 tests[22m[2m)[22m[32m 180[2mms[22m[39m
 [32m✓[39m apps/api/src/audit-filter-duplicate-boundary.test.ts [2m([22m[2m6 tests[22m[2m)[22m[32m 197[2mms[22m[39m
 [32m✓[39m apps/api/src/approval-request-field-boundary.test.ts [2m([22m[2m5 tests[22m[2m)[22m[32m 184[2mms[22m[39m
 [32m✓[39m apps/web/src/features/tasks/tasks.test.tsx [2m([22m[2m2 tests[22m[2m)[22m[32m 194[2mms[22m[39m
 [32m✓[39m apps/api/src/__tests__/audit-evidence.test.ts [2m([22m[2m4 tests[22m[2m)[22m[32m 197[2mms[22m[39m
 [32m✓[39m apps/api/src/__tests__/orchestration-observability.test.ts [2m([22m[2m5 tests[22m[2m)[22m[32m 184[2mms[22m[39m
 [32m✓[39m apps/api/src/response-correlation.test.ts [2m([22m[2m6 tests[22m[2m)[22m[32m 188[2mms[22m[39m
 [32m✓[39m tests/aud20-05-resource-attestation-check.test.js [2m([22m[2m8 tests[22m[2m)[22m[32m 144[2mms[22m[39m
 [32m✓[39m apps/api/src/__tests__/http-security-edge-branches.test.ts [2m([22m[2m4 tests[22m[2m)[22m[32m 200[2mms[22m[39m
 [32m✓[39m apps/web/src/features/approvals/approvals.test.tsx [2m([22m[2m3 tests[22m[2m)[22m[32m 189[2mms[22m[39m
 [32m✓[39m apps/api/src/__tests__/knowledge-input-boundary.test.ts [2m([22m[2m2 tests[22m[2m)[22m[32m 178[2mms[22m[39m
 [32m✓[39m apps/api/src/__tests__/test-suite-catalog.test.ts [2m([22m[2m1 test[22m[2m)[22m[32m 167[2mms[22m[39m
 [32m✓[39m apps/api/src/__tests__/outbox-routes.test.ts [2m([22m[2m3 tests[22m[2m)[22m[32m 161[2mms[22m[39m
 [32m✓[39m apps/api/src/__tests__/postgres-persistence-mode.test.ts [2m([22m[2m25 tests[22m[2m)[22m[33m 5394[2mms[22m[39m
     [33m[2m✓[22m[39m commits and rolls back the tenant-scoped runtime finalizer atomically [33m 1012[2mms[22m[39m
     [33m[2m✓[22m[39m validates tenant-scoped startup with separate migration and runtime roles [33m 1176[2mms[22m[39m
     [33m[2m✓[22m[39m runs inbound, timeline, task, approval and audit endpoints against PostgreSQL when configured [33m 995[2mms[22m[39m
     [33m[2m✓[22m[39m keeps PostgreSQL inbound idempotency isolated by tenant [33m 943[2mms[22m[39m
     [33m[2m✓[22m[39m keeps human takeover and session continuation fail-closed on PostgreSQL [33m 1052[2mms[22m[39m
 [32m✓[39m apps/api/src/__tests__/audit-evidence-checkpoint.test.ts [2m([22m[2m2 tests[22m[2m)[22m[32m 169[2mms[22m[39m
 [32m✓[39m apps/api/src/http-request-boundary.test.ts [2m([22m[2m8 tests[22m[2m)[22m[32m 175[2mms[22m[39m
 [32m✓[39m apps/web/src/features/conversations/timeline.test.tsx [2m([22m[2m2 tests[22m[2m)[22m[32m 186[2mms[22m[39m
 [32m✓[39m apps/api/src/pagination-boundary.test.ts [2m([22m[2m5 tests[22m[2m)[22m[32m 172[2mms[22m[39m
 [32m✓[39m apps/api/src/__tests__/durable-inbound.test.ts [2m([22m[2m3 tests[22m[2m)[22m[32m 171[2mms[22m[39m
 [32m✓[39m apps/api/src/__tests__/release-candidate-ledger.test.ts [2m([22m[2m2 tests[22m[2m)[22m[32m 160[2mms[22m[39m
{"event":"worker.sweep_tick","level":"info","timestamp":"2026-10-05T13:06:10.332Z","now":"2026-09-13T00:00:00.000Z","journalReleased":1,"approvalsReleased":2,"approvalsUncertain":1,"goalsInspected":0,"goalsResumed":0,"goalsSkipped":0,"goalsCompleted":0,"goalRecoveryFailures":0,"durationMs":0,"operation":"sweep"}
{"event":"worker.metric","name":"worker_sweep_journal_released_total","value":1,"attributes":{"operation":"sweep"},"timestamp":"2026-10-05T13:06:10.334Z"}
{"event":"worker.metric","name":"worker_sweep_approvals_released_total","value":2,"attributes":{"status":"released"},"timestamp":"2026-10-05T13:06:10.334Z"}
{"event":"worker.metric","name":"worker_sweep_approvals_uncertain_total","value":1,"attributes":{"status":"uncertain"},"timestamp":"2026-10-05T13:06:10.334Z"}
{"event":"worker.metric","name":"worker_sweep_goals_inspected_total","value":0,"attributes":{"operation":"goal_recovery"},"timestamp":"2026-10-05T13:06:10.334Z"}
{"event":"worker.metric","name":"worker_sweep_goals_resumed_total","value":0,"attributes":{"operation":"goal_recovery"},"timestamp":"2026-10-05T13:06:10.334Z"}
{"event":"worker.metric","name":"worker_sweep_goals_completed_total","value":0,"attributes":{"operation":"goal_recovery"},"timestamp":"2026-10-05T13:06:10.334Z"}
{"event":"worker.metric","name":"worker_sweep_goal_recovery_failures_total","value":0,"attributes":{"operation":"goal_recovery"},"timestamp":"2026-10-05T13:06:10.334Z"}
{"event":"worker.started","level":"info","timestamp":"2026-10-05T13:06:10.336Z","workerId":"worker-sweeps-191","concurrency":2,"pollIntervalMs":5,"idleMaxBackoffMs":5000,"errorBackoffMs":500,"errorMaxBackoffMs":30000,"leaseMs":1000,"heartbeatIntervalMs":333,"drainMs":10000,"backlogProbe":true,"sweeps":true,"externalEffects":false,"durable":true}
{"event":"worker.sweep_started","level":"info","timestamp":"2026-10-05T13:06:10.336Z","intervalMs":10,"operation":"sweep"}
{"event":"worker.outbox.summary","level":"info","timestamp":"2026-10-05T13:06:10.336Z","workerId":"worker-sweeps-191","reason":"start","claimed":0,"processed":0,"failed":0,"deadLettered":0,"handoffs":0,"errors":0,"claimFailures":0,"leaseLost":0,"heartbeats":0,"idlePolls":0,"released":0,"lag":null,"inFlight":0}
{"event":"worker.metric","name":"worker_outbox_lag","value":0,"attributes":{"operation":"outbox"},"timestamp":"2026-10-05T13:06:10.337Z"}
{"event":"worker.idle_backoff","level":"debug","timestamp":"2026-10-05T13:06:10.337Z","workerId":"worker-sweeps-191","backoffMs":5,"lag":0}
{"event":"worker.idle_backoff","level":"debug","timestamp":"2026-10-05T13:06:10.342Z","workerId":"worker-sweeps-191","backoffMs":10,"lag":0}
{"event":"worker.sweep_tick","level":"info","timestamp":"2026-10-05T13:06:10.347Z","now":"2026-10-05T13:06:10.347Z","journalReleased":0,"approvalsReleased":0,"approvalsUncertain":0,"goalsInspected":0,"goalsResumed":0,"goalsSkipped":0,"goalsCompleted":0,"goalRecoveryFailures":0,"durationMs":0,"operation":"sweep"}
{"event":"worker.metric","name":"worker_sweep_journal_released_total","value":0,"attributes":{"operation":"sweep"},"timestamp":"2026-10-05T13:06:10.347Z"}
{"event":"worker.metric","name":"worker_sweep_approvals_released_total","value":0,"attributes":{"status":"released"},"timestamp":"2026-10-05T13:06:10.347Z"}
{"event":"worker.metric","name":"worker_sweep_approvals_uncertain_total","value":0,"attributes":{"status":"uncertain"},"timestamp":"2026-10-05T13:06:10.347Z"}
{"event":"worker.metric","name":"worker_sweep_goals_inspected_total","value":0,"attributes":{"operation":"goal_recovery"},"timestamp":"2026-10-05T13:06:10.347Z"}
{"event":"worker.metric","name":"worker_sweep_goals_resumed_total","value":0,"attributes":{"operation":"goal_recovery"},"timestamp":"2026-10-05T13:06:10.347Z"}
{"event":"worker.metric","name":"worker_sweep_goals_completed_total","value":0,"attributes":{"operation":"goal_recovery"},"timestamp":"2026-10-05T13:06:10.347Z"}
{"event":"worker.metric","name":"worker_sweep_goal_recovery_failures_total","value":0,"attributes":{"operation":"goal_recovery"},"timestamp":"2026-10-05T13:06:10.347Z"}
{"event":"worker.sweep_stopped","level":"info","timestamp":"2026-10-05T13:06:10.347Z","operation":"sweep"}
{"event":"worker.outbox.summary","level":"info","timestamp":"2026-10-05T13:06:10.347Z","workerId":"worker-sweeps-191","reason":"stop","claimed":0,"processed":0,"failed":0,"deadLettered":0,"handoffs":0,"errors":0,"claimFailures":0,"leaseLost":0,"heartbeats":0,"idlePolls":2,"released":0,"lag":0,"inFlight":0}
{"event":"worker.stopped","level":"info","timestamp":"2026-10-05T13:06:10.347Z","workerId":"worker-sweeps-191","drained":true,"released":0,"releaseFailed":0,"processed":0,"failed":0,"deadLettered":0,"lag":0}
 [32m✓[39m apps/worker/src/__tests__/worker-sweeps.test.ts [2m([22m[2m7 tests[22m[2m)[22m[32m 144[2mms[22m[39m
 [32m✓[39m apps/api/src/metrics-exposure.test.ts [2m([22m[2m2 tests[22m[2m)[22m[32m 171[2mms[22m[39m
 [32m✓[39m apps/api/src/__tests__/plugin-catalog.test.ts [2m([22m[2m1 test[22m[2m)[22m[32m 139[2mms[22m[39m
 [32m✓[39m apps/api/src/approval-decision-note-field-boundary.test.ts [2m([22m[2m3 tests[22m[2m)[22m[32m 148[2mms[22m[39m
 [32m✓[39m apps/api/src/__tests__/audit-evidence-checkpoint-boundary.test.ts [2m([22m[2m2 tests[22m[2m)[22m[32m 167[2mms[22m[39m
 [32m✓[39m apps/api/src/__tests__/health.test.ts [2m([22m[2m2 tests[22m[2m)[22m[32m 155[2mms[22m[39m
 [32m✓[39m apps/api/src/__tests__/conversation-list.test.ts [2m([22m[2m2 tests[22m[2m)[22m[32m 154[2mms[22m[39m
 [32m✓[39m apps/web/src/features/conversations/conversations.test.tsx [2m([22m[2m1 test[22m[2m)[22m[32m 151[2mms[22m[39m
 [32m✓[39m apps/api/src/__tests__/journeys-api.test.ts [2m([22m[2m1 test[22m[2m)[22m[32m 139[2mms[22m[39m
 [32m✓[39m apps/api/src/prompt-profile-error-boundary.test.ts [2m([22m[2m4 tests[22m[2m)[22m[32m 149[2mms[22m[39m
 [32m✓[39m packages/platform/src/__tests__/critical-safety-preflight.test.ts [2m([22m[2m9 tests[22m[2m)[22m[32m 176[2mms[22m[39m
 [32m✓[39m apps/api/src/__tests__/correlation.test.ts [2m([22m[2m1 test[22m[2m)[22m[32m 145[2mms[22m[39m
 [32m✓[39m apps/web/src/features/audit/audit-checkpoint.test.tsx [2m([22m[2m1 test[22m[2m)[22m[32m 146[2mms[22m[39m
 [32m✓[39m apps/api/src/__tests__/small-module-boundaries.test.ts [2m([22m[2m8 tests[22m[2m)[22m[32m 157[2mms[22m[39m
 [32m✓[39m apps/api/src/__tests__/audit-route.integration.test.ts [2m([22m[2m1 test[22m[2m)[22m[32m 146[2mms[22m[39m
 [32m✓[39m apps/api/src/__tests__/aud17-connected-redteam.test.ts [2m([22m[2m1 test[22m[2m)[22m[32m 133[2mms[22m[39m
 [32m✓[39m apps/api/src/__tests__/observability.test.ts [2m([22m[2m1 test[22m[2m)[22m[32m 133[2mms[22m[39m
 [32m✓[39m tests/e2e/critical-flows.test.ts [2m([22m[2m1 test[22m[2m)[22m[32m 131[2mms[22m[39m
 [32m✓[39m apps/api/src/request-metrics.test.ts [2m([22m[2m3 tests[22m[2m)[22m[32m 139[2mms[22m[39m
 [32m✓[39m apps/api/src/__tests__/approval-actions.test.ts [2m([22m[2m1 test[22m[2m)[22m[32m 136[2mms[22m[39m
 [32m✓[39m apps/api/src/__tests__/knowledge-source-catalog.test.ts [2m([22m[2m1 test[22m[2m)[22m[32m 136[2mms[22m[39m
 [32m✓[39m packages/shared/src/__tests__/lifecycle.test.ts [2m([22m[2m5 tests[22m[2m)[22m[32m 111[2mms[22m[39m
 [32m✓[39m packages/channel-gateway/src/__tests__/channel-effect-journal-edges.test.ts [2m([22m[2m9 tests[22m[2m)[22m[32m 104[2mms[22m[39m
 [32m✓[39m tests/aud20-05-replay-grants-probe.test.js [2m([22m[2m6 tests[22m[2m)[22m[32m 105[2mms[22m[39m
 [32m✓[39m packages/platform/src/__tests__/platform-foundation.test.ts [2m([22m[2m20 tests[22m[2m)[22m[32m 115[2mms[22m[39m
 [32m✓[39m packages/platform/src/__tests__/safety-assessment.test.ts [2m([22m[2m29 tests[22m[2m)[22m[32m 98[2mms[22m[39m
 [32m✓[39m packages/platform/src/__tests__/branches-b-20260925.test.ts [2m([22m[2m25 tests[22m[2m)[22m[32m 90[2mms[22m[39m
 [32m✓[39m packages/agent-runtime/src/__tests__/runtime-kernel-coverage.test.ts [2m([22m[2m40 tests[22m[2m)[22m[32m 76[2mms[22m[39m
 [32m✓[39m packages/agent-runtime/src/__tests__/runtime-branch-hardening.test.ts [2m([22m[2m35 tests[22m[2m)[22m[32m 90[2mms[22m[39m
 [32m✓[39m packages/agent-runtime/src/__tests__/runtime-journal.test.ts [2m([22m[2m19 tests[22m[2m)[22m[32m 106[2mms[22m[39m
 [32m✓[39m packages/agent-runtime/src/__tests__/effect-journal.test.ts [2m([22m[2m41 tests[22m[2m)[22m[32m 62[2mms[22m[39m
 [32m✓[39m packages/channel-gateway/src/__tests__/channel-coverage-journal-hardening.test.ts [2m([22m[2m12 tests[22m[2m)[22m[32m 69[2mms[22m[39m
 [32m✓[39m apps/worker/src/__tests__/postgres-controlled-hardening.test.ts [2m([22m[2m8 tests[22m[2m)[22m[32m 74[2mms[22m[39m
 [32m✓[39m packages/shared/src/__tests__/shared-branches-hardening.test.ts [2m([22m[2m16 tests[22m[2m)[22m[32m 74[2mms[22m[39m
 [32m✓[39m packages/channel-gateway/src/__tests__/channel-coverage-gateway-journal-paths.test.ts [2m([22m[2m16 tests[22m[2m)[22m[32m 68[2mms[22m[39m
 [32m✓[39m apps/worker/src/__tests__/postgres-role-preflight-fake-20260925.test.ts [2m([22m[2m22 tests[22m[2m)[22m[32m 67[2mms[22m[39m
 [32m✓[39m apps/worker/src/__tests__/postgres-controlled.test.ts [2m([22m[2m6 tests[22m[2m)[22m[32m 59[2mms[22m[39m
 [32m✓[39m apps/worker/src/__tests__/published-worker-runtime.test.ts [2m([22m[2m9 tests[22m[2m)[22m[32m 47[2mms[22m[39m
{"event":"worker.outbox.summary","level":"info","timestamp":"2026-10-05T13:06:50.547Z","workerId":"worker-branches-b","reason":"stop","claimed":0,"processed":0,"failed":0,"deadLettered":0,"handoffs":0,"errors":0,"claimFailures":0,"leaseLost":0,"heartbeats":0,"idlePolls":0,"released":0,"lag":null,"inFlight":0}
{"event":"worker.stopped","level":"info","timestamp":"2026-10-05T13:06:50.549Z","workerId":"worker-branches-b","drained":true,"released":0,"releaseFailed":0,"processed":0,"failed":0,"deadLettered":0,"lag":null}
{"event":"worker.started","level":"info","timestamp":"2026-10-05T13:06:50.550Z","workerId":"worker-branches-b","concurrency":2,"pollIntervalMs":5,"idleMaxBackoffMs":5000,"errorBackoffMs":500,"errorMaxBackoffMs":30000,"leaseMs":1000,"heartbeatIntervalMs":333,"drainMs":50,"backlogProbe":true,"sweeps":false,"externalEffects":false,"durable":true}
{"event":"worker.outbox.summary","level":"info","timestamp":"2026-10-05T13:06:50.550Z","workerId":"worker-branches-b","reason":"start","claimed":0,"processed":0,"failed":0,"deadLettered":0,"handoffs":0,"errors":0,"claimFailures":0,"leaseLost":0,"heartbeats":0,"idlePolls":0,"released":0,"lag":null,"inFlight":0}
{"event":"worker.metric","name":"worker_outbox_lag","value":0,"attributes":{"operation":"outbox"},"timestamp":"2026-10-05T13:06:50.550Z"}
{"event":"worker.idle_backoff","level":"debug","timestamp":"2026-10-05T13:06:50.550Z","workerId":"worker-branches-b","backoffMs":5,"lag":0}
{"event":"worker.outbox.summary","level":"info","timestamp":"2026-10-05T13:06:50.551Z","workerId":"worker-branches-b","reason":"stop","claimed":0,"processed":0,"failed":0,"deadLettered":0,"handoffs":0,"errors":0,"claimFailures":0,"leaseLost":0,"heartbeats":0,"idlePolls":1,"released":0,"lag":0,"inFlight":0}
{"event":"worker.stopped","level":"info","timestamp":"2026-10-05T13:06:50.551Z","workerId":"worker-branches-b","drained":true,"released":0,"releaseFailed":0,"processed":0,"failed":0,"deadLettered":0,"lag":0}
{"event":"worker.started","level":"info","timestamp":"2026-10-05T13:06:50.551Z","workerId":"worker-branches-b","concurrency":2,"pollIntervalMs":5,"idleMaxBackoffMs":5000,"errorBackoffMs":500,"errorMaxBackoffMs":30000,"leaseMs":1000,"heartbeatIntervalMs":333,"drainMs":50,"backlogProbe":true,"sweeps":false,"externalEffects":false,"durable":true}
{"event":"worker.outbox.summary","level":"info","timestamp":"2026-10-05T13:06:50.551Z","workerId":"worker-branches-b","reason":"start","claimed":0,"processed":0,"failed":0,"deadLettered":0,"handoffs":0,"errors":0,"claimFailures":0,"leaseLost":0,"heartbeats":0,"idlePolls":0,"released":0,"lag":null,"inFlight":0}
{"event":"worker.metric","name":"worker_outbox_lag","value":0,"attributes":{"operation":"outbox"},"timestamp":"2026-10-05T13:06:50.551Z"}
{"event":"worker.idle_backoff","level":"debug","timestamp":"2026-10-05T13:06:50.551Z","workerId":"worker-branches-b","backoffMs":5,"lag":0}
{"event":"worker.outbox.summary","level":"info","timestamp":"2026-10-05T13:06:50.551Z","workerId":"worker-branches-b","reason":"stop","claimed":0,"processed":0,"failed":0,"deadLettered":0,"handoffs":0,"errors":0,"claimFailures":0,"leaseLost":0,"heartbeats":0,"idlePolls":1,"released":0,"lag":0,"inFlight":0}
{"event":"worker.stopped","level":"info","timestamp":"2026-10-05T13:06:50.551Z","workerId":"worker-branches-b","drained":true,"released":0,"releaseFailed":0,"processed":0,"failed":0,"deadLettered":0,"lag":0}
{"event":"worker.started","level":"info","timestamp":"2026-10-05T13:06:50.551Z","workerId":"worker-branches-b","concurrency":2,"pollIntervalMs":5,"idleMaxBackoffMs":5000,"errorBackoffMs":500,"errorMaxBackoffMs":30000,"leaseMs":1000,"heartbeatIntervalMs":333,"drainMs":50,"backlogProbe":true,"sweeps":false,"externalEffects":false,"durable":true}
{"event":"worker.outbox.summary","level":"info","timestamp":"2026-10-05T13:06:50.552Z","workerId":"worker-branches-b","reason":"start","claimed":0,"processed":0,"failed":0,"deadLettered":0,"handoffs":0,"errors":0,"claimFailures":0,"leaseLost":0,"heartbeats":0,"idlePolls":0,"released":0,"lag":null,"inFlight":0}
{"event":"worker.metric","name":"worker_outbox_lag","value":0,"attributes":{"operation":"outbox"},"timestamp":"2026-10-05T13:06:50.552Z"}
{"event":"worker.idle_backoff","level":"debug","timestamp":"2026-10-05T13:06:50.552Z","workerId":"worker-branches-b","backoffMs":5,"lag":0}
{"event":"worker.outbox.summary","level":"info","timestamp":"2026-10-05T13:06:50.552Z","workerId":"worker-branches-b","reason":"stop","claimed":0,"processed":0,"failed":0,"deadLettered":0,"handoffs":0,"errors":0,"claimFailures":0,"leaseLost":0,"heartbeats":0,"idlePolls":1,"released":0,"lag":0,"inFlight":0}
{"event":"worker.stopped","level":"info","timestamp":"2026-10-05T13:06:50.552Z","workerId":"worker-branches-b","drained":true,"released":0,"releaseFailed":0,"processed":0,"failed":0,"deadLettered":0,"lag":0}
{"event":"worker.started","level":"info","timestamp":"2026-10-05T13:06:50.552Z","workerId":"worker-branches-b","concurrency":2,"pollIntervalMs":5,"idleMaxBackoffMs":5000,"errorBackoffMs":500,"errorMaxBackoffMs":30000,"leaseMs":1000,"heartbeatIntervalMs":333,"drainMs":50,"backlogProbe":true,"sweeps":false,"externalEffects":false,"durable":true}
{"event":"worker.outbox.summary","level":"info","timestamp":"2026-10-05T13:06:50.552Z","workerId":"worker-branches-b","reason":"start","claimed":0,"processed":0,"failed":0,"deadLettered":0,"handoffs":0,"errors":0,"claimFailures":0,"leaseLost":0,"heartbeats":0,"idlePolls":0,"released":0,"lag":null,"inFlight":0}
{"event":"worker.metric","name":"worker_outbox_lag","value":0,"attributes":{"operation":"outbox"},"timestamp":"2026-10-05T13:06:50.552Z"}
{"event":"worker.idle_backoff","level":"debug","timestamp":"2026-10-05T13:06:50.552Z","workerId":"worker-branches-b","backoffMs":5,"lag":0}
{"event":"worker.outbox.summary","level":"info","timestamp":"2026-10-05T13:06:50.552Z","workerId":"worker-branches-b","reason":"stop","claimed":0,"processed":0,"failed":0,"deadLettered":0,"handoffs":0,"errors":0,"claimFailures":0,"leaseLost":0,"heartbeats":0,"idlePolls":1,"released":0,"lag":0,"inFlight":0}
{"event":"worker.stopped","level":"info","timestamp":"2026-10-05T13:06:50.552Z","workerId":"worker-branches-b","drained":true,"released":0,"releaseFailed":0,"processed":0,"failed":0,"deadLettered":0,"lag":0}
{"event":"worker.started","level":"info","timestamp":"2026-10-05T13:06:50.553Z","workerId":"worker-branches-b","concurrency":2,"pollIntervalMs":5,"idleMaxBackoffMs":5000,"errorBackoffMs":500,"errorMaxBackoffMs":30000,"leaseMs":1000,"heartbeatIntervalMs":333,"drainMs":50,"backlogProbe":true,"sweeps":false,"externalEffects":false,"durable":true}
{"event":"worker.outbox.summary","level":"info","timestamp":"2026-10-05T13:06:50.553Z","workerId":"worker-branches-b","reason":"start","claimed":0,"processed":0,"failed":0,"deadLettered":0,"handoffs":0,"errors":0,"claimFailures":0,"leaseLost":0,"heartbeats":0,"idlePolls":0,"released":0,"lag":null,"inFlight":0}
{"event":"worker.metric","name":"worker_outbox_lag","value":0,"attributes":{"operation":"outbox"},"timestamp":"2026-10-05T13:06:50.553Z"}
{"event":"worker.idle_backoff","level":"debug","timestamp":"2026-10-05T13:06:50.553Z","workerId":"worker-branches-b","backoffMs":5,"lag":0}
{"event":"worker.outbox.summary","level":"info","timestamp":"2026-10-05T13:06:50.553Z","workerId":"worker-branches-b","reason":"stop","claimed":0,"processed":0,"failed":0,"deadLettered":0,"handoffs":0,"errors":0,"claimFailures":0,"leaseLost":0,"heartbeats":0,"idlePolls":1,"released":0,"lag":0,"inFlight":0}
{"event":"worker.stopped","level":"info","timestamp":"2026-10-05T13:06:50.553Z","workerId":"worker-branches-b","drained":true,"released":0,"releaseFailed":0,"processed":0,"failed":0,"deadLettered":0,"lag":0}
{"event":"worker.started","level":"info","timestamp":"2026-10-05T13:06:50.553Z","workerId":"worker-branches-b","concurrency":2,"pollIntervalMs":5,"idleMaxBackoffMs":5000,"errorBackoffMs":500,"errorMaxBackoffMs":30000,"leaseMs":1000,"heartbeatIntervalMs":333,"drainMs":50,"backlogProbe":true,"sweeps":true,"externalEffects":false,"durable":true}
{"event":"worker.outbox.summary","level":"info","timestamp":"2026-10-05T13:06:50.553Z","workerId":"worker-branches-b","reason":"start","claimed":0,"processed":0,"failed":0,"deadLettered":0,"handoffs":0,"errors":0,"claimFailures":0,"leaseLost":0,"heartbeats":0,"idlePolls":0,"released":0,"lag":null,"inFlight":0}
{"event":"worker.metric","name":"worker_outbox_lag","value":0,"attributes":{"operation":"outbox"},"timestamp":"2026-10-05T13:06:50.554Z"}
{"event":"worker.idle_backoff","level":"debug","timestamp":"2026-10-05T13:06:50.554Z","workerId":"worker-branches-b","backoffMs":5,"lag":0}
{"event":"worker.outbox.summary","level":"info","timestamp":"2026-10-05T13:06:50.554Z","workerId":"worker-branches-b","reason":"stop","claimed":0,"processed":0,"failed":0,"deadLettered":0,"handoffs":0,"errors":0,"claimFailures":0,"leaseLost":0,"heartbeats":0,"idlePolls":1,"released":0,"lag":0,"inFlight":0}
{"event":"worker.stopped","level":"info","timestamp":"2026-10-05T13:06:50.554Z","workerId":"worker-branches-b","drained":true,"released":0,"releaseFailed":0,"processed":0,"failed":0,"deadLettered":0,"lag":0}
{"event":"worker.started","level":"info","timestamp":"2026-10-05T13:06:50.554Z","workerId":"worker-branches-b","concurrency":2,"pollIntervalMs":5,"idleMaxBackoffMs":5000,"errorBackoffMs":500,"errorMaxBackoffMs":30000,"leaseMs":1000,"heartbeatIntervalMs":333,"drainMs":50,"backlogProbe":true,"sweeps":true,"externalEffects":false,"durable":true}
{"event":"worker.outbox.summary","level":"info","timestamp":"2026-10-05T13:06:50.554Z","workerId":"worker-branches-b","reason":"start","claimed":0,"processed":0,"failed":0,"deadLettered":0,"handoffs":0,"errors":0,"claimFailures":0,"leaseLost":0,"heartbeats":0,"idlePolls":0,"released":0,"lag":null,"inFlight":0}
{"event":"worker.sweep_stop_failed","level":"error","timestamp":"2026-10-05T13:06:50.554Z","workerId":"worker-branches-b","error":"[redacted-outbox-error]"}
{"event":"worker.metric","name":"worker_outbox_lag","value":0,"attributes":{"operation":"outbox"},"timestamp":"2026-10-05T13:06:50.554Z"}
{"event":"worker.idle_backoff","level":"debug","timestamp":"2026-10-05T13:06:50.554Z","workerId":"worker-branches-b","backoffMs":5,"lag":0}
{"event":"worker.outbox.summary","level":"info","timestamp":"2026-10-05T13:06:50.554Z","workerId":"worker-branches-b","reason":"stop","claimed":0,"processed":0,"failed":0,"deadLettered":0,"handoffs":0,"errors":0,"claimFailures":0,"leaseLost":0,"heartbeats":0,"idlePolls":1,"released":0,"lag":0,"inFlight":0}
{"event":"worker.stopped","level":"info","timestamp":"2026-10-05T13:06:50.554Z","workerId":"worker-branches-b","drained":true,"released":0,"releaseFailed":0,"processed":0,"failed":0,"deadLettered":0,"lag":0}
 [32m✓[39m apps/worker/src/__tests__/branches-b-20260925.test.ts [2m([22m[2m80 tests[22m[2m)[22m[32m 52[2mms[22m[39m
 [32m✓[39m tests/phase11-certification.test.js [2m([22m[2m3 tests[22m[2m)[22m[32m 51[2mms[22m[39m
 [32m✓[39m packages/agent-runtime/src/__tests__/runtime-limits.test.ts [2m([22m[2m16 tests[22m[2m)[22m[32m 70[2mms[22m[39m
 [32m✓[39m packages/channel-gateway/src/__tests__/channel-effect-journal.test.ts [2m([22m[2m11 tests[22m[2m)[22m[32m 53[2mms[22m[39m
 [32m✓[39m apps/worker/src/__tests__/worker.test.ts [2m([22m[2m1 test[22m[2m)[22m[32m 52[2mms[22m[39m
 [32m✓[39m packages/platform/src/__tests__/tool-invocation-boundary.test.ts [2m([22m[2m14 tests[22m[2m)[22m[32m 33[2mms[22m[39m
 [32m✓[39m packages/agent-runtime/src/__tests__/runtime-binding.test.ts [2m([22m[2m17 tests[22m[2m)[22m[32m 50[2mms[22m[39m
 [32m✓[39m packages/channel-gateway/src/__tests__/channel-coverage-gateway-hardening.test.ts [2m([22m[2m10 tests[22m[2m)[22m[32m 52[2mms[22m[39m
 [32m✓[39m packages/agent-runtime/src/__tests__/runtime-legacy-rearm.test.ts [2m([22m[2m8 tests[22m[2m)[22m[32m 50[2mms[22m[39m
 [32m✓[39m packages/platform/src/__tests__/secretary-preset.test.ts [2m([22m[2m2 tests[22m[2m)[22m[32m 54[2mms[22m[39m
 [32m✓[39m packages/platform/src/__tests__/plugin-gateway-hardening.test.ts [2m([22m[2m12 tests[22m[2m)[22m[32m 55[2mms[22m[39m
 [32m✓[39m packages/persistence/src/__tests__/restore-integrity.test.ts [2m([22m[2m12 tests[22m[2m)[22m[32m 42[2mms[22m[39m
 [32m✓[39m packages/agent-core/src/__tests__/published-agent-runtime.test.ts [2m([22m[2m9 tests[22m[2m)[22m[32m 57[2mms[22m[39m
 [32m✓[39m packages/platform/src/__tests__/output-policy.test.ts [2m([22m[2m35 tests[22m[2m)[22m[32m 47[2mms[22m[39m
 [32m✓[39m packages/platform/src/__tests__/prompt-profile.test.ts [2m([22m[2m8 tests[22m[2m)[22m[32m 51[2mms[22m[39m
 [32m✓[39m packages/agent-runtime/src/__tests__/runtime-sweep-operation-key.test.ts [2m([22m[2m7 tests[22m[2m)[22m[32m 44[2mms[22m[39m
 [32m✓[39m apps/worker/src/__tests__/kernel-composition-branch-hardening.test.ts [2m([22m[2m79 tests[22m[2m)[22m[33m 3562[2mms[22m[39m
 [32m✓[39m packages/platform/src/__tests__/test-lab-events.test.ts [2m([22m[2m5 tests[22m[2m)[22m[32m 42[2mms[22m[39m
 [32m✓[39m packages/persistence/src/__tests__/platform-control-plane-repository.test.ts [2m([22m[2m9 tests[22m[2m)[22m[32m 51[2mms[22m[39m
 [32m✓[39m packages/agent-runtime/src/__tests__/agent-runtime.test.ts [2m([22m[2m9 tests[22m[2m)[22m[32m 40[2mms[22m[39m
 [32m✓[39m apps/worker/src/__tests__/worker-health.test.ts [2m([22m[2m9 tests[22m[2m)[22m[32m 50[2mms[22m[39m
 [32m✓[39m packages/policy-engine/src/__tests__/execution-contract-matrix.test.ts [2m([22m[2m10 tests[22m[2m)[22m[32m 53[2mms[22m[39m
 [32m✓[39m apps/web/src/features/audit/audit-view.test.tsx [2m([22m[2m1 test[22m[2m)[22m[32m 38[2mms[22m[39m
 [32m✓[39m packages/platform/src/__tests__/controlled-tool-registry.test.ts [2m([22m[2m5 tests[22m[2m)[22m[32m 49[2mms[22m[39m
 [32m✓[39m apps/worker/src/__tests__/published-worker-knowledge-boundary.test.ts [2m([22m[2m5 tests[22m[2m)[22m[32m 42[2mms[22m[39m
 [32m✓[39m packages/approval-engine/src/__tests__/approval-critical-coverage.test.ts [2m([22m[2m36 tests[22m[2m)[22m[32m 32[2mms[22m[39m
 [32m✓[39m packages/platform/src/__tests__/knowledge-input-boundary.test.ts [2m([22m[2m3 tests[22m[2m)[22m[32m 27[2mms[22m[39m
 [32m✓[39m packages/platform/src/__tests__/test-suite-catalog.test.ts [2m([22m[2m2 tests[22m[2m)[22m[32m 38[2mms[22m[39m
 [32m✓[39m packages/platform/src/__tests__/handoff-policy.test.ts [2m([22m[2m3 tests[22m[2m)[22m[32m 39[2mms[22m[39m
 [32m✓[39m packages/model-gateway/src/__tests__/gateway-hardening.test.ts [2m([22m[2m36 tests[22m[2m)[22m[32m 31[2mms[22m[39m
 [32m✓[39m packages/persistence/src/__tests__/coverage-20260925.test.ts [2m([22m[2m45 tests[22m[2m)[22m[32m 31[2mms[22m[39m
 [32m✓[39m packages/persistence/src/__tests__/postgres-migration-smoke.test.ts [2m([22m[2m9 tests[22m[2m)[22m[33m 1006[2mms[22m[39m
     [33m[2m✓[22m[39m applies the migration and persists runtime evidence in an isolated PostgreSQL schema [33m 985[2mms[22m[39m
 [32m✓[39m apps/api/src/__tests__/tenant-isolation-branch-hardening.test.ts [2m([22m[2m12 tests[22m[2m)[22m[32m 31[2mms[22m[39m
 [32m✓[39m packages/agent-runtime/src/__tests__/effect-journal-edges.test.ts [2m([22m[2m19 tests[22m[2m)[22m[32m 26[2mms[22m[39m
 [32m✓[39m packages/channel-gateway/src/__tests__/channel-effect-hash-version.test.ts [2m([22m[2m9 tests[22m[2m)[22m[32m 31[2mms[22m[39m
 [32m✓[39m packages/platform/src/__tests__/plugin-registry-versioning.test.ts [2m([22m[2m3 tests[22m[2m)[22m[32m 27[2mms[22m[39m
 [32m✓[39m packages/persistence/src/__tests__/outbox-edge.test.ts [2m([22m[2m22 tests[22m[2m)[22m[32m 26[2mms[22m[39m
 [32m✓[39m packages/persistence/src/__tests__/tenant-isolation.test.ts [2m([22m[2m14 tests[22m[2m)[22m[33m 1419[2mms[22m[39m
     [33m[2m✓[22m[39m enforces cross-tenant isolation with a non-BYPASSRLS role and resets pooled context [33m 1043[2mms[22m[39m
     [33m[2m✓[22m[39m quarantines legacy tenant mismatches before enabling RLS [33m 346[2mms[22m[39m
 [32m✓[39m packages/observability/src/__tests__/observability.test.ts [2m([22m[2m12 tests[22m[2m)[22m[32m 25[2mms[22m[39m
 [32m✓[39m packages/platform/src/__tests__/trace-governance.test.ts [2m([22m[2m14 tests[22m[2m)[22m[32m 20[2mms[22m[39m
 [32m✓[39m packages/approval-engine/src/__tests__/approval-coverage-closure.test.ts [2m([22m[2m14 tests[22m[2m)[22m[32m 25[2mms[22m[39m
 [32m✓[39m apps/worker/src/__tests__/kernel-composition-state.test.ts [2m([22m[2m12 tests[22m[2m)[22m[32m 23[2mms[22m[39m
 [32m✓[39m packages/platform/src/__tests__/knowledge-resolver.test.ts [2m([22m[2m1 test[22m[2m)[22m[32m 26[2mms[22m[39m
 [32m✓[39m packages/platform/src/__tests__/publish-evidence-authority.test.ts [2m([22m[2m4 tests[22m[2m)[22m[32m 20[2mms[22m[39m
 [32m✓[39m packages/approval-engine/src/__tests__/approval-lifecycle.test.ts [2m([22m[2m19 tests[22m[2m)[22m[32m 22[2mms[22m[39m
 [32m✓[39m packages/platform/src/__tests__/capability-approval-gateway.test.ts [2m([22m[2m4 tests[22m[2m)[22m[32m 24[2mms[22m[39m
 [32m✓[39m packages/persistence/src/__tests__/journey-task-atomicity.test.ts [2m([22m[2m8 tests[22m[2m)[22m[33m 960[2mms[22m[39m
 [32m✓[39m packages/agent-evals/src/__tests__/eval-contract.test.ts [2m([22m[2m16 tests[22m[2m)[22m[32m 30[2mms[22m[39m
 [32m✓[39m packages/platform/src/__tests__/event-bus-hardening.test.ts [2m([22m[2m7 tests[22m[2m)[22m[32m 29[2mms[22m[39m
 [32m✓[39m packages/persistence/src/__tests__/outbox-branch-hardening.test.ts [2m([22m[2m11 tests[22m[2m)[22m[32m 23[2mms[22m[39m
 [32m✓[39m packages/persistence/src/__tests__/conversation-repository.test.ts [2m([22m[2m15 tests[22m[2m)[22m[32m 16[2mms[22m[39m
 [32m✓[39m apps/worker/src/__tests__/kernel-coverage-20260925.test.ts [2m([22m[2m27 tests[22m[2m)[22m[32m 21[2mms[22m[39m
 [32m✓[39m packages/agent-evals/src/__tests__/branches-b-20260925.test.ts [2m([22m[2m10 tests[22m[2m)[22m[32m 20[2mms[22m[39m
 [32m✓[39m packages/platform/src/__tests__/secretary-preset-hardening.test.ts [2m([22m[2m3 tests[22m[2m)[22m[32m 19[2mms[22m[39m
 [32m✓[39m packages/agent-runtime/src/__tests__/capability-action-binding.test.ts [2m([22m[2m3 tests[22m[2m)[22m[32m 27[2mms[22m[39m
 [32m✓[39m packages/persistence/src/__tests__/retention.test.ts [2m([22m[2m27 tests[22m[2m)[22m[32m 17[2mms[22m[39m
 [32m✓[39m packages/persistence/src/__tests__/repository-error-paths.test.ts [2m([22m[2m7 tests[22m[2m)[22m[32m 23[2mms[22m[39m
 [32m✓[39m packages/platform/src/__tests__/malformed-model-output.test.ts [2m([22m[2m1 test[22m[2m)[22m[32m 19[2mms[22m[39m
 [32m✓[39m packages/channel-gateway/src/__tests__/channel-effect-reconciliation-actor.test.ts [2m([22m[2m6 tests[22m[2m)[22m[32m 20[2mms[22m[39m
 [32m✓[39m packages/persistence/src/__tests__/branches-b-20260925.test.ts [2m([22m[2m30 tests[22m[2m)[22m[32m 19[2mms[22m[39m
 [32m✓[39m packages/agent-evals/src/__tests__/agent-evals.test.ts [2m([22m[2m8 tests[22m[2m)[22m[32m 21[2mms[22m[39m
 [32m✓[39m packages/observability/src/__tests__/branches-b-20260925.test.ts [2m([22m[2m19 tests[22m[2m)[22m[32m 22[2mms[22m[39m
 [32m✓[39m packages/channel-gateway/src/__tests__/channel-gateway.test.ts [2m([22m[2m14 tests[22m[2m)[22m[32m 23[2mms[22m[39m
 [32m✓[39m packages/agent-evals/src/__tests__/integrated-holdout.test.ts [2m([22m[2m6 tests[22m[2m)[22m[32m 20[2mms[22m[39m
 [32m✓[39m packages/platform/src/__tests__/release-candidate-ledger.test.ts [2m([22m[2m5 tests[22m[2m)[22m[32m 23[2mms[22m[39m
 [32m✓[39m packages/persistence/src/__tests__/audit-evidence-checkpoint.test.ts [2m([22m[2m3 tests[22m[2m)[22m[32m 21[2mms[22m[39m
 [32m✓[39m packages/persistence/src/__tests__/audit-evidence-checkpoint-postgres.test.ts [2m([22m[2m2 tests[22m[2m)[22m[32m 19[2mms[22m[39m
 [32m✓[39m packages/platform/src/__tests__/approval-authority.test.ts [2m([22m[2m6 tests[22m[2m)[22m[32m 19[2mms[22m[39m
 [32m✓[39m apps/worker/src/__tests__/controlled-worker-hardening.test.ts [2m([22m[2m7 tests[22m[2m)[22m[32m 16[2mms[22m[39m
 [32m✓[39m packages/persistence/src/__tests__/journeys-postgres.test.ts [2m([22m[2m24 tests[22m[2m)[22m[33m 2165[2mms[22m[39m
     [33m[2m✓[22m[39m applies 0014 additively over a 0013 database and preserves prior data [33m 936[2mms[22m[39m
 [32m✓[39m packages/model-gateway/src/__tests__/providers.test.ts [2m([22m[2m14 tests[22m[2m)[22m[32m 19[2mms[22m[39m
 [32m✓[39m packages/persistence/src/__tests__/platform-approval-repository.test.ts [2m([22m[2m3 tests[22m[2m)[22m[32m 19[2mms[22m[39m
 [32m✓[39m packages/platform/src/__tests__/event-bus.test.ts [2m([22m[2m8 tests[22m[2m)[22m[32m 18[2mms[22m[39m
 [32m✓[39m packages/approval-engine/src/__tests__/approval-lifecycle-fencing.test.ts [2m([22m[2m6 tests[22m[2m)[22m[32m 15[2mms[22m[39m
 [32m✓[39m packages/observability/src/__tests__/sli-slo-catalog.test.ts [2m([22m[2m4 tests[22m[2m)[22m[32m 18[2mms[22m[39m
 [32m✓[39m packages/observability/src/__tests__/observability-exercise.test.ts [2m([22m[2m4 tests[22m[2m)[22m[32m 19[2mms[22m[39m
 [32m✓[39m packages/platform/src/__tests__/platform-misc-hardening.test.ts [2m([22m[2m6 tests[22m[2m)[22m[32m 17[2mms[22m[39m
 [32m✓[39m apps/api/src/__tests__/request-context.test.ts [2m([22m[2m12 tests[22m[2m)[22m[32m 14[2mms[22m[39m
 [32m✓[39m apps/worker/src/__tests__/kernel-composition-postgres.integration.test.ts [2m([22m[2m14 tests[22m[2m)[22m[33m 2129[2mms[22m[39m
     [33m[2m✓[22m[39m runs the approved draft write once and replays without a second effect [33m 428[2mms[22m[39m
 [32m✓[39m packages/persistence/src/__tests__/outbox.test.ts [2m([22m[2m6 tests[22m[2m)[22m[32m 16[2mms[22m[39m
 [32m✓[39m packages/rag/src/__tests__/institutional-rag-hardening.test.ts [2m([22m[2m8 tests[22m[2m)[22m[32m 16[2mms[22m[39m
 [32m✓[39m packages/channel-gateway/src/__tests__/channel-coverage-inbound-adapters.test.ts [2m([22m[2m11 tests[22m[2m)[22m[32m 18[2mms[22m[39m
 [32m✓[39m packages/persistence/src/__tests__/outbox-memory.test.ts [2m([22m[2m6 tests[22m[2m)[22m[32m 14[2mms[22m[39m
 [32m✓[39m packages/policy-engine/src/__tests__/policy-engine.test.ts [2m([22m[2m14 tests[22m[2m)[22m[32m 15[2mms[22m[39m
 [32m✓[39m packages/observability/src/__tests__/observability-coverage.test.ts [2m([22m[2m5 tests[22m[2m)[22m[32m 20[2mms[22m[39m
 [32m✓[39m apps/api/src/__tests__/trusted-operator-identity.test.ts [2m([22m[2m10 tests[22m[2m)[22m[32m 12[2mms[22m[39m
 [32m✓[39m tests/aud20-10-alerts-ledger.test.ts [2m([22m[2m10 tests[22m[2m)[22m[32m 15[2mms[22m[39m
 [32m✓[39m packages/channel-gateway/src/__tests__/channel-effect-race.test.ts [2m([22m[2m2 tests[22m[2m)[22m[32m 15[2mms[22m[39m
 [32m✓[39m packages/platform/src/__tests__/plugin-catalog.test.ts [2m([22m[2m1 test[22m[2m)[22m[32m 15[2mms[22m[39m
 [32m✓[39m packages/agent-evals/src/__tests__/datasets-coverage-20260925.test.ts [2m([22m[2m6 tests[22m[2m)[22m[32m 14[2mms[22m[39m
 [32m✓[39m packages/shared/src/__tests__/shared-contracts.test.ts [2m([22m[2m11 tests[22m[2m)[22m[32m 16[2mms[22m[39m
 [32m✓[39m packages/channel-gateway/src/__tests__/channel-coverage.test.ts [2m([22m[2m6 tests[22m[2m)[22m[32m 16[2mms[22m[39m
 [32m✓[39m packages/approval-engine/src/__tests__/approval-engine.test.ts [2m([22m[2m10 tests[22m[2m)[22m[32m 13[2mms[22m[39m
 [32m✓[39m packages/agent-core/src/__tests__/receive-inbound-message.test.ts [2m([22m[2m9 tests[22m[2m)[22m[32m 18[2mms[22m[39m
 [32m✓[39m packages/approval-engine/src/__tests__/approval-lifecycle-edges.test.ts [2m([22m[2m10 tests[22m[2m)[22m[32m 15[2mms[22m[39m
 [32m✓[39m packages/channel-gateway/src/__tests__/channel-adapters-branch-hardening.test.ts [2m([22m[2m5 tests[22m[2m)[22m[32m 16[2mms[22m[39m
 [32m✓[39m packages/observability/src/__tests__/collector.test.ts [2m([22m[2m8 tests[22m[2m)[22m[32m 14[2mms[22m[39m
 [32m✓[39m tests/docs-readiness.test.js [2m([22m[2m7 tests[22m[2m)[22m[32m 16[2mms[22m[39m
 [32m✓[39m packages/shared/src/__tests__/audit-governance-hardening.test.ts [2m([22m[2m10 tests[22m[2m)[22m[32m 10[2mms[22m[39m
 [32m✓[39m packages/policy-engine/src/__tests__/policy-coverage.test.ts [2m([22m[2m6 tests[22m[2m)[22m[32m 12[2mms[22m[39m
 [32m✓[39m packages/persistence/src/__tests__/runtime-trace-correlation.test.ts [2m([22m[2m2 tests[22m[2m)[22m[32m 16[2mms[22m[39m
 [32m✓[39m packages/persistence/src/__tests__/journeys.test.ts [2m([22m[2m2 tests[22m[2m)[22m[32m 12[2mms[22m[39m
 [32m✓[39m packages/approval-engine/src/__tests__/approval-operation-key.test.ts [2m([22m[2m7 tests[22m[2m)[22m[32m 16[2mms[22m[39m
 [32m✓[39m apps/api/src/__tests__/orchestration-observability-coverage-20260925.test.ts [2m([22m[2m13 tests[22m[2m)[22m[32m 12[2mms[22m[39m
 [32m✓[39m packages/persistence/src/__tests__/persistence-schema.test.ts [2m([22m[2m7 tests[22m[2m)[22m[32m 15[2mms[22m[39m
 [32m✓[39m packages/platform/src/__tests__/model-provider-boundary.test.ts [2m([22m[2m4 tests[22m[2m)[22m[32m 16[2mms[22m[39m
 [32m✓[39m apps/api/src/__tests__/bootstrap-coverage-20260925.test.ts [2m([22m[2m21 tests[22m[2m)[22m[32m 17[2mms[22m[39m
 [32m✓[39m packages/persistence/src/__tests__/plugin-catalog-repository.test.ts [2m([22m[2m1 test[22m[2m)[22m[32m 12[2mms[22m[39m
 [32m✓[39m apps/api/src/startup-failure.test.ts [2m([22m[2m8 tests[22m[2m)[22m[32m 14[2mms[22m[39m
 [32m✓[39m apps/web/src/features/platform/prompt-profile.test.ts [2m([22m[2m5 tests[22m[2m)[22m[32m 13[2mms[22m[39m
 [32m✓[39m tests/phase11-score-rubric.test.js [2m([22m[2m6 tests[22m[2m)[22m[32m 14[2mms[22m[39m
 [32m✓[39m packages/tools/src/__tests__/platform-adapter.test.ts [2m([22m[2m1 test[22m[2m)[22m[32m 14[2mms[22m[39m
 [32m✓[39m packages/persistence/src/__tests__/restore.test.ts [2m([22m[2m5 tests[22m[2m)[22m[32m 12[2mms[22m[39m
 [32m✓[39m packages/persistence/src/__tests__/release-candidate-repository.test.ts [2m([22m[2m3 tests[22m[2m)[22m[32m 15[2mms[22m[39m
 [32m✓[39m packages/persistence/src/__tests__/attendance-approval-atomic.test.ts [2m([22m[2m6 tests[22m[2m)[22m[32m 13[2mms[22m[39m
 [32m✓[39m packages/model-gateway/src/__tests__/edge-coverage.test.ts [2m([22m[2m15 tests[22m[2m)[22m[32m 13[2mms[22m[39m
 [32m✓[39m apps/web/src/api/audit-evidence-checkpoint-client.test.ts [2m([22m[2m3 tests[22m[2m)[22m[32m 10[2mms[22m[39m
 [32m✓[39m tests/aud19-certification-guards.test.js [2m([22m[2m9 tests[22m[2m)[22m[32m 10[2mms[22m[39m
 [32m✓[39m apps/api/src/__tests__/request-query.test.ts [2m([22m[2m7 tests[22m[2m)[22m[32m 13[2mms[22m[39m
 [32m✓[39m apps/api/src/__tests__/operator-replay-store.test.ts [2m([22m[2m20 tests[22m[2m)[22m[33m 1658[2mms[22m[39m
     [33m[2m✓[22m[39m reclaims expired claims and purges only expired rows [33m 1533[2mms[22m[39m
 [32m✓[39m apps/api/src/__tests__/identity-key-ring-rotation.test.ts [2m([22m[2m8 tests[22m[2m)[22m[32m 11[2mms[22m[39m
 [32m✓[39m packages/observability/src/__tests__/alerts.test.ts [2m([22m[2m9 tests[22m[2m)[22m[32m 9[2mms[22m[39m
 [32m✓[39m packages/policy-engine/src/__tests__/policy-engine-branch-hardening.test.ts [2m([22m[2m9 tests[22m[2m)[22m[32m 11[2mms[22m[39m
 [32m✓[39m packages/policy-engine/src/__tests__/capability-scope.test.ts [2m([22m[2m15 tests[22m[2m)[22m[32m 11[2mms[22m[39m
 [32m✓[39m apps/worker/src/__tests__/outbox-recovery.test.ts [2m([22m[2m5 tests[22m[2m)[22m[32m 13[2mms[22m[39m
 [32m✓[39m apps/worker/src/__tests__/production-worker-guard.test.ts [2m([22m[2m11 tests[22m[2m)[22m[32m 8[2mms[22m[39m
 [32m✓[39m packages/persistence/src/__tests__/runtime-audit-chain.test.ts [2m([22m[2m2 tests[22m[2m)[22m[32m 10[2mms[22m[39m
 [32m✓[39m packages/platform/src/__tests__/knowledge-source-catalog.test.ts [2m([22m[2m2 tests[22m[2m)[22m[32m 12[2mms[22m[39m
 [32m✓[39m packages/workflows/src/__tests__/persistent-journey.flow.test.ts [2m([22m[2m5 tests[22m[2m)[22m[32m 11[2mms[22m[39m
 [32m✓[39m packages/adapters/src/__tests__/model-adapter.test.ts [2m([22m[2m3 tests[22m[2m)[22m[32m 7[2mms[22m[39m
 [32m✓[39m packages/tools/src/__tests__/journey-tools.test.ts [2m([22m[2m2 tests[22m[2m)[22m[32m 11[2mms[22m[39m
 [32m✓[39m packages/platform/src/__tests__/tool-invocation-boundary-hardening.test.ts [2m([22m[2m9 tests[22m[2m)[22m[32m 9[2mms[22m[39m
 [32m✓[39m packages/shared/src/__tests__/ssrf.test.ts [2m([22m[2m34 tests[22m[2m)[22m[32m 8[2mms[22m[39m
 [32m✓[39m packages/approval-engine/src/__tests__/approval-coverage.test.ts [2m([22m[2m3 tests[22m[2m)[22m[32m 9[2mms[22m[39m
 [32m✓[39m packages/persistence/src/__tests__/session-version-pinning.test.ts [2m([22m[2m2 tests[22m[2m)[22m[32m 8[2mms[22m[39m
 [32m✓[39m apps/web/src/api/release-candidate-client.test.ts [2m([22m[2m3 tests[22m[2m)[22m[32m 10[2mms[22m[39m
 [32m✓[39m tests/repository-structure.test.js [2m([22m[2m2 tests[22m[2m)[22m[32m 9[2mms[22m[39m
 [32m✓[39m packages/agent-core/src/__tests__/coverage-20260925.test.ts [2m([22m[2m5 tests[22m[2m)[22m[32m 8[2mms[22m[39m
 [32m✓[39m packages/agent-runtime/src/__tests__/proposal-errors.test.ts [2m([22m[2m10 tests[22m[2m)[22m[32m 8[2mms[22m[39m
 [32m✓[39m apps/api/src/__tests__/request-context-branches-20260925.test.ts [2m([22m[2m8 tests[22m[2m)[22m[32m 8[2mms[22m[39m
 [32m✓[39m tests/phase11-eval-contract.test.js [2m([22m[2m24 tests[22m[2m)[22m[32m 8[2mms[22m[39m
 [32m✓[39m packages/adapters/src/__tests__/controlled-delivery.test.ts [2m([22m[2m2 tests[22m[2m)[22m[32m 7[2mms[22m[39m
 [32m✓[39m packages/persistence/src/__tests__/runtime-approval-store-branch-hardening.test.ts [2m([22m[2m19 tests[22m[2m)[22m[33m 1188[2mms[22m[39m
 [32m✓[39m packages/chaos/src/__tests__/faults-coverage.test.ts [2m([22m[2m3 tests[22m[2m)[22m[32m 10[2mms[22m[39m
 [32m✓[39m apps/worker/src/__tests__/controlled-worker.test.ts [2m([22m[2m2 tests[22m[2m)[22m[32m 10[2mms[22m[39m
 [32m✓[39m packages/agent-runtime/src/__tests__/composition-branch-hardening.test.ts [2m([22m[2m7 tests[22m[2m)[22m[32m 8[2mms[22m[39m
 [32m✓[39m packages/tools/src/__tests__/local-handlers-hardening.test.ts [2m([22m[2m5 tests[22m[2m)[22m[32m 8[2mms[22m[39m
 [32m✓[39m apps/worker/src/__tests__/worker-observability.test.ts [2m([22m[2m4 tests[22m[2m)[22m[32m 9[2mms[22m[39m
 [32m✓[39m packages/platform/src/__tests__/retention-ledger.test.ts [2m([22m[2m2 tests[22m[2m)[22m[32m 7[2mms[22m[39m
 [32m✓[39m packages/agent-core/src/__tests__/internal-task.integration.test.ts [2m([22m[2m1 test[22m[2m)[22m[32m 6[2mms[22m[39m
 [32m✓[39m tests/aud20-16-capacity-model.test.js [2m([22m[2m5 tests[22m[2m)[22m[32m 8[2mms[22m[39m
 [32m✓[39m tests/aud19-critical-coverage.test.js [2m([22m[2m5 tests[22m[2m)[22m[32m 7[2mms[22m[39m
 [32m✓[39m packages/agent-core/src/__tests__/conversation-session.integration.test.ts [2m([22m[2m1 test[22m[2m)[22m[32m 7[2mms[22m[39m
 [32m✓[39m packages/shared/src/__tests__/http-security-env.test.ts [2m([22m[2m4 tests[22m[2m)[22m[32m 7[2mms[22m[39m
 [32m✓[39m packages/persistence/src/__tests__/audit-repository.test.ts [2m([22m[2m2 tests[22m[2m)[22m[32m 8[2mms[22m[39m
 [32m✓[39m packages/platform/src/__tests__/model-provider.test.ts [2m([22m[2m3 tests[22m[2m)[22m[32m 7[2mms[22m[39m
 [32m✓[39m packages/shared/src/__tests__/ids-hardening.test.ts [2m([22m[2m3 tests[22m[2m)[22m[32m 7[2mms[22m[39m
 [32m✓[39m packages/shared/src/__tests__/canonical.test.ts [2m([22m[2m9 tests[22m[2m)[22m[32m 6[2mms[22m[39m
 [32m✓[39m packages/workflows/src/__tests__/intent-workflow.flow.test.ts [2m([22m[2m5 tests[22m[2m)[22m[32m 6[2mms[22m[39m
 [32m✓[39m tests/aud20-19-qualification.test.js [2m([22m[2m5 tests[22m[2m)[22m[32m 6[2mms[22m[39m
 [32m✓[39m tests/construction-readiness.test.js [2m([22m[2m4 tests[22m[2m)[22m[32m 6[2mms[22m[39m
 [32m✓[39m packages/rag/src/__tests__/institutional-rag.test.ts [2m([22m[2m3 tests[22m[2m)[22m[32m 6[2mms[22m[39m
 [32m✓[39m apps/web/src/api/client.test.ts [2m([22m[2m1 test[22m[2m)[22m[32m 7[2mms[22m[39m
 [32m✓[39m packages/platform/src/__tests__/qualification.test.ts [2m([22m[2m3 tests[22m[2m)[22m[32m 7[2mms[22m[39m
 [32m✓[39m packages/adapters/src/__tests__/fake-whatsapp-adapter.test.ts [2m([22m[2m2 tests[22m[2m)[22m[32m 6[2mms[22m[39m
 [32m✓[39m tests/release-candidate-boundary.test.js [2m([22m[2m5 tests[22m[2m)[22m[32m 5[2mms[22m[39m
 [32m✓[39m packages/persistence/src/__tests__/channel-effect-journal-postgres.test.ts [2m([22m[2m12 tests[22m[2m)[22m[33m 1164[2mms[22m[39m
 [32m✓[39m packages/tools/src/__tests__/tool-registry.test.ts [2m([22m[2m2 tests[22m[2m)[22m[32m 7[2mms[22m[39m
 [32m✓[39m packages/shared/src/__tests__/auth-identity-mode.test.ts [2m([22m[2m3 tests[22m[2m)[22m[32m 5[2mms[22m[39m
 [32m✓[39m packages/shared/src/__tests__/data-classification.test.ts [2m([22m[2m7 tests[22m[2m)[22m[32m 5[2mms[22m[39m
 [32m✓[39m packages/persistence/src/__tests__/session-version-pinning-postgres.test.ts [2m([22m[2m2 tests[22m[2m)[22m[33m 975[2mms[22m[39m
     [33m[2m✓[22m[39m binds sessions atomically under the tenant-aware migration and never replaces the pin [33m 970[2mms[22m[39m
 [32m✓[39m packages/policy/src/__tests__/policy-engine.test.ts [2m([22m[2m3 tests[22m[2m)[22m[32m 5[2mms[22m[39m
 [32m✓[39m apps/worker/src/__tests__/postgres-role-preflight.test.ts [2m([22m[2m13 tests[22m[2m)[22m[33m 1376[2mms[22m[39m
 [32m✓[39m packages/persistence/src/__tests__/outbox-durability.test.ts [2m([22m[2m10 tests[22m[2m)[22m[33m 6845[2mms[22m[39m
     [33m[2m✓[22m[39m backfills a legacy processed row while RLS is already forced [33m 522[2mms[22m[39m
     [33m[2m✓[22m[39m fences a stale claim when a worker id is reused after takeover [33m 978[2mms[22m[39m
     [33m[2m✓[22m[39m keeps the effect journal when the ack loses its lease after the effect ran [33m 952[2mms[22m[39m
     [33m[2m✓[22m[39m keeps the committed effect journal across a lease takeover race [33m 974[2mms[22m[39m
     [33m[2m✓[22m[39m fences an ack when the lease expires before the final compare-and-swap [33m 946[2mms[22m[39m
     [33m[2m✓[22m[39m redacts legacy rows without making routable pending work disappear [33m 517[2mms[22m[39m
     [33m[2m✓[22m[39m claims once across two connections, journals at-least-once ack, retries and requeues in-place [33m 979[2mms[22m[39m
     [33m[2m✓[22m[39m commits inbound message and durable intent together [33m 971[2mms[22m[39m
 [32m✓[39m apps/worker/src/__tests__/worker-docker-topology.test.ts [2m([22m[2m4 tests[22m[2m)[22m[32m 5[2mms[22m[39m
 [32m✓[39m packages/workflows/src/__tests__/triage-safety.flow.test.ts [2m([22m[2m1 test[22m[2m)[22m[32m 5[2mms[22m[39m
 [32m✓[39m tests/workspace-scripts.test.js [2m([22m[2m2 tests[22m[2m)[22m[32m 5[2mms[22m[39m
 [32m✓[39m tests/vitest-hermetic.test.ts [2m([22m[2m1 test[22m[2m)[22m[32m 4[2mms[22m[39m
 [32m✓[39m apps/worker/src/__tests__/postgres-outbox-bridge.integration.test.ts [2m([22m[2m2 tests[22m[2m)[22m[33m 1337[2mms[22m[39m
     [33m[2m✓[22m[39m consumes the event written by the API through a separate worker pool [33m 1334[2mms[22m[39m
 [32m✓[39m packages/workflows/src/__tests__/scheduling-draft.flow.test.ts [2m([22m[2m1 test[22m[2m)[22m[32m 5[2mms[22m[39m
 [32m✓[39m packages/tools/src/__tests__/owner-patient-tools.integration.test.ts [2m([22m[2m1 test[22m[2m)[22m[32m 4[2mms[22m[39m
 [32m✓[39m packages/persistence/src/__tests__/effect-journal-postgres.test.ts [2m([22m[2m10 tests[22m[2m)[22m[33m 1067[2mms[22m[39m
 [32m✓[39m packages/platform/src/__tests__/handoff.test.ts [2m([22m[2m2 tests[22m[2m)[22m[32m 4[2mms[22m[39m
 [32m✓[39m packages/memory/src/__tests__/memory-facts.test.ts [2m([22m[2m1 test[22m[2m)[22m[32m 4[2mms[22m[39m
 [32m✓[39m tests/ci-workflow-contract.test.js [2m([22m[2m2 tests[22m[2m)[22m[32m 5[2mms[22m[39m
 [32m✓[39m packages/policy/src/__tests__/approval-state.integration.test.ts [2m([22m[2m1 test[22m[2m)[22m[32m 5[2mms[22m[39m
 [32m✓[39m packages/workflows/src/__tests__/institutional-rag-safe.flow.test.ts [2m([22m[2m1 test[22m[2m)[22m[32m 4[2mms[22m[39m
 [32m✓[39m packages/workflows/src/__tests__/handoff-summary.unit.test.ts [2m([22m[2m1 test[22m[2m)[22m[32m 4[2mms[22m[39m
 [32m✓[39m apps/api/src/__tests__/journeys-api-postgres.test.ts [2m([22m[2m10 tests[22m[2m)[22m[33m 2321[2mms[22m[39m
     [33m[2m✓[22m[39m applies migration 0014 during postgres startup before serving journeys [33m 878[2mms[22m[39m
 [32m✓[39m apps/worker/src/__tests__/continuous-worker-entrypoint.integration.test.ts [2m([22m[2m2 tests[22m[2m)[22m[33m 3762[2mms[22m[39m
     [33m[2m✓[22m[39m consumes events around a restart and drains on a real SIGTERM without loss or duplication [33m 2217[2mms[22m[39m
     [33m[2m✓[22m[39m runs the role preflight before the first claim and leaves the queue untouched on rejection [33m 1542[2mms[22m[39m
{"event":"worker.started","level":"info","timestamp":"2026-10-05T13:10:06.396Z","workerId":"worker-pg-continuous-192-a","concurrency":2,"pollIntervalMs":5,"idleMaxBackoffMs":5000,"errorBackoffMs":500,"errorMaxBackoffMs":30000,"leaseMs":1000,"heartbeatIntervalMs":333,"drainMs":5000,"backlogProbe":true,"sweeps":false,"externalEffects":false,"durable":true}
{"event":"worker.outbox.summary","level":"info","timestamp":"2026-10-05T13:10:06.398Z","workerId":"worker-pg-continuous-192-a","reason":"start","claimed":0,"processed":0,"failed":0,"deadLettered":0,"handoffs":0,"errors":0,"claimFailures":0,"leaseLost":0,"heartbeats":0,"idlePolls":0,"released":0,"lag":null,"inFlight":0}
{"event":"worker.metric","name":"worker_outbox_processed_total","value":1,"attributes":{"status":"processed"},"timestamp":"2026-10-05T13:10:06.434Z"}
{"event":"worker.outbox.processed","level":"info","timestamp":"2026-10-05T13:10:06.434Z","eventId":"outbox_ca18ddfe-ca7e-4631-b61e-62886a623468","workerId":"worker-pg-continuous-192-a","status":"processed","attempt":1,"leaseLost":false,"operation":"outbox"}
{"event":"worker.metric","name":"worker_outbox_lag","value":0,"attributes":{"operation":"outbox"},"timestamp":"2026-10-05T13:10:06.435Z"}
{"event":"worker.idle_backoff","level":"debug","timestamp":"2026-10-05T13:10:06.435Z","workerId":"worker-pg-continuous-192-a","backoffMs":5,"lag":0}
{"event":"worker.idle_backoff","level":"debug","timestamp":"2026-10-05T13:10:06.443Z","workerId":"worker-pg-continuous-192-a","backoffMs":10,"lag":0}
{"event":"worker.outbox.summary","level":"info","timestamp":"2026-10-05T13:10:06.451Z","workerId":"worker-pg-continuous-192-a","reason":"stop","claimed":1,"processed":1,"failed":0,"deadLettered":0,"handoffs":0,"errors":0,"claimFailures":0,"leaseLost":0,"heartbeats":0,"idlePolls":2,"released":0,"lag":0,"inFlight":0}
{"event":"worker.stopped","level":"info","timestamp":"2026-10-05T13:10:06.452Z","workerId":"worker-pg-continuous-192-a","drained":true,"released":0,"releaseFailed":0,"processed":1,"failed":0,"deadLettered":0,"lag":0}
{"event":"worker.started","level":"info","timestamp":"2026-10-05T13:10:06.461Z","workerId":"worker-pg-continuous-192-b","concurrency":2,"pollIntervalMs":5,"idleMaxBackoffMs":5000,"errorBackoffMs":500,"errorMaxBackoffMs":30000,"leaseMs":1000,"heartbeatIntervalMs":333,"drainMs":5000,"backlogProbe":true,"sweeps":false,"externalEffects":false,"durable":true}
{"event":"worker.outbox.summary","level":"info","timestamp":"2026-10-05T13:10:06.461Z","workerId":"worker-pg-continuous-192-b","reason":"start","claimed":0,"processed":0,"failed":0,"deadLettered":0,"handoffs":0,"errors":0,"claimFailures":0,"leaseLost":0,"heartbeats":0,"idlePolls":0,"released":0,"lag":null,"inFlight":0}
{"event":"worker.metric","name":"worker_outbox_dead_lettered_total","value":1,"attributes":{"status":"dead_letter"},"timestamp":"2026-10-05T13:10:06.487Z"}
{"event":"worker.outbox.dead_letter","level":"info","timestamp":"2026-10-05T13:10:06.487Z","eventId":"outbox_2485a0a8-7458-4b4b-904b-5485ea922c2e","workerId":"worker-pg-continuous-192-b","status":"dead_letter","attempt":1,"leaseLost":false,"error":"[redacted-outbox-error]","operation":"outbox"}
{"event":"worker.metric","name":"worker_outbox_lag","value":0,"attributes":{"operation":"outbox"},"timestamp":"2026-10-05T13:10:06.498Z"}
{"event":"worker.idle_backoff","level":"debug","timestamp":"2026-10-05T13:10:06.498Z","workerId":"worker-pg-continuous-192-b","backoffMs":5,"lag":0}
{"event":"worker.idle_backoff","level":"debug","timestamp":"2026-10-05T13:10:06.505Z","workerId":"worker-pg-continuous-192-b","backoffMs":10,"lag":0}
{"event":"worker.metric","name":"worker_outbox_processed_total","value":1,"attributes":{"status":"processed"},"timestamp":"2026-10-05T13:10:06.506Z"}
{"event":"worker.outbox.processed","level":"info","timestamp":"2026-10-05T13:10:06.506Z","eventId":"outbox_4b66ad9e-3ec9-48eb-8335-89d89c37356a","workerId":"worker-pg-continuous-192-b","status":"processed","attempt":1,"leaseLost":false,"operation":"outbox"}
{"event":"worker.idle_backoff","level":"debug","timestamp":"2026-10-05T13:10:06.517Z","workerId":"worker-pg-continuous-192-b","backoffMs":20,"lag":0}
{"event":"worker.outbox.summary","level":"info","timestamp":"2026-10-05T13:10:06.517Z","workerId":"worker-pg-continuous-192-b","reason":"stop","claimed":2,"processed":1,"failed":0,"deadLettered":1,"handoffs":0,"errors":0,"claimFailures":0,"leaseLost":0,"heartbeats":0,"idlePolls":3,"released":0,"lag":0,"inFlight":0}
{"event":"worker.stopped","level":"info","timestamp":"2026-10-05T13:10:06.517Z","workerId":"worker-pg-continuous-192-b","drained":true,"released":0,"releaseFailed":0,"processed":1,"failed":0,"deadLettered":1,"lag":0}
{"event":"worker.started","level":"info","timestamp":"2026-10-05T13:10:07.701Z","workerId":"worker-pg-continuous-192-d","concurrency":2,"pollIntervalMs":5,"idleMaxBackoffMs":5000,"errorBackoffMs":500,"errorMaxBackoffMs":30000,"leaseMs":1000,"heartbeatIntervalMs":333,"drainMs":5000,"backlogProbe":true,"sweeps":false,"externalEffects":false,"durable":true}
{"event":"worker.outbox.summary","level":"info","timestamp":"2026-10-05T13:10:07.701Z","workerId":"worker-pg-continuous-192-d","reason":"start","claimed":0,"processed":0,"failed":0,"deadLettered":0,"handoffs":0,"errors":0,"claimFailures":0,"leaseLost":0,"heartbeats":0,"idlePolls":0,"released":0,"lag":null,"inFlight":0}
{"event":"worker.metric","name":"worker_outbox_processed_total","value":1,"attributes":{"status":"processed"},"timestamp":"2026-10-05T13:10:07.729Z"}
{"event":"worker.outbox.processed","level":"info","timestamp":"2026-10-05T13:10:07.729Z","eventId":"outbox_fff566e1-b130-4c07-920e-5151d0210dff","workerId":"worker-pg-continuous-192-d","status":"processed","attempt":1,"leaseLost":false,"operation":"outbox"}
{"event":"worker.metric","name":"worker_outbox_lag","value":0,"attributes":{"operation":"outbox"},"timestamp":"2026-10-05T13:10:07.736Z"}
{"event":"worker.idle_backoff","level":"debug","timestamp":"2026-10-05T13:10:07.736Z","workerId":"worker-pg-continuous-192-d","backoffMs":5,"lag":0}
{"event":"worker.idle_backoff","level":"debug","timestamp":"2026-10-05T13:10:07.744Z","workerId":"worker-pg-continuous-192-d","backoffMs":10,"lag":0}
{"event":"worker.metric","name":"worker_outbox_processed_total","value":1,"attributes":{"status":"processed"},"timestamp":"2026-10-05T13:10:07.745Z"}
{"event":"worker.outbox.processed","level":"info","timestamp":"2026-10-05T13:10:07.745Z","eventId":"outbox_0a808659-a04e-4ba7-bdfd-fba0e4e4c3db","workerId":"worker-pg-continuous-192-d","status":"processed","attempt":1,"leaseLost":false,"operation":"outbox"}
{"event":"worker.outbox.summary","level":"info","timestamp":"2026-10-05T13:10:07.752Z","workerId":"worker-pg-continuous-192-d","reason":"stop","claimed":2,"processed":2,"failed":0,"deadLettered":0,"handoffs":0,"errors":0,"claimFailures":0,"leaseLost":0,"heartbeats":0,"idlePolls":2,"released":0,"lag":0,"inFlight":0}
{"event":"worker.stopped","level":"info","timestamp":"2026-10-05T13:10:07.752Z","workerId":"worker-pg-continuous-192-d","drained":true,"released":0,"releaseFailed":0,"processed":2,"failed":0,"deadLettered":0,"lag":0}
{"event":"worker.started","level":"info","timestamp":"2026-10-05T13:10:07.756Z","workerId":"worker-pg-continuous-192-e","concurrency":1,"pollIntervalMs":5,"idleMaxBackoffMs":5000,"errorBackoffMs":500,"errorMaxBackoffMs":30000,"leaseMs":1000,"heartbeatIntervalMs":333,"drainMs":5000,"backlogProbe":true,"sweeps":false,"externalEffects":false,"durable":true}
{"event":"worker.outbox.summary","level":"info","timestamp":"2026-10-05T13:10:07.756Z","workerId":"worker-pg-continuous-192-e","reason":"start","claimed":0,"processed":0,"failed":0,"deadLettered":0,"handoffs":0,"errors":0,"claimFailures":0,"leaseLost":0,"heartbeats":0,"idlePolls":0,"released":0,"lag":null,"inFlight":0}
{"event":"worker.metric","name":"worker_outbox_lag","value":0,"attributes":{"operation":"outbox"},"timestamp":"2026-10-05T13:10:07.782Z"}
{"event":"worker.shutdown_deferred_release","level":"warn","timestamp":"2026-10-05T13:10:07.813Z","eventId":"outbox_b84ffd8f-b216-44e4-afc6-958490f7bbac","workerId":"worker-pg-continuous-192-e","leaseAction":"expire_for_retry","operation":"outbox"}
{"event":"worker.metric","name":"worker_outbox_shutdown_releases_total","value":1,"attributes":{"outcome":"deferred"},"timestamp":"2026-10-05T13:10:07.813Z"}
{"event":"worker.outbox.summary","level":"info","timestamp":"2026-10-05T13:10:07.813Z","workerId":"worker-pg-continuous-192-e","reason":"stop","claimed":1,"processed":0,"failed":0,"deadLettered":0,"handoffs":0,"errors":0,"claimFailures":0,"leaseLost":0,"heartbeats":0,"idlePolls":0,"released":0,"lag":0,"inFlight":1}
{"event":"worker.stopped","level":"info","timestamp":"2026-10-05T13:10:07.813Z","workerId":"worker-pg-continuous-192-e","drained":false,"released":0,"releaseFailed":0,"processed":0,"failed":0,"deadLettered":0,"lag":0}
{"event":"worker.metric","name":"worker_outbox_processed_total","value":1,"attributes":{"status":"processed"},"timestamp":"2026-10-05T13:10:07.823Z"}
{"event":"worker.outbox.processed","level":"info","timestamp":"2026-10-05T13:10:07.823Z","eventId":"outbox_b84ffd8f-b216-44e4-afc6-958490f7bbac","workerId":"worker-pg-continuous-192-e","status":"processed","attempt":1,"leaseLost":false,"operation":"outbox"}
{"event":"worker.started","level":"info","timestamp":"2026-10-05T13:10:07.827Z","workerId":"worker-pg-continuous-192-f","concurrency":2,"pollIntervalMs":5,"idleMaxBackoffMs":5000,"errorBackoffMs":500,"errorMaxBackoffMs":30000,"leaseMs":1000,"heartbeatIntervalMs":333,"drainMs":5000,"backlogProbe":true,"sweeps":false,"externalEffects":false,"durable":true}
{"event":"worker.outbox.summary","level":"info","timestamp":"2026-10-05T13:10:07.827Z","workerId":"worker-pg-continuous-192-f","reason":"start","claimed":0,"processed":0,"failed":0,"deadLettered":0,"handoffs":0,"errors":0,"claimFailures":0,"leaseLost":0,"heartbeats":0,"idlePolls":0,"released":0,"lag":null,"inFlight":0}
{"event":"worker.metric","name":"worker_outbox_lag","value":0,"attributes":{"operation":"outbox"},"timestamp":"2026-10-05T13:10:07.845Z"}
{"event":"worker.idle_backoff","level":"debug","timestamp":"2026-10-05T13:10:07.845Z","workerId":"worker-pg-continuous-192-f","backoffMs":5,"lag":0}
{"event":"worker.outbox.summary","level":"info","timestamp":"2026-10-05T13:10:07.845Z","workerId":"worker-pg-continuous-192-f","reason":"stop","claimed":0,"processed":0,"failed":0,"deadLettered":0,"handoffs":0,"errors":0,"claimFailures":0,"leaseLost":0,"heartbeats":0,"idlePolls":1,"released":0,"lag":0,"inFlight":0}
{"event":"worker.stopped","level":"info","timestamp":"2026-10-05T13:10:07.845Z","workerId":"worker-pg-continuous-192-f","drained":true,"released":0,"releaseFailed":0,"processed":0,"failed":0,"deadLettered":0,"lag":0}
 [32m✓[39m apps/worker/src/__tests__/continuous-worker-postgres.integration.test.ts [2m([22m[2m3 tests[22m[2m)[22m[33m 3454[2mms[22m[39m
     [33m[2m✓[22m[39m consumes events across a simulated restart and dead-letters a poison event [33m 1145[2mms[22m[39m
     [33m[2m✓[22m[39m observes queue lag, completes in-flight work on shutdown and releases bounded leases [33m 1318[2mms[22m[39m
     [33m[2m✓[22m[39m composes durable approval and journal sweeps for the kernel worker [33m 989[2mms[22m[39m
 [32m✓[39m apps/worker/src/__tests__/kernel-durable-orchestrator-postgres.test.ts [2m([22m[2m6 tests[22m[2m)[22m[33m 1984[2mms[22m[39m
     [33m[2m✓[22m[39m creates a durable Goal and stops at WAITING_APPROVAL through the governed kernel [33m 407[2mms[22m[39m
 [32m✓[39m packages/chaos/src/__tests__/chaos-postgres.test.ts [2m([22m[2m2 tests[22m[2m)[22m[32m 68[2mms[22m[39m
 [32m✓[39m packages/persistence/src/__tests__/attendance-approval-postgres.test.ts [2m([22m[2m1 test[22m[2m)[22m[33m 1005[2mms[22m[39m
     [33m[2m✓[22m[39m forces two connections past the same pending read and rolls back failed audit [33m 1003[2mms[22m[39m
 [32m✓[39m packages/persistence/src/__tests__/goal-concurrency-postgres.test.ts [2m([22m[2m8 tests[22m[2m)[22m[33m 1138[2mms[22m[39m
 [32m✓[39m packages/persistence/src/__tests__/orchestrator-postgres.test.ts [2m([22m[2m5 tests[22m[2m)[22m[33m 1098[2mms[22m[39m
 [32m✓[39m packages/persistence/src/__tests__/platform-approval-postgres.test.ts [2m([22m[2m2 tests[22m[2m)[22m[33m 2200[2mms[22m[39m
     [33m[2m✓[22m[39m persists bindings and consumes approvals atomically exactly once [33m 1192[2mms[22m[39m
     [33m[2m✓[22m[39m enforces tenant visibility for the durable approval table under FORCE RLS [33m 1006[2mms[22m[39m
 [32m✓[39m packages/persistence/src/__tests__/platform-postgres-smoke.test.ts [2m([22m[2m5 tests[22m[2m)[22m[33m 4833[2mms[22m[39m
     [33m[2m✓[22m[39m persists an immutable published version and a tenant-scoped trace [33m 997[2mms[22m[39m
     [33m[2m✓[22m[39m persists versioned suites and redacted A/B run metadata under tenant RLS [33m 987[2mms[22m[39m
     [33m[2m✓[22m[39m persists tenant-scoped plugin metadata with immutable identity and guarded status [33m 983[2mms[22m[39m
     [33m[2m✓[22m[39m persists tenant-scoped knowledge source metadata without content or lifecycle bypass [33m 932[2mms[22m[39m
     [33m[2m✓[22m[39m persists a validated release-candidate evidence ledger without mutating the version [33m 932[2mms[22m[39m
 [32m✓[39m packages/persistence/src/__tests__/retention-postgres.test.ts [2m([22m[2m13 tests[22m[2m)[22m[33m 2612[2mms[22m[39m
 [32m✓[39m packages/persistence/src/__tests__/runtime-approval-store-postgres.test.ts [2m([22m[2m14 tests[22m[2m)[22m[33m 2298[2mms[22m[39m
     [33m[2m✓[22m[39m applies 0015 additively over 0014 with the checksum guard [33m 1015[2mms[22m[39m

[2m Test Files [22m [1m[32m319 passed[39m[22m[90m (319)[39m
[2m      Tests [22m [1m[32m2876 passed[39m[22m[90m (2876)[39m
[2m   Start at [22m 13:04:01
[2m   Duration [22m 397.20s[2m (transform 4.69s, setup 0ms, import 48.77s, tests 108.85s, environment 182.67s)[22m

[34m % [39m[2mCoverage report from [22m[33mv8[39m
-------------------|---------|----------|---------|---------|-------------------
File               | % Stmts | % Branch | % Funcs | % Lines | Uncovered Line #s 
-------------------|---------|----------|---------|---------|-------------------
All files          |   97.19 |    94.43 |   96.81 |   97.79 |                   
 apps/api/src      |    96.9 |    91.31 |   98.15 |   98.05 |                   
  ...e-boundary.ts |     100 |      100 |     100 |     100 |                   
  ...t-boundary.ts |     100 |      100 |     100 |     100 |                   
  http-security.ts |   92.79 |    90.95 |     100 |   98.93 | 293,478           
  ...t-boundary.ts |     100 |      100 |     100 |     100 |                   
  ...r-identity.ts |   93.62 |    94.76 |   94.44 |   95.62 | ...27-430,438-439 
  ...play-store.ts |   97.87 |     95.5 |     100 |   98.88 | 223               
  ...ervability.ts |      98 |      100 |     100 |   97.87 | 320               
  ...n-boundary.ts |     100 |      100 |     100 |     100 |                   
  rate-limit.ts    |     100 |    97.56 |     100 |     100 | 162               
  readiness.ts     |     100 |     87.5 |     100 |     100 | 105-117           
  ...st-metrics.ts |     100 |      100 |     100 |     100 |                   
  ...orrelation.ts |     100 |      100 |     100 |     100 |                   
  server.ts        |   97.26 |    86.45 |   97.69 |   97.84 | ...4440,4501,4506 
  ...up-failure.ts |      96 |       90 |     100 |      96 | 32                
  ...k-security.ts |   98.83 |    98.19 |   97.14 |   99.35 | 284               
 ...api/src/routes |     100 |      100 |     100 |     100 |                   
  approvals.ts     |     100 |      100 |     100 |     100 |                   
  audit.ts         |     100 |      100 |     100 |     100 |                   
  conversations.ts |     100 |      100 |     100 |     100 |                   
  health.ts        |     100 |      100 |     100 |     100 |                   
  tasks.ts         |     100 |      100 |     100 |     100 |                   
  webhooks.ts      |     100 |      100 |     100 |     100 |                   
 ...api/src/server |   97.36 |    98.95 |   92.94 |   97.21 |                   
  ...ersistence.ts |   89.28 |      100 |   78.57 |   88.88 | 188,212-224,356   
  ...ole-checks.ts |    92.1 |    95.16 |     100 |    92.1 | 40,248,309        
  ...st-context.ts |     100 |      100 |     100 |     100 |                   
  request-query.ts |     100 |      100 |     100 |     100 |                   
  ...-isolation.ts |     100 |      100 |     100 |     100 |                   
 apps/worker/src   |   94.18 |    92.05 |    89.2 |   95.21 |                   
  ...ous-worker.ts |   87.69 |    79.19 |   93.61 |   88.88 | ...03,689-690,900 
  ...ry-runtime.ts |   83.33 |       50 |   66.66 |   83.33 | 50-55             
  ...led-worker.ts |      96 |    87.09 |     100 |   95.45 | 125               
  health.ts        |     100 |      100 |     100 |     100 |                   
  ...omposition.ts |    99.5 |    96.67 |     100 |   99.49 | 289,588           
  ...validation.ts |     100 |      100 |     100 |     100 |                   
  ...controlled.ts |   85.18 |    90.16 |   61.53 |   89.68 | ...69-375,487,515 
  ...-preflight.ts |     100 |      100 |     100 |     100 |                   
  ...rker-guard.ts |   97.61 |      100 |     100 |    97.5 | 68                
  sweeps.ts        |   89.85 |    77.77 |   86.66 |   93.65 | 110,115,211-212   
  worker-health.ts |   96.05 |    86.79 |   93.75 |   95.77 | 88-91             
  ...ervability.ts |   94.73 |    90.47 |   93.75 |   93.75 | 148               
  worker.ts        |     100 |    95.34 |     100 |     100 | 54,132            
 ...orker/src/jobs |     100 |    91.17 |     100 |     100 |                   
  ...agent-turn.ts |       0 |        0 |       0 |       0 |                   
  ...tbox-event.ts |     100 |    91.17 |     100 |     100 | 105,123,142       
 ...s/adapters/src |   90.38 |    88.11 |     100 |   90.09 |                   
  ...el-adapter.ts |       0 |        0 |       0 |       0 |                   
  ...d-delivery.ts |   92.85 |    83.78 |     100 |   92.72 | 145,155,164,173   
  index.ts         |       0 |        0 |       0 |       0 |                   
  ...ion-events.ts |       0 |        0 |       0 |       0 |                   
  model-adapter.ts |   85.71 |    90.47 |     100 |   85.36 | ...62,145,157,169 
  resilience.ts    |     100 |      100 |     100 |     100 |                   
 ...pters/src/fake |     100 |       50 |     100 |     100 |                   
  ...pp-adapter.ts |     100 |       50 |     100 |     100 | 19                
 ...agent-core/src |       0 |        0 |       0 |       0 |                   
  index.ts         |       0 |        0 |       0 |       0 |                   
 .../src/agent-run |     100 |      100 |     100 |     100 |                   
  ...un-service.ts |     100 |      100 |     100 |     100 |                   
 ...core/src/audit |     100 |      100 |     100 |     100 |                   
  audit-hook.ts    |     100 |      100 |     100 |     100 |                   
 ...e/src/commands |     100 |    91.53 |     100 |     100 |                   
  ...d-behavior.ts |     100 |       50 |     100 |     100 | 171-174           
  ...ff-summary.ts |     100 |    77.27 |     100 |     100 | 22-26             
  ...ernal-task.ts |     100 |      100 |     100 |     100 |                   
  ...bound-turn.ts |     100 |      100 |     100 |     100 |                   
  ...shed-agent.ts |     100 |    94.73 |     100 |     100 | 103,118           
  ...worker-job.ts |     100 |      100 |     100 |     100 |                   
  ...nd-message.ts |     100 |      100 |     100 |     100 |                   
  ...n-approval.ts |     100 |      100 |     100 |     100 |                   
  ...e-approval.ts |     100 |      100 |     100 |     100 |                   
  ...agent-turn.ts |     100 |      100 |     100 |     100 |                   
 ...re/src/queries |     100 |      100 |     100 |     100 |                   
  ...n-timeline.ts |     100 |      100 |     100 |     100 |                   
 ...re/src/session |     100 |      100 |     100 |     100 |                   
  ...on-manager.ts |     100 |      100 |     100 |     100 |                   
 ...gent-evals/src |   96.87 |    95.09 |   94.44 |   97.93 |                   
  agent.ts         |   86.66 |      100 |   71.42 |    92.3 | 228               
  contracts.ts     |     100 |      100 |     100 |     100 |                   
  index.ts         |       0 |        0 |       0 |       0 |                   
  ...ated-agent.ts |     100 |      100 |     100 |     100 |                   
  metrics.ts       |   98.21 |    81.81 |     100 |      98 | 55                
  runner.ts        |   96.96 |    97.51 |     100 |   98.11 | 222,280-281       
 ...s/src/datasets |     100 |      100 |     100 |     100 |                   
  core.ts          |     100 |      100 |     100 |     100 |                   
  holdout.ts       |     100 |      100 |     100 |     100 |                   
 ...nt-runtime/src |   98.43 |    97.64 |   95.25 |   98.63 |                   
  composition.ts   |     100 |      100 |     100 |     100 |                   
  contracts.ts     |     100 |      100 |     100 |     100 |                   
  ...ct-journal.ts |   98.45 |    97.64 |   95.45 |   99.57 | 855               
  index.ts         |       0 |        0 |       0 |       0 |                   
  orchestration.ts |   98.64 |    96.96 |   97.27 |   98.72 | ...2443,3126,3172 
  proposal.ts      |     100 |    96.15 |     100 |     100 | 135               
  runtime.ts       |      98 |    98.25 |   85.71 |   98.07 | ...2750,2754-2755 
 ...val-engine/src |     100 |    99.72 |     100 |     100 |                   
  authority.ts     |       0 |        0 |       0 |       0 |                   
  contracts.ts     |     100 |      100 |     100 |     100 |                   
  engine.ts        |     100 |     99.7 |     100 |     100 | 721               
  index.ts         |       0 |        0 |       0 |       0 |                   
  store.ts         |     100 |      100 |     100 |     100 |                   
 ...el-gateway/src |   98.43 |    97.61 |    95.4 |     100 |                   
  contracts.ts     |     100 |      100 |     100 |     100 |                   
  ...urnal-file.ts |   98.12 |      100 |   90.32 |     100 |                   
  ...ct-journal.ts |    97.9 |    96.07 |     100 |     100 | 370,424,446,473   
  errors.ts        |     100 |      100 |     100 |     100 |                   
  gateway.ts       |   99.07 |     96.2 |    90.9 |     100 | 96,273,385        
  idempotency.ts   |     100 |      100 |     100 |     100 |                   
  index.ts         |       0 |        0 |       0 |       0 |                   
 ...y/src/adapters |     100 |    96.96 |     100 |     100 |                   
  chatwoot.ts      |     100 |    96.92 |     100 |     100 | 135,167           
  evolution.ts     |     100 |    95.74 |     100 |     100 | 124,156           
  fake.ts          |     100 |      100 |     100 |     100 |                   
 ...ages/chaos/src |   94.11 |    92.85 |   94.73 |   93.93 |                   
  faults.ts        |   94.11 |    92.85 |   94.73 |   93.93 | 121-122           
  index.ts         |       0 |        0 |       0 |       0 |                   
 ...ges/memory/src |     100 |      100 |     100 |     100 |                   
  index.ts         |       0 |        0 |       0 |       0 |                   
  memory-facts.ts  |     100 |      100 |     100 |     100 |                   
 ...el-gateway/src |   98.16 |    95.78 |   98.27 |   98.29 |                   
  budget.ts        |     100 |      100 |     100 |     100 |                   
  ...it-breaker.ts |   94.36 |    96.96 |   91.66 |   93.93 | 31-34             
  contracts.ts     |     100 |      100 |     100 |     100 |                   
  errors.ts        |     100 |      100 |     100 |     100 |                   
  gateway.ts       |   97.93 |    90.74 |     100 |   98.52 | 230,421           
  index.ts         |       0 |        0 |       0 |       0 |                   
  ...t-registry.ts |     100 |      100 |     100 |     100 |                   
  retry.ts         |     100 |      100 |     100 |     100 |                   
  router.ts        |     100 |     97.5 |     100 |     100 | 87                
 .../src/providers |   99.29 |    98.36 |     100 |   99.25 |                   
  deterministic.ts |     100 |      100 |     100 |     100 |                   
  http-errors.ts   |     100 |      100 |     100 |     100 |                   
  ollama.ts        |     100 |    96.96 |     100 |     100 | 159               
  ...compatible.ts |   98.11 |    97.72 |     100 |   98.07 | 184               
 ...ervability/src |   96.48 |     90.1 |    95.9 |   96.98 |                   
  ...ery-ledger.ts |   97.29 |       92 |     100 |   97.22 | 133,186           
  alerts.ts        |    87.5 |    79.31 |   88.88 |   90.24 | 255-259,330       
  audit-ledger.ts  |   97.05 |    88.88 |     100 |   96.96 | 113               
  collector.ts     |   97.14 |    96.73 |   95.08 |   96.94 | ...93,802,904-905 
  index.ts         |       0 |        0 |       0 |       0 |                   
  ...y-exercise.ts |     100 |    82.85 |     100 |     100 | ...14,553-561,637 
  otel.ts          |   91.22 |    81.25 |   92.85 |   96.22 | 54,82             
  redaction.ts     |   97.14 |    89.28 |     100 |   96.55 | 54                
  telemetry.ts     |   97.29 |    97.87 |     100 |   97.05 | 330-331           
  trace-context.ts |   94.73 |    65.62 |   85.71 |   93.75 | 102               
 ...es/persistence |       0 |        0 |       0 |       0 |                   
  ...zle.config.ts |       0 |        0 |       0 |       0 |                   
 ...ersistence/src |   97.74 |    94.09 |   99.34 |   98.39 |                   
  ...e-approval.ts |     100 |      100 |     100 |     100 |                   
  ...checkpoint.ts |     100 |      100 |     100 |     100 |                   
  db.ts            |     100 |      100 |     100 |     100 |                   
  index.ts         |       0 |        0 |       0 |       0 |                   
  journeys.ts      |     100 |    99.54 |     100 |     100 | 205               
  list-limits.ts   |     100 |      100 |     100 |     100 |                   
  outbox.ts        |   99.67 |    99.06 |     100 |     100 | 582,807,1148      
  restore.ts       |   99.53 |    90.62 |     100 |    99.5 | 384               
  retention.ts     |   92.75 |    80.32 |   96.42 |   94.73 | ...1449,1494,1567 
  ...oval-store.ts |   98.39 |    97.61 |     100 |    98.9 | 563,970           
  schema.ts        |       0 |        0 |       0 |       0 |                   
  ...ingerprint.ts |     100 |      100 |     100 |     100 |                   
 ...c/repositories |   98.82 |    93.97 |   97.29 |   99.05 |                   
  ...repository.ts |     100 |     93.1 |     100 |     100 | 64,97             
  ...repository.ts |   98.92 |    95.69 |   96.77 |   98.87 | 180               
  ...repository.ts |   98.24 |     92.8 |   96.07 |   98.75 | 106,521           
  ...repository.ts |     100 |      100 |     100 |     100 |                   
  ...repository.ts |     100 |    94.11 |     100 |     100 | 61,84             
 ...s/platform/src |   96.01 |    93.85 |    97.9 |   96.35 |                   
  ...-authority.ts |   96.62 |    97.64 |     100 |    98.7 | 204               
  contracts.ts     |   95.76 |    87.75 |     100 |   95.68 | ...66,270,289,658 
  ...lane-store.ts |   96.36 |    92.96 |   95.96 |    96.5 | ...1144,1290,1380 
  ...ed-plugins.ts |     100 |    85.71 |     100 |     100 | 17                
  ...-preflight.ts |   89.74 |    90.62 |   83.33 |   89.47 | 170-171,179-180   
  event-bus.ts     |   98.87 |    98.66 |     100 |   98.82 | 230               
  handoff.ts       |     100 |      100 |     100 |     100 |                   
  ids.ts           |     100 |      100 |     100 |     100 |                   
  index.ts         |       0 |        0 |       0 |       0 |                   
  ...l-provider.ts |     100 |      100 |     100 |     100 |                   
  output-policy.ts |      90 |    86.66 |     100 |   91.66 | 154,176,263,267   
  ...in-gateway.ts |    96.2 |     93.2 |   97.43 |   96.88 | ...99,768,775,781 
  ...-evaluator.ts |   95.83 |    96.87 |     100 |   95.65 | 60                
  ...t-composer.ts |     100 |      100 |     100 |     100 |                   
  ...pt-profile.ts |   92.85 |     91.3 |     100 |   92.72 | 115,139,175,220   
  qualification.ts |    92.5 |     92.5 |     100 |   91.17 | 48,106,121        
  ...-candidate.ts |   97.29 |       96 |     100 |   97.22 | 132               
  ...ion-ledger.ts |   98.68 |    96.87 |     100 |     100 | 204               
  ...assessment.ts |   95.45 |    94.11 |     100 |   97.36 | 68                
  ...ary-preset.ts |     100 |      100 |     100 |     100 |                   
  ...-evaluator.ts |     100 |    88.88 |     100 |     100 | 34,43             
  test-lab.ts      |   95.78 |    94.37 |     100 |   95.55 | ...53,859,892-896 
  ...n-boundary.ts |   97.95 |    94.62 |     100 |   97.75 | 122,184           
  ...governance.ts |   92.68 |    94.11 |   94.73 |   93.69 | ...32,440-442,446 
 ...icy-engine/src |   98.77 |    97.84 |     100 |   99.34 |                   
  capabilities.ts  |     100 |      100 |     100 |     100 |                   
  documents.ts     |     100 |      100 |     100 |     100 |                   
  engine.ts        |   98.98 |    98.16 |     100 |   98.92 | 285               
  grants.ts        |   94.73 |    83.33 |     100 |     100 | 154               
  index.ts         |       0 |        0 |       0 |       0 |                   
 ...ges/policy/src |     100 |      100 |     100 |     100 |                   
  index.ts         |       0 |        0 |       0 |       0 |                   
  policy-engine.ts |     100 |      100 |     100 |     100 |                   
  ...cy-version.ts |     100 |      100 |     100 |     100 |                   
 .../src/approvals |     100 |      100 |     100 |     100 |                   
  ...al-service.ts |     100 |      100 |     100 |     100 |                   
 ...icy/src/safety |     100 |      100 |     100 |     100 |                   
  ...boundaries.ts |     100 |      100 |     100 |     100 |                   
 packages/rag/src  |     100 |     93.1 |     100 |     100 |                   
  index.ts         |       0 |        0 |       0 |       0 |                   
  ...tional-rag.ts |     100 |     93.1 |     100 |     100 | 87                
  ...rag-source.ts |     100 |      100 |     100 |     100 |                   
 ...ges/shared/src |   98.19 |    96.91 |     100 |   99.22 |                   
  ...governance.ts |   95.68 |    94.73 |     100 |   98.98 | 408               
  auth.ts          |     100 |      100 |     100 |     100 |                   
  canonical.ts     |   97.91 |    96.77 |     100 |   97.72 | 112               
  ...sification.ts |     100 |      100 |     100 |     100 |                   
  enums.ts         |     100 |      100 |     100 |     100 |                   
  env.ts           |     100 |      100 |     100 |     100 |                   
  envelope.ts      |     100 |      100 |     100 |     100 |                   
  errors.ts        |     100 |      100 |     100 |     100 |                   
  ids.ts           |     100 |       75 |     100 |     100 | 13-14             
  index.ts         |       0 |        0 |       0 |       0 |                   
  lifecycle.ts     |    97.5 |    93.75 |     100 |     100 | 62                
  observability.ts |     100 |      100 |     100 |     100 |                   
  pagination.ts    |     100 |      100 |     100 |     100 |                   
  ssrf.ts          |   99.18 |    98.54 |     100 |   98.94 | 160               
 ...ed/src/schemas |     100 |      100 |     100 |     100 |                   
  api.ts           |     100 |      100 |     100 |     100 |                   
  application.ts   |     100 |      100 |     100 |     100 |                   
 ...ages/tools/src |     100 |      100 |     100 |     100 |                   
  contracts.ts     |     100 |      100 |     100 |     100 |                   
  index.ts         |       0 |        0 |       0 |       0 |                   
  ...rm-adapter.ts |     100 |      100 |     100 |     100 |                   
  registry.ts      |     100 |      100 |     100 |     100 |                   
 ...ools/src/local |     100 |      100 |     100 |     100 |                   
  ...ment-draft.ts |     100 |      100 |     100 |     100 |                   
  ...urney-task.ts |     100 |      100 |     100 |     100 |                   
  ...wner-draft.ts |     100 |      100 |     100 |     100 |                   
  ...ient-draft.ts |     100 |      100 |     100 |     100 |                   
  ...able-slots.ts |     100 |      100 |     100 |     100 |                   
  ...l-registry.ts |     100 |      100 |     100 |     100 |                   
  link-patient.ts  |     100 |      100 |     100 |     100 |                   
  ...ey-handoff.ts |     100 |      100 |     100 |     100 |                   
  ...r-by-phone.ts |     100 |      100 |     100 |     100 |                   
  ...ch-patient.ts |     100 |      100 |     100 |     100 |                   
 .../workflows/src |       0 |        0 |       0 |       0 |                   
  index.ts         |       0 |        0 |       0 |       0 |                   
 ...ws/src/handoff |     100 |      100 |     100 |     100 |                   
  ...ff-summary.ts |     100 |      100 |     100 |     100 |                   
 .../institutional |     100 |      100 |     100 |     100 |                   
  ...n-workflow.ts |     100 |      100 |     100 |     100 |                   
 ...ows/src/intent |     100 |      100 |     100 |     100 |                   
  ...t-workflow.ts |     100 |      100 |     100 |     100 |                   
 ...s/src/journeys |   94.73 |    67.85 |     100 |   94.73 |                   
  ...y-workflow.ts |   94.73 |    67.85 |     100 |   94.73 | 82                
 .../owner-patient |     100 |      100 |     100 |     100 |                   
  ...t-workflow.ts |     100 |      100 |     100 |     100 |                   
 ...src/scheduling |     100 |      100 |     100 |     100 |                   
  ...t-workflow.ts |     100 |      100 |     100 |     100 |                   
 ...ows/src/triage |     100 |      100 |     100 |     100 |                   
  ...e-workflow.ts |     100 |      100 |     100 |     100 |                   
-------------------|---------|----------|---------|---------|-------------------


