$ npm run verify
# certificationId=phase11-72fa77fcda6fad8c-muv8q8tu
# candidateId=72fa77fcda6fad8cfdc893e8341cd5a6d371e9b5b2b9ef5eaa274cf3ee076267
# commit=dfe2c1dd992a96a55dd41f5c516352a82f587cbf
# treeHash=d3c0ed467fd3ad307e8665678b54c092ff9255fb3354c36da0a96d656a105569
# gate=verify
# profile=CONTROLLED_LOCAL
# databaseConfigured=false
# realEffects=disabled
# exitCode=0 durationMs=868890


> cvg-claw@1.0.0 verify
> npm run format:check && npm run docs:check && npm run typecheck && npm run lint && npm run build && npm test && npm run test:coverage && npm run audit:security


> cvg-claw@1.0.0 format:check
> prettier --check .

Checking formatting...
All matched files use Prettier code style!

> cvg-claw@1.0.0 docs:check
> node scripts/docs-check.mjs

{
  "schemaVersion": 1,
  "kind": "aud19-documentation-check",
  "valid": true,
  "links": {
    "checked": 2216,
    "broken": []
  },
  "json": {
    "checked": 653,
    "invalid": []
  },
  "states": {
    "declared": [
      "READY_FOR_NEXT_STEP"
    ],
    "unexpected": []
  },
  "nextAction": {
    "valid": true,
    "reason": null,
    "runtimeStateAction": "obter o parecer do crítico independente no opencode para o candidato congelado da Onda 1 (pedido em `docs/04_audit/evidence/CLAW-W1/`); rodar a passada 2 no contêiner de paridade, commitar o selo com recibo só em `docs/04_audit/evidence/` e fazer push (CLAW-W1-06); decidir a renovação da política de tombstone antes de 2026-12-31 (CLAW-W1-07); responder às 6 perguntas abertas da Discovery 0026 (CLAW-W2-01).",
    "currentIndexAction": "obter o parecer do crítico independente no opencode para o candidato congelado da Onda 1 (pedido em `docs/04_audit/evidence/CLAW-W1/`); rodar a passada 2 no contêiner de paridade, commitar o selo com recibo só em `docs/04_audit/evidence/` e fazer push (CLAW-W1-06); decidir a renovação da política de tombstone antes de 2026-12-31 (CLAW-W1-07); responder às 6 perguntas abertas da Discovery 0026 (CLAW-W2-01)."
  },
  "semantic": {
    "valid": true,
    "failures": [],
    "state": {
      "valid": true,
      "failures": []
    },
    "node": {
      "valid": true,
      "failures": []
    },
    "observedNode": "v22.23.2"
  }
}

> cvg-claw@1.0.0 typecheck
> tsc -p tsconfig.typecheck.json --noEmit


> cvg-claw@1.0.0 lint
> eslint .


> cvg-claw@1.0.0 build
> npm run typecheck && npm run build:web


> cvg-claw@1.0.0 typecheck
> tsc -p tsconfig.typecheck.json --noEmit


> cvg-claw@1.0.0 build:web
> vite --config vite.config.mts build apps/web

[36mvite v8.2.2 [32mbuilding client environment for production...[36m[39m
transforming...
✓ 166 modules transformed.
rendering chunks...
computing gzip size...
apps/web/dist/index.html                   0.40 kB │ gzip:   0.27 kB
apps/web/dist/assets/index-D6AUeih4.css   30.57 kB │ gzip:   6.28 kB
apps/web/dist/assets/index-B8BMOsdI.js   405.28 kB │ gzip: 114.78 kB

[32m✓ built in 566ms[39m

> cvg-claw@1.0.0 test
> vitest run --no-file-parallelism --maxWorkers=2


[1m[30m[46m RUN [49m[39m[22m [36mv4.1.11 [39m[90m/home/ricardo/cvg-claw[39m

 [32m✓[39m tests/mutation-sentinel.test.js [2m([22m[2m5 tests[22m[2m)[22m[33m 4839[2mms[22m[39m
     [33m[2m✓[22m[39m detects the frozen eval-threshold mutant without touching the worktree [33m 2536[2mms[22m[39m
     [33m[2m✓[22m[39m reports a drifted target as a gap instead of inventing detection [33m 634[2mms[22m[39m
     [33m[2m✓[22m[39m returns a non-zero process exit when --fail-on-gaps finds a surviving gap [33m 1290[2mms[22m[39m
 [32m✓[39m tests/promotion-expectation.test.js [2m([22m[2m14 tests[22m[2m)[22m[33m 3471[2mms[22m[39m
     [33m[2m✓[22m[39m keeps the default expectation exit code tied to eligibility [33m 1169[2mms[22m[39m
     [33m[2m✓[22m[39m accepts EXTERNAL_ONLY while only human gates remain pending [33m 1075[2mms[22m[39m
     [33m[2m✓[22m[39m fails closed on an unknown expectation value [33m 1218[2mms[22m[39m
 [32m✓[39m apps/api/src/__tests__/readiness.test.ts [2m([22m[2m11 tests[22m[2m)[22m[33m 2996[2mms[22m[39m
     [33m[2m✓[22m[39m returns 503 when destruction rejects the timed out query [33m 921[2mms[22m[39m
     [33m[2m✓[22m[39m bounds pending pool admission and destroys a late client exactly once [33m 934[2mms[22m[39m
     [33m[2m✓[22m[39m ignores late query success and recovers after the outstanding operation settles [33m 917[2mms[22m[39m
 [32m✓[39m apps/web/src/__tests__/app.test.tsx [2m([22m[2m17 tests[22m[2m)[22m[33m 2271[2mms[22m[39m
     [33m[2m✓[22m[39m does not apply an in-flight approval refresh after the tenant changes [33m 409[2mms[22m[39m
 [32m✓[39m tests/production-preflight.test.js [2m([22m[2m16 tests[22m[2m)[22m[33m 4693[2mms[22m[39m
     [33m[2m✓[22m[39m runs the shared gate before API and worker bootstrap [33m 4283[2mms[22m[39m
 [32m✓[39m packages/agent-runtime/src/__tests__/orchestration-branch-hardening.test.ts [2m([22m[2m88 tests[22m[2m)[22m[33m 1555[2mms[22m[39m
     [33m[2m✓[22m[39m renews the lease during a long execution and settles with the renewed lease [33m 422[2mms[22m[39m
     [33m[2m✓[22m[39m aborts execution and reports lease loss when heartbeat renewal fails quickly [33m 602[2mms[22m[39m
     [33m[2m✓[22m[39m awaits an in-flight heartbeat before reporting lease loss [33m 354[2mms[22m[39m
 [32m✓[39m apps/web/src/features/platform/multi-agent-creation.test.tsx [2m([22m[2m6 tests[22m[2m)[22m[33m 2195[2mms[22m[39m
     [33m[2m✓[22m[39m creates Agent A and Agent B in one tenant-scoped session with isolated drafts [33m 968[2mms[22m[39m
     [33m[2m✓[22m[39m shows only the selected agent traces in the tenant-scoped Trace Viewer [33m 399[2mms[22m[39m
 [32m✓[39m packages/agent-runtime/src/__tests__/branches-b-20260925.test.ts [2m([22m[2m13 tests[22m[2m)[22m[33m 1189[2mms[22m[39m
     [33m[2m✓[22m[39m renews the step lease while a slow executor runs [33m 756[2mms[22m[39m
     [33m[2m✓[22m[39m abandons the step when the lease heartbeat fails [33m 404[2mms[22m[39m
 [32m✓[39m apps/web/src/__tests__/journeys-identity-race.test.tsx [2m([22m[2m13 tests[22m[2m)[22m[33m 1606[2mms[22m[39m
 [32m✓[39m apps/api/src/__tests__/identity-composition-wiring.test.ts [2m([22m[2m8 tests[22m[2m)[22m[33m 1446[2mms[22m[39m
     [33m[2m✓[22m[39m fails the real entrypoint closed before resolver composition without runtime proof [33m 1113[2mms[22m[39m
 [32m✓[39m apps/web/src/__tests__/platform-panel.test.tsx [2m([22m[2m6 tests[22m[2m)[22m[33m 1619[2mms[22m[39m
     [33m[2m✓[22m[39m lists and transitions metadata-only plugin catalog entries with tenant scope [33m 589[2mms[22m[39m
     [33m[2m✓[22m[39m rejects invalid plugin metadata locally before sending it to the API [33m 380[2mms[22m[39m
{"event":"worker.started","level":"info","timestamp":"2026-10-05T12:45:14.909Z","workerId":"worker-restart-190-a","concurrency":2,"pollIntervalMs":5,"idleMaxBackoffMs":5000,"errorBackoffMs":500,"errorMaxBackoffMs":30000,"leaseMs":1000,"heartbeatIntervalMs":333,"drainMs":10000,"backlogProbe":true,"sweeps":false,"externalEffects":false,"durable":true}
{"event":"worker.outbox.summary","level":"info","timestamp":"2026-10-05T12:45:14.911Z","workerId":"worker-restart-190-a","reason":"start","claimed":0,"processed":0,"failed":0,"deadLettered":0,"handoffs":0,"errors":0,"claimFailures":0,"leaseLost":0,"heartbeats":0,"idlePolls":0,"released":0,"lag":null,"inFlight":0}
{"event":"worker.metric","name":"worker_outbox_lag","value":0,"attributes":{"operation":"outbox"},"timestamp":"2026-10-05T12:45:14.912Z"}
{"event":"worker.idle_backoff","level":"debug","timestamp":"2026-10-05T12:45:14.912Z","workerId":"worker-restart-190-a","backoffMs":5,"lag":0}
{"event":"worker.metric","name":"worker_outbox_processed_total","value":1,"attributes":{"status":"processed"},"timestamp":"2026-10-05T12:45:14.912Z"}
{"event":"worker.outbox.processed","level":"info","timestamp":"2026-10-05T12:45:14.912Z","eventId":"outbox_c57a3866-2e5b-435a-8afa-8cee4a66176e","workerId":"worker-restart-190-a","status":"processed","attempt":1,"leaseLost":false,"operation":"outbox"}
{"event":"worker.outbox.summary","level":"info","timestamp":"2026-10-05T12:45:14.919Z","workerId":"worker-restart-190-a","reason":"stop","claimed":1,"processed":1,"failed":0,"deadLettered":0,"handoffs":0,"errors":0,"claimFailures":0,"leaseLost":0,"heartbeats":0,"idlePolls":1,"released":0,"lag":0,"inFlight":0}
{"event":"worker.stopped","level":"info","timestamp":"2026-10-05T12:45:14.919Z","workerId":"worker-restart-190-a","drained":true,"released":0,"releaseFailed":0,"processed":1,"failed":0,"deadLettered":0,"lag":0}
{"event":"worker.started","level":"info","timestamp":"2026-10-05T12:45:14.920Z","workerId":"worker-restart-190-b","concurrency":2,"pollIntervalMs":5,"idleMaxBackoffMs":5000,"errorBackoffMs":500,"errorMaxBackoffMs":30000,"leaseMs":1000,"heartbeatIntervalMs":333,"drainMs":10000,"backlogProbe":true,"sweeps":false,"externalEffects":false,"durable":true}
{"event":"worker.outbox.summary","level":"info","timestamp":"2026-10-05T12:45:14.920Z","workerId":"worker-restart-190-b","reason":"start","claimed":0,"processed":0,"failed":0,"deadLettered":0,"handoffs":0,"errors":0,"claimFailures":0,"leaseLost":0,"heartbeats":0,"idlePolls":0,"released":0,"lag":null,"inFlight":0}
{"event":"worker.metric","name":"worker_outbox_lag","value":0,"attributes":{"operation":"outbox"},"timestamp":"2026-10-05T12:45:14.921Z"}
{"event":"worker.idle_backoff","level":"debug","timestamp":"2026-10-05T12:45:14.921Z","workerId":"worker-restart-190-b","backoffMs":5,"lag":0}
{"event":"worker.metric","name":"worker_outbox_processed_total","value":1,"attributes":{"status":"processed"},"timestamp":"2026-10-05T12:45:14.921Z"}
{"event":"worker.outbox.processed","level":"info","timestamp":"2026-10-05T12:45:14.921Z","eventId":"outbox_52af0d63-aa82-4dfc-a34f-ab9e6855dcb2","workerId":"worker-restart-190-b","status":"processed","attempt":1,"leaseLost":false,"operation":"outbox"}
{"event":"worker.outbox.summary","level":"info","timestamp":"2026-10-05T12:45:14.927Z","workerId":"worker-restart-190-b","reason":"stop","claimed":1,"processed":1,"failed":0,"deadLettered":0,"handoffs":0,"errors":0,"claimFailures":0,"leaseLost":0,"heartbeats":0,"idlePolls":1,"released":0,"lag":0,"inFlight":0}
{"event":"worker.stopped","level":"info","timestamp":"2026-10-05T12:45:14.927Z","workerId":"worker-restart-190-b","drained":true,"released":0,"releaseFailed":0,"processed":1,"failed":0,"deadLettered":0,"lag":0}
{"event":"worker.started","level":"info","timestamp":"2026-10-05T12:45:14.946Z","workerId":"worker-retry-190","concurrency":2,"pollIntervalMs":5,"idleMaxBackoffMs":5000,"errorBackoffMs":500,"errorMaxBackoffMs":30000,"leaseMs":1000,"heartbeatIntervalMs":333,"drainMs":10000,"backlogProbe":true,"sweeps":false,"externalEffects":false,"durable":true}
{"event":"worker.outbox.summary","level":"info","timestamp":"2026-10-05T12:45:14.946Z","workerId":"worker-retry-190","reason":"start","claimed":0,"processed":0,"failed":0,"deadLettered":0,"handoffs":0,"errors":0,"claimFailures":0,"leaseLost":0,"heartbeats":0,"idlePolls":0,"released":0,"lag":null,"inFlight":0}
{"event":"worker.metric","name":"worker_outbox_lag","value":0,"attributes":{"operation":"outbox"},"timestamp":"2026-10-05T12:45:14.947Z"}
{"event":"worker.idle_backoff","level":"debug","timestamp":"2026-10-05T12:45:14.947Z","workerId":"worker-retry-190","backoffMs":5,"lag":0}
{"event":"worker.metric","name":"worker_outbox_failed_total","value":1,"attributes":{"status":"failed"},"timestamp":"2026-10-05T12:45:14.948Z"}
{"event":"worker.outbox.failed","level":"info","timestamp":"2026-10-05T12:45:14.948Z","eventId":"outbox_6e1d1396-5b47-4f10-a3b9-8531fd4e76be","workerId":"worker-retry-190","status":"failed","attempt":1,"leaseLost":false,"error":"[redacted-outbox-error]","operation":"outbox"}
{"event":"worker.idle_backoff","level":"debug","timestamp":"2026-10-05T12:45:14.953Z","workerId":"worker-retry-190","backoffMs":5,"lag":0}
{"event":"worker.metric","name":"worker_outbox_processed_total","value":1,"attributes":{"status":"processed"},"timestamp":"2026-10-05T12:45:14.954Z"}
{"event":"worker.outbox.processed","level":"info","timestamp":"2026-10-05T12:45:14.954Z","eventId":"outbox_6e1d1396-5b47-4f10-a3b9-8531fd4e76be","workerId":"worker-retry-190","status":"processed","attempt":2,"leaseLost":false,"operation":"outbox"}
{"event":"worker.outbox.summary","level":"info","timestamp":"2026-10-05T12:45:14.958Z","workerId":"worker-retry-190","reason":"stop","claimed":2,"processed":1,"failed":1,"deadLettered":0,"handoffs":0,"errors":0,"claimFailures":0,"leaseLost":0,"heartbeats":0,"idlePolls":2,"released":0,"lag":0,"inFlight":0}
{"event":"worker.stopped","level":"info","timestamp":"2026-10-05T12:45:14.958Z","workerId":"worker-retry-190","drained":true,"released":0,"releaseFailed":0,"processed":1,"failed":1,"deadLettered":0,"lag":0}
{"event":"worker.started","level":"info","timestamp":"2026-10-05T12:45:14.959Z","workerId":"worker-poison-190","concurrency":1,"pollIntervalMs":5,"idleMaxBackoffMs":5000,"errorBackoffMs":500,"errorMaxBackoffMs":30000,"leaseMs":1000,"heartbeatIntervalMs":333,"drainMs":10000,"backlogProbe":true,"sweeps":false,"externalEffects":false,"durable":true}
{"event":"worker.outbox.summary","level":"info","timestamp":"2026-10-05T12:45:14.959Z","workerId":"worker-poison-190","reason":"start","claimed":0,"processed":0,"failed":0,"deadLettered":0,"handoffs":0,"errors":0,"claimFailures":0,"leaseLost":0,"heartbeats":0,"idlePolls":0,"released":0,"lag":null,"inFlight":0}
{"event":"worker.metric","name":"worker_outbox_lag","value":1,"attributes":{"operation":"outbox"},"timestamp":"2026-10-05T12:45:14.960Z"}
{"event":"worker.metric","name":"worker_outbox_dead_lettered_total","value":1,"attributes":{"status":"dead_letter"},"timestamp":"2026-10-05T12:45:14.960Z"}
{"event":"worker.outbox.dead_letter","level":"info","timestamp":"2026-10-05T12:45:14.960Z","eventId":"outbox_c40cca32-5be2-4170-9792-445be97a28d8","workerId":"worker-poison-190","status":"dead_letter","attempt":1,"leaseLost":false,"error":"[redacted-outbox-error]","operation":"outbox"}
{"event":"worker.metric","name":"worker_outbox_processed_total","value":1,"attributes":{"status":"processed"},"timestamp":"2026-10-05T12:45:14.966Z"}
{"event":"worker.outbox.processed","level":"info","timestamp":"2026-10-05T12:45:14.966Z","eventId":"outbox_1816db1c-d654-4755-9a0a-83c914f52760","workerId":"worker-poison-190","status":"processed","attempt":1,"leaseLost":false,"operation":"outbox"}
{"event":"worker.outbox.summary","level":"info","timestamp":"2026-10-05T12:45:14.970Z","workerId":"worker-poison-190","reason":"stop","claimed":2,"processed":1,"failed":0,"deadLettered":1,"handoffs":0,"errors":0,"claimFailures":0,"leaseLost":0,"heartbeats":0,"idlePolls":0,"released":0,"lag":1,"inFlight":0}
{"event":"worker.stopped","level":"info","timestamp":"2026-10-05T12:45:14.970Z","workerId":"worker-poison-190","drained":true,"released":0,"releaseFailed":0,"processed":1,"failed":0,"deadLettered":1,"lag":1}
{"event":"worker.started","level":"info","timestamp":"2026-10-05T12:45:14.971Z","workerId":"worker-requeue-190-a","concurrency":1,"pollIntervalMs":5,"idleMaxBackoffMs":5000,"errorBackoffMs":500,"errorMaxBackoffMs":30000,"leaseMs":1000,"heartbeatIntervalMs":333,"drainMs":10000,"backlogProbe":true,"sweeps":false,"externalEffects":false,"durable":true}
{"event":"worker.outbox.summary","level":"info","timestamp":"2026-10-05T12:45:14.971Z","workerId":"worker-requeue-190-a","reason":"start","claimed":0,"processed":0,"failed":0,"deadLettered":0,"handoffs":0,"errors":0,"claimFailures":0,"leaseLost":0,"heartbeats":0,"idlePolls":0,"released":0,"lag":null,"inFlight":0}
{"event":"worker.metric","name":"worker_outbox_lag","value":0,"attributes":{"operation":"outbox"},"timestamp":"2026-10-05T12:45:14.972Z"}
{"event":"worker.metric","name":"worker_outbox_dead_lettered_total","value":1,"attributes":{"status":"dead_letter"},"timestamp":"2026-10-05T12:45:14.973Z"}
{"event":"worker.outbox.dead_letter","level":"info","timestamp":"2026-10-05T12:45:14.973Z","eventId":"outbox_efdb8dfd-242e-4833-94f1-a0f7566dce9e","workerId":"worker-requeue-190-a","status":"dead_letter","attempt":1,"leaseLost":false,"error":"[redacted-outbox-error]","operation":"outbox"}
{"event":"worker.outbox.summary","level":"info","timestamp":"2026-10-05T12:45:14.978Z","workerId":"worker-requeue-190-a","reason":"stop","claimed":1,"processed":0,"failed":0,"deadLettered":1,"handoffs":0,"errors":0,"claimFailures":0,"leaseLost":0,"heartbeats":0,"idlePolls":0,"released":0,"lag":0,"inFlight":0}
{"event":"worker.stopped","level":"info","timestamp":"2026-10-05T12:45:14.979Z","workerId":"worker-requeue-190-a","drained":true,"released":0,"releaseFailed":0,"processed":0,"failed":0,"deadLettered":1,"lag":0}
{"event":"worker.started","level":"info","timestamp":"2026-10-05T12:45:14.980Z","workerId":"worker-requeue-190-b","concurrency":1,"pollIntervalMs":5,"idleMaxBackoffMs":5000,"errorBackoffMs":500,"errorMaxBackoffMs":30000,"leaseMs":1000,"heartbeatIntervalMs":333,"drainMs":10000,"backlogProbe":true,"sweeps":false,"externalEffects":false,"durable":true}
{"event":"worker.outbox.summary","level":"info","timestamp":"2026-10-05T12:45:14.980Z","workerId":"worker-requeue-190-b","reason":"start","claimed":0,"processed":0,"failed":0,"deadLettered":0,"handoffs":0,"errors":0,"claimFailures":0,"leaseLost":0,"heartbeats":0,"idlePolls":0,"released":0,"lag":null,"inFlight":0}
{"event":"worker.metric","name":"worker_outbox_lag","value":0,"attributes":{"operation":"outbox"},"timestamp":"2026-10-05T12:45:14.981Z"}
{"event":"worker.metric","name":"worker_outbox_processed_total","value":1,"attributes":{"status":"processed"},"timestamp":"2026-10-05T12:45:14.982Z"}
{"event":"worker.outbox.processed","level":"info","timestamp":"2026-10-05T12:45:14.982Z","eventId":"outbox_efdb8dfd-242e-4833-94f1-a0f7566dce9e","workerId":"worker-requeue-190-b","status":"processed","attempt":1,"leaseLost":false,"operation":"outbox"}
{"event":"worker.outbox.summary","level":"info","timestamp":"2026-10-05T12:45:14.985Z","workerId":"worker-requeue-190-b","reason":"stop","claimed":1,"processed":1,"failed":0,"deadLettered":0,"handoffs":0,"errors":0,"claimFailures":0,"leaseLost":0,"heartbeats":0,"idlePolls":0,"released":0,"lag":0,"inFlight":0}
{"event":"worker.stopped","level":"info","timestamp":"2026-10-05T12:45:14.986Z","workerId":"worker-requeue-190-b","drained":true,"released":0,"releaseFailed":0,"processed":1,"failed":0,"deadLettered":0,"lag":0}
{"event":"worker.started","level":"info","timestamp":"2026-10-05T12:45:15.012Z","workerId":"worker-sigterm-190","concurrency":2,"pollIntervalMs":5,"idleMaxBackoffMs":5000,"errorBackoffMs":500,"errorMaxBackoffMs":30000,"leaseMs":1000,"heartbeatIntervalMs":333,"drainMs":10000,"backlogProbe":true,"sweeps":false,"externalEffects":false,"durable":true}
{"event":"worker.outbox.summary","level":"info","timestamp":"2026-10-05T12:45:15.012Z","workerId":"worker-sigterm-190","reason":"start","claimed":0,"processed":0,"failed":0,"deadLettered":0,"handoffs":0,"errors":0,"claimFailures":0,"leaseLost":0,"heartbeats":0,"idlePolls":0,"released":0,"lag":null,"inFlight":0}
{"event":"worker.metric","name":"worker_outbox_lag","value":0,"attributes":{"operation":"outbox"},"timestamp":"2026-10-05T12:45:15.013Z"}
{"event":"worker.idle_backoff","level":"debug","timestamp":"2026-10-05T12:45:15.013Z","workerId":"worker-sigterm-190","backoffMs":5,"lag":0}
{"event":"worker.metric","name":"worker_outbox_processed_total","value":1,"attributes":{"status":"processed"},"timestamp":"2026-10-05T12:45:15.039Z"}
{"event":"worker.outbox.processed","level":"info","timestamp":"2026-10-05T12:45:15.039Z","eventId":"outbox_acdee383-ae19-42c9-9cf2-f9e69fed9043","workerId":"worker-sigterm-190","status":"processed","attempt":1,"leaseLost":false,"operation":"outbox"}
{"event":"worker.outbox.summary","level":"info","timestamp":"2026-10-05T12:45:15.039Z","workerId":"worker-sigterm-190","reason":"stop","claimed":1,"processed":1,"failed":0,"deadLettered":0,"handoffs":0,"errors":0,"claimFailures":0,"leaseLost":0,"heartbeats":0,"idlePolls":1,"released":0,"lag":0,"inFlight":0}
{"event":"worker.stopped","level":"info","timestamp":"2026-10-05T12:45:15.039Z","workerId":"worker-sigterm-190","drained":true,"released":0,"releaseFailed":0,"processed":1,"failed":0,"deadLettered":0,"lag":0}
{"event":"worker.started","level":"info","timestamp":"2026-10-05T12:45:15.040Z","workerId":"worker-release-190-a","concurrency":2,"pollIntervalMs":5,"idleMaxBackoffMs":5000,"errorBackoffMs":500,"errorMaxBackoffMs":30000,"leaseMs":1000,"heartbeatIntervalMs":333,"drainMs":10000,"backlogProbe":true,"sweeps":false,"externalEffects":false,"durable":true}
{"event":"worker.outbox.summary","level":"info","timestamp":"2026-10-05T12:45:15.040Z","workerId":"worker-release-190-a","reason":"start","claimed":0,"processed":0,"failed":0,"deadLettered":0,"handoffs":0,"errors":0,"claimFailures":0,"leaseLost":0,"heartbeats":0,"idlePolls":0,"released":0,"lag":null,"inFlight":0}
{"event":"worker.metric","name":"worker_outbox_lag","value":0,"attributes":{"operation":"outbox"},"timestamp":"2026-10-05T12:45:15.041Z"}
{"event":"worker.idle_backoff","level":"debug","timestamp":"2026-10-05T12:45:15.041Z","workerId":"worker-release-190-a","backoffMs":5,"lag":0}
{"event":"worker.shutdown_deferred_release","level":"warn","timestamp":"2026-10-05T12:45:15.076Z","eventId":"outbox_e6b36433-530a-4186-a03e-a1de4bf679b9","workerId":"worker-release-190-a","leaseAction":"expire_for_retry","operation":"outbox"}
{"event":"worker.metric","name":"worker_outbox_shutdown_releases_total","value":1,"attributes":{"outcome":"deferred"},"timestamp":"2026-10-05T12:45:15.076Z"}
{"event":"worker.outbox.summary","level":"info","timestamp":"2026-10-05T12:45:15.076Z","workerId":"worker-release-190-a","reason":"stop","claimed":1,"processed":0,"failed":0,"deadLettered":0,"handoffs":0,"errors":0,"claimFailures":0,"leaseLost":0,"heartbeats":0,"idlePolls":1,"released":0,"lag":0,"inFlight":1}
{"event":"worker.stopped","level":"info","timestamp":"2026-10-05T12:45:15.076Z","workerId":"worker-release-190-a","drained":false,"released":0,"releaseFailed":0,"processed":0,"failed":0,"deadLettered":0,"lag":0}
{"event":"worker.metric","name":"worker_outbox_processed_total","value":1,"attributes":{"status":"processed"},"timestamp":"2026-10-05T12:45:15.077Z"}
{"event":"worker.outbox.processed","level":"info","timestamp":"2026-10-05T12:45:15.077Z","eventId":"outbox_e6b36433-530a-4186-a03e-a1de4bf679b9","workerId":"worker-release-190-a","status":"processed","attempt":1,"leaseLost":false,"operation":"outbox"}
{"event":"worker.started","level":"info","timestamp":"2026-10-05T12:45:15.104Z","workerId":"worker-heartbeat-renew-190","concurrency":2,"pollIntervalMs":5,"idleMaxBackoffMs":5000,"errorBackoffMs":500,"errorMaxBackoffMs":30000,"leaseMs":1000,"heartbeatIntervalMs":10,"drainMs":10000,"backlogProbe":true,"sweeps":false,"externalEffects":false,"durable":true}
{"event":"worker.outbox.summary","level":"info","timestamp":"2026-10-05T12:45:15.104Z","workerId":"worker-heartbeat-renew-190","reason":"start","claimed":0,"processed":0,"failed":0,"deadLettered":0,"handoffs":0,"errors":0,"claimFailures":0,"leaseLost":0,"heartbeats":0,"idlePolls":0,"released":0,"lag":null,"inFlight":0}
{"event":"worker.metric","name":"worker_outbox_lag","value":0,"attributes":{"operation":"outbox"},"timestamp":"2026-10-05T12:45:15.104Z"}
{"event":"worker.idle_backoff","level":"debug","timestamp":"2026-10-05T12:45:15.104Z","workerId":"worker-heartbeat-renew-190","backoffMs":5,"lag":0}
{"event":"worker.idle_backoff","level":"debug","timestamp":"2026-10-05T12:45:15.110Z","workerId":"worker-heartbeat-renew-190","backoffMs":10,"lag":0}
{"event":"worker.metric","name":"worker_outbox_heartbeats_total","value":1,"attributes":{"outcome":"renewed"},"timestamp":"2026-10-05T12:45:15.114Z"}
{"event":"worker.metric","name":"worker_outbox_processed_total","value":1,"attributes":{"status":"processed"},"timestamp":"2026-10-05T12:45:15.115Z"}
{"event":"worker.outbox.processed","level":"info","timestamp":"2026-10-05T12:45:15.115Z","eventId":"outbox_87fd7da4-4e92-4f65-954b-d67c90c63e3c","workerId":"worker-heartbeat-renew-190","status":"processed","attempt":1,"leaseLost":false,"operation":"outbox"}
{"event":"worker.idle_backoff","level":"debug","timestamp":"2026-10-05T12:45:15.120Z","workerId":"worker-heartbeat-renew-190","backoffMs":20,"lag":0}
{"event":"worker.outbox.summary","level":"info","timestamp":"2026-10-05T12:45:15.121Z","workerId":"worker-heartbeat-renew-190","reason":"stop","claimed":1,"processed":1,"failed":0,"deadLettered":0,"handoffs":0,"errors":0,"claimFailures":0,"leaseLost":0,"heartbeats":1,"idlePolls":3,"released":0,"lag":0,"inFlight":0}
{"event":"worker.stopped","level":"info","timestamp":"2026-10-05T12:45:15.121Z","workerId":"worker-heartbeat-renew-190","drained":true,"released":0,"releaseFailed":0,"processed":1,"failed":0,"deadLettered":0,"lag":0}
{"event":"worker.started","level":"info","timestamp":"2026-10-05T12:45:15.122Z","workerId":"worker-heartbeat-failure-190","concurrency":2,"pollIntervalMs":5,"idleMaxBackoffMs":5000,"errorBackoffMs":500,"errorMaxBackoffMs":30000,"leaseMs":1000,"heartbeatIntervalMs":5,"drainMs":10000,"backlogProbe":false,"sweeps":false,"externalEffects":false,"durable":true}
{"event":"worker.outbox.summary","level":"info","timestamp":"2026-10-05T12:45:15.122Z","workerId":"worker-heartbeat-failure-190","reason":"start","claimed":0,"processed":0,"failed":0,"deadLettered":0,"handoffs":0,"errors":0,"claimFailures":0,"leaseLost":0,"heartbeats":0,"idlePolls":0,"released":0,"lag":null,"inFlight":0}
{"event":"worker.event_error","level":"error","timestamp":"2026-10-05T12:45:15.123Z","eventId":"outbox_ba6b671f-b514-40ff-b485-0babb56a4fd5","workerId":"worker-heartbeat-failure-190","attempt":1,"error":"[redacted-outbox-error]","operation":"outbox"}
{"event":"worker.metric","name":"worker_outbox_errors_total","value":1,"attributes":{"outcome":"error"},"timestamp":"2026-10-05T12:45:15.123Z"}
{"event":"worker.idle_backoff","level":"debug","timestamp":"2026-10-05T12:45:15.123Z","workerId":"worker-heartbeat-failure-190","backoffMs":5,"lag":null}
{"event":"worker.outbox.summary","level":"info","timestamp":"2026-10-05T12:45:15.129Z","workerId":"worker-heartbeat-failure-190","reason":"stop","claimed":1,"processed":0,"failed":0,"deadLettered":0,"handoffs":0,"errors":1,"claimFailures":0,"leaseLost":0,"heartbeats":0,"idlePolls":1,"released":0,"lag":null,"inFlight":0}
{"event":"worker.stopped","level":"info","timestamp":"2026-10-05T12:45:15.129Z","workerId":"worker-heartbeat-failure-190","drained":true,"released":0,"releaseFailed":0,"processed":0,"failed":0,"deadLettered":0,"lag":null}
{"event":"worker.started","level":"info","timestamp":"2026-10-05T12:45:15.154Z","workerId":"worker-handoff-190","concurrency":2,"pollIntervalMs":5,"idleMaxBackoffMs":5000,"errorBackoffMs":500,"errorMaxBackoffMs":30000,"leaseMs":1000,"heartbeatIntervalMs":333,"drainMs":10000,"backlogProbe":true,"sweeps":false,"externalEffects":false,"durable":true}
{"event":"worker.outbox.summary","level":"info","timestamp":"2026-10-05T12:45:15.154Z","workerId":"worker-handoff-190","reason":"start","claimed":0,"processed":0,"failed":0,"deadLettered":0,"handoffs":0,"errors":0,"claimFailures":0,"leaseLost":0,"heartbeats":0,"idlePolls":0,"released":0,"lag":null,"inFlight":0}
{"event":"worker.metric","name":"worker_outbox_lag","value":0,"attributes":{"operation":"outbox"},"timestamp":"2026-10-05T12:45:15.154Z"}
{"event":"worker.idle_backoff","level":"debug","timestamp":"2026-10-05T12:45:15.154Z","workerId":"worker-handoff-190","backoffMs":5,"lag":0}
{"event":"worker.outbox.handoff","level":"warn","timestamp":"2026-10-05T12:45:15.155Z","eventId":"outbox_45a47d15-70c5-4cd9-a205-ab91c85928f8","workerId":"worker-handoff-190","status":"handoff","operation":"outbox"}
{"event":"worker.metric","name":"worker_outbox_handoffs_total","value":1,"attributes":{"outcome":"handoff"},"timestamp":"2026-10-05T12:45:15.155Z"}
{"event":"worker.outbox.summary","level":"info","timestamp":"2026-10-05T12:45:15.160Z","workerId":"worker-handoff-190","reason":"stop","claimed":1,"processed":0,"failed":0,"deadLettered":0,"handoffs":1,"errors":0,"claimFailures":0,"leaseLost":0,"heartbeats":0,"idlePolls":1,"released":0,"lag":0,"inFlight":0}
{"event":"worker.stopped","level":"info","timestamp":"2026-10-05T12:45:15.160Z","workerId":"worker-handoff-190","drained":true,"released":0,"releaseFailed":0,"processed":0,"failed":0,"deadLettered":0,"lag":0}
{"event":"worker.started","level":"info","timestamp":"2026-10-05T12:45:15.227Z","workerId":"worker-stop-190","concurrency":2,"pollIntervalMs":5,"idleMaxBackoffMs":5000,"errorBackoffMs":500,"errorMaxBackoffMs":30000,"leaseMs":1000,"heartbeatIntervalMs":333,"drainMs":10000,"backlogProbe":true,"sweeps":false,"externalEffects":false,"durable":true}
{"event":"worker.outbox.summary","level":"info","timestamp":"2026-10-05T12:45:15.227Z","workerId":"worker-stop-190","reason":"start","claimed":0,"processed":0,"failed":0,"deadLettered":0,"handoffs":0,"errors":0,"claimFailures":0,"leaseLost":0,"heartbeats":0,"idlePolls":0,"released":0,"lag":null,"inFlight":0}
{"event":"worker.metric","name":"worker_outbox_lag","value":0,"attributes":{"operation":"outbox"},"timestamp":"2026-10-05T12:45:15.228Z"}
{"event":"worker.idle_backoff","level":"debug","timestamp":"2026-10-05T12:45:15.228Z","workerId":"worker-stop-190","backoffMs":5,"lag":0}
{"event":"worker.outbox.summary","level":"info","timestamp":"2026-10-05T12:45:15.228Z","workerId":"worker-stop-190","reason":"stop","claimed":0,"processed":0,"failed":0,"deadLettered":0,"handoffs":0,"errors":0,"claimFailures":0,"leaseLost":0,"heartbeats":0,"idlePolls":1,"released":0,"lag":0,"inFlight":0}
{"event":"worker.stopped","level":"info","timestamp":"2026-10-05T12:45:15.228Z","workerId":"worker-stop-190","drained":true,"released":0,"releaseFailed":0,"processed":0,"failed":0,"deadLettered":0,"lag":0}
 [32m✓[39m apps/worker/src/__tests__/continuous-worker.test.ts [2m([22m[2m28 tests[22m[2m)[22m[33m 1019[2mms[22m[39m
     [33m[2m✓[22m[39m exits non-zero when the real entrypoint starts without required config [33m 606[2mms[22m[39m
 [32m✓[39m tests/worker-startup-smoke.test.js [2m([22m[2m1 test[22m[2m)[22m[33m 930[2mms[22m[39m
     [33m[2m✓[22m[39m proves the real entrypoint fails closed without a queue adapter [33m 928[2mms[22m[39m
 [32m✓[39m apps/api/src/__tests__/platform-control-plane.test.ts [2m([22m[2m9 tests[22m[2m)[22m[33m 638[2mms[22m[39m
 [32m✓[39m tests/worker-controlled-smoke.test.js [2m([22m[2m1 test[22m[2m)[22m[33m 1215[2mms[22m[39m
     [33m[2m✓[22m[39m proves the configured local composition claims and acknowledges one event [33m 1213[2mms[22m[39m
 [32m✓[39m packages/model-gateway/src/__tests__/gateway.test.ts [2m([22m[2m16 tests[22m[2m)[22m[33m 650[2mms[22m[39m
     [33m[2m✓[22m[39m enforces a real deadline and retries only bounded times [33m 606[2mms[22m[39m
 [32m✓[39m apps/web/src/features/platform/release-candidate-ledger.test.tsx [2m([22m[2m1 test[22m[2m)[22m[33m 936[2mms[22m[39m
     [33m[2m✓[22m[39m records and validates controlled evidence without mutating the version [33m 935[2mms[22m[39m
 [32m✓[39m apps/web/src/features/platform/platform.test.tsx [2m([22m[2m3 tests[22m[2m)[22m[33m 891[2mms[22m[39m
     [33m[2m✓[22m[39m creates a declarative draft without exposing provider secrets [33m 531[2mms[22m[39m
 [32m✓[39m tests/docs-integrity.test.js [2m([22m[2m12 tests[22m[2m)[22m[33m 987[2mms[22m[39m
     [33m[2m✓[22m[39m has zero invalid JSON under docs/ and certification/ [33m 484[2mms[22m[39m
 [32m✓[39m apps/api/src/__tests__/branches-b-20260925.test.ts [2m([22m[2m54 tests[22m[2m)[22m[33m 618[2mms[22m[39m
 [32m✓[39m apps/web/src/__tests__/audit-checkpoint-app.test.tsx [2m([22m[2m1 test[22m[2m)[22m[33m 651[2mms[22m[39m
     [33m[2m✓[22m[39m seals the loaded evidence page and archives it with CAS [33m 649[2mms[22m[39m
 [32m✓[39m apps/web/src/features/platform/handoff-policy-control-center.test.tsx [2m([22m[2m2 tests[22m[2m)[22m[33m 611[2mms[22m[39m
     [33m[2m✓[22m[39m edits thresholds, destinations and priority through a new version [33m 454[2mms[22m[39m
 [32m✓[39m apps/web/src/__tests__/attendance-approval-conflict.test.tsx [2m([22m[2m2 tests[22m[2m)[22m[33m 521[2mms[22m[39m
     [33m[2m✓[22m[39m refreshes the queue and shows the winning state with a recovery message [33m 385[2mms[22m[39m
 [32m✓[39m apps/web/src/features/journeys/journeys.test.tsx [2m([22m[2m2 tests[22m[2m)[22m[33m 541[2mms[22m[39m
     [33m[2m✓[22m[39m walks identify, draft, link and approval-blocked scheduling steps [33m 481[2mms[22m[39m
 [32m✓[39m apps/web/src/features/platform/knowledge-source-catalog.test.tsx [2m([22m[2m1 test[22m[2m)[22m[33m 607[2mms[22m[39m
     [33m[2m✓[22m[39m loads, creates and approves metadata without editing an agent snapshot [33m 606[2mms[22m[39m
 [32m✓[39m tests/phase11-formal-certification.test.js [2m([22m[2m14 tests[22m[2m)[22m[33m 459[2mms[22m[39m
 [32m✓[39m tests/critic-evidence.test.js [2m([22m[2m12 tests[22m[2m)[22m[33m 357[2mms[22m[39m
 [32m✓[39m apps/api/src/__tests__/platform-admin-routes-coverage.test.ts [2m([22m[2m7 tests[22m[2m)[22m[33m 333[2mms[22m[39m
 [32m✓[39m apps/web/src/features/platform/prompt-profile-control-center.test.tsx [2m([22m[2m1 test[22m[2m)[22m[33m 321[2mms[22m[39m
     [33m[2m✓[22m[39m clones edited blocks/templates and preserves the kernel block [33m 320[2mms[22m[39m
 [32m✓[39m apps/web/src/features/orchestration/orchestration.test.tsx [2m([22m[2m6 tests[22m[2m)[22m[33m 364[2mms[22m[39m
 [32m✓[39m tests/aud19-external-evidence.test.js [2m([22m[2m4 tests[22m[2m)[22m[33m 339[2mms[22m[39m
 [32m✓[39m apps/api/src/__tests__/server-boundary-envelope.test.ts [2m([22m[2m12 tests[22m[2m)[22m[33m 309[2mms[22m[39m
 [32m✓[39m apps/web/src/features/dead-letters/dead-letters.test.tsx [2m([22m[2m4 tests[22m[2m)[22m[32m 276[2mms[22m[39m
 [32m✓[39m packages/channel-gateway/src/__tests__/channel-effect-malformed-version.test.ts [2m([22m[2m6 tests[22m[2m)[22m[32m 249[2mms[22m[39m
 [32m✓[39m apps/api/src/__tests__/inbound-runtime-edges.test.ts [2m([22m[2m5 tests[22m[2m)[22m[33m 323[2mms[22m[39m
 [32m✓[39m apps/api/src/__tests__/published-runtime-integration.test.ts [2m([22m[2m6 tests[22m[2m)[22m[33m 349[2mms[22m[39m
 [32m✓[39m tests/architecture.test.js [2m([22m[2m7 tests[22m[2m)[22m[32m 222[2mms[22m[39m
 [32m✓[39m apps/api/src/__tests__/operator-identity-rbac.test.ts [2m([22m[2m6 tests[22m[2m)[22m[32m 246[2mms[22m[39m
 [32m✓[39m apps/api/src/__tests__/journey-routes-coverage.test.ts [2m([22m[2m4 tests[22m[2m)[22m[32m 250[2mms[22m[39m
 [32m✓[39m apps/api/src/__tests__/capability-approval-api.test.ts [2m([22m[2m4 tests[22m[2m)[22m[32m 223[2mms[22m[39m
 [32m✓[39m apps/api/src/__tests__/publish-evidence-authority.test.ts [2m([22m[2m3 tests[22m[2m)[22m[32m 252[2mms[22m[39m
 [32m✓[39m packages/agent-runtime/src/__tests__/orchestration.test.ts [2m([22m[2m18 tests[22m[2m)[22m[32m 225[2mms[22m[39m
 [32m✓[39m apps/api/src/__tests__/build-server-from-env-boundary.test.ts [2m([22m[2m8 tests[22m[2m)[22m[32m 245[2mms[22m[39m
 [32m✓[39m apps/api/src/__tests__/webhook-security.test.ts [2m([22m[2m17 tests[22m[2m | [22m[33m1 skipped[39m[2m)[22m[32m 249[2mms[22m[39m
 [32m✓[39m apps/api/src/internal-task-field-boundary.test.ts [2m([22m[2m8 tests[22m[2m)[22m[32m 241[2mms[22m[39m
 [32m✓[39m apps/api/src/__tests__/production-boundary.test.ts [2m([22m[2m9 tests[22m[2m)[22m[32m 243[2mms[22m[39m
 [32m✓[39m tests/phase11-2-certification.test.js [2m([22m[2m5 tests[22m[2m)[22m[32m 196[2mms[22m[39m
 [32m✓[39m apps/api/src/__tests__/secretary-bootstrap.test.ts [2m([22m[2m2 tests[22m[2m)[22m[32m 228[2mms[22m[39m
 [32m✓[39m apps/api/src/http-security.test.ts [2m([22m[2m10 tests[22m[2m)[22m[32m 216[2mms[22m[39m
 [32m✓[39m apps/api/src/__tests__/rate-limit.test.ts [2m([22m[2m5 tests[22m[2m)[22m[32m 189[2mms[22m[39m
 [32m✓[39m apps/api/src/__tests__/operator-replay-guard.test.ts [2m([22m[2m5 tests[22m[2m | [22m[33m1 skipped[39m[2m)[22m[32m 188[2mms[22m[39m
 [32m✓[39m apps/api/src/__tests__/health.test.ts [2m([22m[2m2 tests[22m[2m)[22m[32m 183[2mms[22m[39m
 [32m✓[39m apps/api/src/__tests__/audit-evidence.test.ts [2m([22m[2m4 tests[22m[2m)[22m[32m 243[2mms[22m[39m
 [32m✓[39m apps/api/src/http-target-boundary.test.ts [2m([22m[2m8 tests[22m[2m)[22m[32m 248[2mms[22m[39m
 [32m✓[39m apps/web/src/features/approvals/approvals.test.tsx [2m([22m[2m3 tests[22m[2m)[22m[32m 264[2mms[22m[39m
 [32m✓[39m packages/agent-runtime/src/__tests__/runtime-execution-recovery.test.ts [2m([22m[2m76 tests[22m[2m)[22m[33m 324[2mms[22m[39m
 [32m✓[39m apps/api/src/__tests__/identity-trusted-resolver.test.ts [2m([22m[2m7 tests[22m[2m)[22m[32m 282[2mms[22m[39m
 [32m✓[39m tests/aud20-10-composition.test.ts [2m([22m[2m13 tests[22m[2m)[22m[32m 199[2mms[22m[39m
 [32m✓[39m packages/model-gateway/src/__tests__/local-http-providers.test.ts [2m([22m[2m12 tests[22m[2m)[22m[32m 192[2mms[22m[39m
 [32m✓[39m apps/api/src/__tests__/http-security-edge-branches.test.ts [2m([22m[2m4 tests[22m[2m)[22m[32m 210[2mms[22m[39m
 [32m✓[39m apps/api/src/__tests__/postgres-persistence-mode.test.ts [2m([22m[2m25 tests[22m[2m | [22m[33m7 skipped[39m[2m)[22m[32m 192[2mms[22m[39m
 [32m✓[39m apps/api/src/__tests__/runtime-approval-routes.test.ts [2m([22m[2m4 tests[22m[2m)[22m[32m 211[2mms[22m[39m
 [32m✓[39m apps/web/src/features/tasks/tasks.test.tsx [2m([22m[2m2 tests[22m[2m)[22m[32m 245[2mms[22m[39m
 [32m✓[39m apps/api/src/__tests__/attendance-approval-atomic.test.ts [2m([22m[2m6 tests[22m[2m)[22m[32m 255[2mms[22m[39m
 [32m✓[39m apps/api/src/__tests__/outbox-routes.test.ts [2m([22m[2m3 tests[22m[2m)[22m[32m 184[2mms[22m[39m
 [32m✓[39m apps/api/src/response-correlation.test.ts [2m([22m[2m6 tests[22m[2m)[22m[32m 234[2mms[22m[39m
 [32m✓[39m apps/api/src/__tests__/orchestration-observability.test.ts [2m([22m[2m5 tests[22m[2m)[22m[32m 197[2mms[22m[39m
 [32m✓[39m apps/api/src/pagination-boundary.test.ts [2m([22m[2m5 tests[22m[2m)[22m[32m 182[2mms[22m[39m
 [32m✓[39m packages/chaos/src/__tests__/chaos.test.ts [2m([22m[2m15 tests[22m[2m)[22m[32m 183[2mms[22m[39m
 [32m✓[39m apps/api/src/__tests__/journeys-api.test.ts [2m([22m[2m1 test[22m[2m)[22m[32m 147[2mms[22m[39m
 [32m✓[39m apps/api/src/__tests__/tenant-inbound-isolation.test.ts [2m([22m[2m4 tests[22m[2m)[22m[32m 188[2mms[22m[39m
 [32m✓[39m apps/api/src/__tests__/durable-inbound.test.ts [2m([22m[2m3 tests[22m[2m)[22m[32m 207[2mms[22m[39m
 [32m✓[39m apps/api/src/rem-risk-boundary.test.ts [2m([22m[2m2 tests[22m[2m)[22m[32m 175[2mms[22m[39m
 [32m✓[39m apps/api/src/approval-request-field-boundary.test.ts [2m([22m[2m5 tests[22m[2m)[22m[32m 201[2mms[22m[39m
 [32m✓[39m apps/web/src/features/conversations/timeline.test.tsx [2m([22m[2m2 tests[22m[2m)[22m[32m 192[2mms[22m[39m
 [32m✓[39m apps/api/src/__tests__/audit-evidence-checkpoint.test.ts [2m([22m[2m2 tests[22m[2m)[22m[32m 174[2mms[22m[39m
 [32m✓[39m apps/api/src/metrics-exposure.test.ts [2m([22m[2m2 tests[22m[2m)[22m[32m 205[2mms[22m[39m
 [32m✓[39m packages/platform/src/__tests__/critical-safety-preflight.test.ts [2m([22m[2m9 tests[22m[2m)[22m[32m 174[2mms[22m[39m
 [32m✓[39m apps/api/src/audit-filter-duplicate-boundary.test.ts [2m([22m[2m6 tests[22m[2m)[22m[32m 197[2mms[22m[39m
 [32m✓[39m apps/api/src/__tests__/approval-actions.test.ts [2m([22m[2m1 test[22m[2m)[22m[32m 136[2mms[22m[39m
 [32m✓[39m apps/api/src/http-request-boundary.test.ts [2m([22m[2m8 tests[22m[2m)[22m[32m 215[2mms[22m[39m
 [32m✓[39m apps/api/src/__tests__/task-lifecycle.test.ts [2m([22m[2m3 tests[22m[2m)[22m[32m 174[2mms[22m[39m
 [32m✓[39m tests/aud20-05-resource-attestation-check.test.js [2m([22m[2m8 tests[22m[2m)[22m[32m 166[2mms[22m[39m
 [32m✓[39m apps/api/src/__tests__/test-suite-catalog.test.ts [2m([22m[2m1 test[22m[2m)[22m[32m 193[2mms[22m[39m
 [32m✓[39m apps/web/src/features/audit/audit-checkpoint.test.tsx [2m([22m[2m1 test[22m[2m)[22m[32m 167[2mms[22m[39m
 [32m✓[39m apps/api/src/__tests__/knowledge-input-boundary.test.ts [2m([22m[2m2 tests[22m[2m)[22m[32m 206[2mms[22m[39m
 [32m✓[39m apps/api/src/__tests__/conversation-list.test.ts [2m([22m[2m2 tests[22m[2m)[22m[32m 164[2mms[22m[39m
 [32m✓[39m apps/api/src/__tests__/release-candidate-ledger.test.ts [2m([22m[2m2 tests[22m[2m)[22m[32m 190[2mms[22m[39m
 [32m✓[39m apps/api/src/__tests__/audit-evidence-checkpoint-boundary.test.ts [2m([22m[2m2 tests[22m[2m)[22m[32m 170[2mms[22m[39m
 [32m✓[39m apps/api/src/approval-decision-note-field-boundary.test.ts [2m([22m[2m3 tests[22m[2m)[22m[32m 158[2mms[22m[39m
 [32m✓[39m apps/api/src/__tests__/aud17-connected-redteam.test.ts [2m([22m[2m1 test[22m[2m)[22m[32m 150[2mms[22m[39m
 [32m✓[39m apps/api/src/__tests__/plugin-catalog.test.ts [2m([22m[2m1 test[22m[2m)[22m[32m 146[2mms[22m[39m
{"event":"worker.sweep_tick","level":"info","timestamp":"2026-10-05T12:47:12.773Z","now":"2026-09-13T00:00:00.000Z","journalReleased":1,"approvalsReleased":2,"approvalsUncertain":1,"goalsInspected":0,"goalsResumed":0,"goalsSkipped":0,"goalsCompleted":0,"goalRecoveryFailures":0,"durationMs":0,"operation":"sweep"}
{"event":"worker.metric","name":"worker_sweep_journal_released_total","value":1,"attributes":{"operation":"sweep"},"timestamp":"2026-10-05T12:47:12.774Z"}
{"event":"worker.metric","name":"worker_sweep_approvals_released_total","value":2,"attributes":{"status":"released"},"timestamp":"2026-10-05T12:47:12.775Z"}
{"event":"worker.metric","name":"worker_sweep_approvals_uncertain_total","value":1,"attributes":{"status":"uncertain"},"timestamp":"2026-10-05T12:47:12.775Z"}
{"event":"worker.metric","name":"worker_sweep_goals_inspected_total","value":0,"attributes":{"operation":"goal_recovery"},"timestamp":"2026-10-05T12:47:12.775Z"}
{"event":"worker.metric","name":"worker_sweep_goals_resumed_total","value":0,"attributes":{"operation":"goal_recovery"},"timestamp":"2026-10-05T12:47:12.775Z"}
{"event":"worker.metric","name":"worker_sweep_goals_completed_total","value":0,"attributes":{"operation":"goal_recovery"},"timestamp":"2026-10-05T12:47:12.775Z"}
{"event":"worker.metric","name":"worker_sweep_goal_recovery_failures_total","value":0,"attributes":{"operation":"goal_recovery"},"timestamp":"2026-10-05T12:47:12.775Z"}
{"event":"worker.started","level":"info","timestamp":"2026-10-05T12:47:12.777Z","workerId":"worker-sweeps-191","concurrency":2,"pollIntervalMs":5,"idleMaxBackoffMs":5000,"errorBackoffMs":500,"errorMaxBackoffMs":30000,"leaseMs":1000,"heartbeatIntervalMs":333,"drainMs":10000,"backlogProbe":true,"sweeps":true,"externalEffects":false,"durable":true}
{"event":"worker.sweep_started","level":"info","timestamp":"2026-10-05T12:47:12.777Z","intervalMs":10,"operation":"sweep"}
{"event":"worker.outbox.summary","level":"info","timestamp":"2026-10-05T12:47:12.777Z","workerId":"worker-sweeps-191","reason":"start","claimed":0,"processed":0,"failed":0,"deadLettered":0,"handoffs":0,"errors":0,"claimFailures":0,"leaseLost":0,"heartbeats":0,"idlePolls":0,"released":0,"lag":null,"inFlight":0}
{"event":"worker.metric","name":"worker_outbox_lag","value":0,"attributes":{"operation":"outbox"},"timestamp":"2026-10-05T12:47:12.778Z"}
{"event":"worker.idle_backoff","level":"debug","timestamp":"2026-10-05T12:47:12.778Z","workerId":"worker-sweeps-191","backoffMs":5,"lag":0}
{"event":"worker.idle_backoff","level":"debug","timestamp":"2026-10-05T12:47:12.783Z","workerId":"worker-sweeps-191","backoffMs":10,"lag":0}
{"event":"worker.sweep_tick","level":"info","timestamp":"2026-10-05T12:47:12.788Z","now":"2026-10-05T12:47:12.788Z","journalReleased":0,"approvalsReleased":0,"approvalsUncertain":0,"goalsInspected":0,"goalsResumed":0,"goalsSkipped":0,"goalsCompleted":0,"goalRecoveryFailures":0,"durationMs":0,"operation":"sweep"}
{"event":"worker.metric","name":"worker_sweep_journal_released_total","value":0,"attributes":{"operation":"sweep"},"timestamp":"2026-10-05T12:47:12.788Z"}
{"event":"worker.metric","name":"worker_sweep_approvals_released_total","value":0,"attributes":{"status":"released"},"timestamp":"2026-10-05T12:47:12.788Z"}
{"event":"worker.metric","name":"worker_sweep_approvals_uncertain_total","value":0,"attributes":{"status":"uncertain"},"timestamp":"2026-10-05T12:47:12.788Z"}
{"event":"worker.metric","name":"worker_sweep_goals_inspected_total","value":0,"attributes":{"operation":"goal_recovery"},"timestamp":"2026-10-05T12:47:12.788Z"}
{"event":"worker.metric","name":"worker_sweep_goals_resumed_total","value":0,"attributes":{"operation":"goal_recovery"},"timestamp":"2026-10-05T12:47:12.788Z"}
{"event":"worker.metric","name":"worker_sweep_goals_completed_total","value":0,"attributes":{"operation":"goal_recovery"},"timestamp":"2026-10-05T12:47:12.788Z"}
{"event":"worker.metric","name":"worker_sweep_goal_recovery_failures_total","value":0,"attributes":{"operation":"goal_recovery"},"timestamp":"2026-10-05T12:47:12.788Z"}
{"event":"worker.sweep_stopped","level":"info","timestamp":"2026-10-05T12:47:12.789Z","operation":"sweep"}
{"event":"worker.outbox.summary","level":"info","timestamp":"2026-10-05T12:47:12.789Z","workerId":"worker-sweeps-191","reason":"stop","claimed":0,"processed":0,"failed":0,"deadLettered":0,"handoffs":0,"errors":0,"claimFailures":0,"leaseLost":0,"heartbeats":0,"idlePolls":2,"released":0,"lag":0,"inFlight":0}
{"event":"worker.stopped","level":"info","timestamp":"2026-10-05T12:47:12.789Z","workerId":"worker-sweeps-191","drained":true,"released":0,"releaseFailed":0,"processed":0,"failed":0,"deadLettered":0,"lag":0}
 [32m✓[39m apps/worker/src/__tests__/worker-sweeps.test.ts [2m([22m[2m7 tests[22m[2m)[22m[32m 148[2mms[22m[39m
 [32m✓[39m apps/api/src/__tests__/small-module-boundaries.test.ts [2m([22m[2m8 tests[22m[2m)[22m[32m 173[2mms[22m[39m
 [32m✓[39m apps/api/src/__tests__/observability.test.ts [2m([22m[2m1 test[22m[2m)[22m[32m 148[2mms[22m[39m
 [32m✓[39m apps/api/src/__tests__/orchestration-observability-coverage-20260925.test.ts [2m([22m[2m13 tests[22m[2m)[22m[32m 19[2mms[22m[39m
 [32m✓[39m apps/web/src/features/conversations/conversations.test.tsx [2m([22m[2m1 test[22m[2m)[22m[32m 165[2mms[22m[39m
 [32m✓[39m tests/e2e/critical-flows.test.ts [2m([22m[2m1 test[22m[2m)[22m[32m 158[2mms[22m[39m
 [32m✓[39m packages/platform/src/__tests__/platform-foundation.test.ts [2m([22m[2m20 tests[22m[2m)[22m[32m 146[2mms[22m[39m
 [32m✓[39m apps/api/src/prompt-profile-error-boundary.test.ts [2m([22m[2m4 tests[22m[2m)[22m[32m 157[2mms[22m[39m
 [32m✓[39m tests/aud20-05-replay-grants-probe.test.js [2m([22m[2m6 tests[22m[2m)[22m[32m 140[2mms[22m[39m
 [32m✓[39m apps/api/src/__tests__/knowledge-source-catalog.test.ts [2m([22m[2m1 test[22m[2m)[22m[32m 147[2mms[22m[39m
 [32m✓[39m apps/api/src/request-metrics.test.ts [2m([22m[2m3 tests[22m[2m)[22m[32m 138[2mms[22m[39m
 [32m✓[39m packages/agent-core/src/__tests__/receive-inbound-message.test.ts [2m([22m[2m9 tests[22m[2m)[22m[32m 18[2mms[22m[39m
 [32m✓[39m apps/api/src/__tests__/audit-route.integration.test.ts [2m([22m[2m1 test[22m[2m)[22m[32m 125[2mms[22m[39m
 [32m✓[39m packages/platform/src/__tests__/safety-assessment.test.ts [2m([22m[2m29 tests[22m[2m)[22m[32m 93[2mms[22m[39m
 [32m✓[39m apps/api/src/__tests__/correlation.test.ts [2m([22m[2m1 test[22m[2m)[22m[32m 122[2mms[22m[39m
 [32m✓[39m apps/api/src/__tests__/trusted-operator-identity.test.ts [2m([22m[2m10 tests[22m[2m)[22m[32m 16[2mms[22m[39m
 [32m✓[39m packages/channel-gateway/src/__tests__/channel-effect-journal-edges.test.ts [2m([22m[2m9 tests[22m[2m)[22m[32m 115[2mms[22m[39m
 [32m✓[39m packages/shared/src/__tests__/lifecycle.test.ts [2m([22m[2m5 tests[22m[2m)[22m[32m 110[2mms[22m[39m
 [32m✓[39m packages/agent-runtime/src/__tests__/runtime-journal.test.ts [2m([22m[2m19 tests[22m[2m)[22m[32m 92[2mms[22m[39m
 [32m✓[39m packages/platform/src/__tests__/branches-b-20260925.test.ts [2m([22m[2m25 tests[22m[2m)[22m[32m 123[2mms[22m[39m
 [32m✓[39m packages/agent-runtime/src/__tests__/effect-journal.test.ts [2m([22m[2m41 tests[22m[2m)[22m[32m 79[2mms[22m[39m
 [32m✓[39m packages/agent-runtime/src/__tests__/runtime-branch-hardening.test.ts [2m([22m[2m35 tests[22m[2m)[22m[32m 81[2mms[22m[39m
 [32m✓[39m packages/agent-runtime/src/__tests__/runtime-kernel-coverage.test.ts [2m([22m[2m40 tests[22m[2m)[22m[32m 79[2mms[22m[39m
 [32m✓[39m packages/approval-engine/src/__tests__/approval-lifecycle-fencing.test.ts [2m([22m[2m6 tests[22m[2m)[22m[32m 17[2mms[22m[39m
 [32m✓[39m apps/worker/src/__tests__/postgres-role-preflight-fake-20260925.test.ts [2m([22m[2m22 tests[22m[2m)[22m[32m 92[2mms[22m[39m
 [32m✓[39m packages/channel-gateway/src/__tests__/channel-effect-hash-version.test.ts [2m([22m[2m9 tests[22m[2m)[22m[32m 32[2mms[22m[39m
 [32m✓[39m apps/worker/src/__tests__/postgres-controlled-hardening.test.ts [2m([22m[2m8 tests[22m[2m)[22m[32m 71[2mms[22m[39m
 [32m✓[39m apps/worker/src/__tests__/postgres-controlled.test.ts [2m([22m[2m6 tests[22m[2m)[22m[32m 58[2mms[22m[39m
 [32m✓[39m packages/persistence/src/__tests__/restore-integrity.test.ts [2m([22m[2m12 tests[22m[2m)[22m[32m 40[2mms[22m[39m
 [32m✓[39m packages/agent-runtime/src/__tests__/runtime-binding.test.ts [2m([22m[2m17 tests[22m[2m)[22m[32m 65[2mms[22m[39m
 [32m✓[39m packages/channel-gateway/src/__tests__/channel-coverage-journal-hardening.test.ts [2m([22m[2m12 tests[22m[2m)[22m[32m 83[2mms[22m[39m
 [32m✓[39m packages/channel-gateway/src/__tests__/channel-effect-journal.test.ts [2m([22m[2m11 tests[22m[2m)[22m[32m 52[2mms[22m[39m
 [32m✓[39m packages/persistence/src/__tests__/journey-task-atomicity.test.ts [2m([22m[2m8 tests[22m[2m | [22m[33m2 skipped[39m[2m)[22m[32m 15[2mms[22m[39m
 [32m✓[39m apps/worker/src/__tests__/worker.test.ts [2m([22m[2m1 test[22m[2m)[22m[32m 57[2mms[22m[39m
 [32m✓[39m packages/platform/src/__tests__/secretary-preset-hardening.test.ts [2m([22m[2m3 tests[22m[2m)[22m[32m 18[2mms[22m[39m
 [32m✓[39m packages/channel-gateway/src/__tests__/channel-coverage-gateway-journal-paths.test.ts [2m([22m[2m16 tests[22m[2m)[22m[32m 83[2mms[22m[39m
 [32m✓[39m packages/policy-engine/src/__tests__/execution-contract-matrix.test.ts [2m([22m[2m10 tests[22m[2m)[22m[32m 69[2mms[22m[39m
 [32m✓[39m packages/persistence/src/__tests__/conversation-repository.test.ts [2m([22m[2m15 tests[22m[2m)[22m[32m 23[2mms[22m[39m
 [32m✓[39m apps/api/src/__tests__/request-context.test.ts [2m([22m[2m12 tests[22m[2m)[22m[32m 15[2mms[22m[39m
{"event":"worker.outbox.summary","level":"info","timestamp":"2026-10-05T12:47:51.991Z","workerId":"worker-branches-b","reason":"stop","claimed":0,"processed":0,"failed":0,"deadLettered":0,"handoffs":0,"errors":0,"claimFailures":0,"leaseLost":0,"heartbeats":0,"idlePolls":0,"released":0,"lag":null,"inFlight":0}
{"event":"worker.stopped","level":"info","timestamp":"2026-10-05T12:47:51.994Z","workerId":"worker-branches-b","drained":true,"released":0,"releaseFailed":0,"processed":0,"failed":0,"deadLettered":0,"lag":null}
{"event":"worker.started","level":"info","timestamp":"2026-10-05T12:47:51.995Z","workerId":"worker-branches-b","concurrency":2,"pollIntervalMs":5,"idleMaxBackoffMs":5000,"errorBackoffMs":500,"errorMaxBackoffMs":30000,"leaseMs":1000,"heartbeatIntervalMs":333,"drainMs":50,"backlogProbe":true,"sweeps":false,"externalEffects":false,"durable":true}
{"event":"worker.outbox.summary","level":"info","timestamp":"2026-10-05T12:47:51.995Z","workerId":"worker-branches-b","reason":"start","claimed":0,"processed":0,"failed":0,"deadLettered":0,"handoffs":0,"errors":0,"claimFailures":0,"leaseLost":0,"heartbeats":0,"idlePolls":0,"released":0,"lag":null,"inFlight":0}
{"event":"worker.metric","name":"worker_outbox_lag","value":0,"attributes":{"operation":"outbox"},"timestamp":"2026-10-05T12:47:51.996Z"}
{"event":"worker.idle_backoff","level":"debug","timestamp":"2026-10-05T12:47:51.996Z","workerId":"worker-branches-b","backoffMs":5,"lag":0}
{"event":"worker.outbox.summary","level":"info","timestamp":"2026-10-05T12:47:51.996Z","workerId":"worker-branches-b","reason":"stop","claimed":0,"processed":0,"failed":0,"deadLettered":0,"handoffs":0,"errors":0,"claimFailures":0,"leaseLost":0,"heartbeats":0,"idlePolls":1,"released":0,"lag":0,"inFlight":0}
{"event":"worker.stopped","level":"info","timestamp":"2026-10-05T12:47:51.996Z","workerId":"worker-branches-b","drained":true,"released":0,"releaseFailed":0,"processed":0,"failed":0,"deadLettered":0,"lag":0}
{"event":"worker.started","level":"info","timestamp":"2026-10-05T12:47:51.997Z","workerId":"worker-branches-b","concurrency":2,"pollIntervalMs":5,"idleMaxBackoffMs":5000,"errorBackoffMs":500,"errorMaxBackoffMs":30000,"leaseMs":1000,"heartbeatIntervalMs":333,"drainMs":50,"backlogProbe":true,"sweeps":false,"externalEffects":false,"durable":true}
{"event":"worker.outbox.summary","level":"info","timestamp":"2026-10-05T12:47:51.997Z","workerId":"worker-branches-b","reason":"start","claimed":0,"processed":0,"failed":0,"deadLettered":0,"handoffs":0,"errors":0,"claimFailures":0,"leaseLost":0,"heartbeats":0,"idlePolls":0,"released":0,"lag":null,"inFlight":0}
{"event":"worker.metric","name":"worker_outbox_lag","value":0,"attributes":{"operation":"outbox"},"timestamp":"2026-10-05T12:47:51.998Z"}
{"event":"worker.idle_backoff","level":"debug","timestamp":"2026-10-05T12:47:51.998Z","workerId":"worker-branches-b","backoffMs":5,"lag":0}
{"event":"worker.outbox.summary","level":"info","timestamp":"2026-10-05T12:47:51.998Z","workerId":"worker-branches-b","reason":"stop","claimed":0,"processed":0,"failed":0,"deadLettered":0,"handoffs":0,"errors":0,"claimFailures":0,"leaseLost":0,"heartbeats":0,"idlePolls":1,"released":0,"lag":0,"inFlight":0}
{"event":"worker.stopped","level":"info","timestamp":"2026-10-05T12:47:51.998Z","workerId":"worker-branches-b","drained":true,"released":0,"releaseFailed":0,"processed":0,"failed":0,"deadLettered":0,"lag":0}
{"event":"worker.started","level":"info","timestamp":"2026-10-05T12:47:51.998Z","workerId":"worker-branches-b","concurrency":2,"pollIntervalMs":5,"idleMaxBackoffMs":5000,"errorBackoffMs":500,"errorMaxBackoffMs":30000,"leaseMs":1000,"heartbeatIntervalMs":333,"drainMs":50,"backlogProbe":true,"sweeps":false,"externalEffects":false,"durable":true}
{"event":"worker.outbox.summary","level":"info","timestamp":"2026-10-05T12:47:51.999Z","workerId":"worker-branches-b","reason":"start","claimed":0,"processed":0,"failed":0,"deadLettered":0,"handoffs":0,"errors":0,"claimFailures":0,"leaseLost":0,"heartbeats":0,"idlePolls":0,"released":0,"lag":null,"inFlight":0}
{"event":"worker.metric","name":"worker_outbox_lag","value":0,"attributes":{"operation":"outbox"},"timestamp":"2026-10-05T12:47:51.999Z"}
{"event":"worker.idle_backoff","level":"debug","timestamp":"2026-10-05T12:47:51.999Z","workerId":"worker-branches-b","backoffMs":5,"lag":0}
{"event":"worker.outbox.summary","level":"info","timestamp":"2026-10-05T12:47:51.999Z","workerId":"worker-branches-b","reason":"stop","claimed":0,"processed":0,"failed":0,"deadLettered":0,"handoffs":0,"errors":0,"claimFailures":0,"leaseLost":0,"heartbeats":0,"idlePolls":1,"released":0,"lag":0,"inFlight":0}
{"event":"worker.stopped","level":"info","timestamp":"2026-10-05T12:47:51.999Z","workerId":"worker-branches-b","drained":true,"released":0,"releaseFailed":0,"processed":0,"failed":0,"deadLettered":0,"lag":0}
{"event":"worker.started","level":"info","timestamp":"2026-10-05T12:47:52.000Z","workerId":"worker-branches-b","concurrency":2,"pollIntervalMs":5,"idleMaxBackoffMs":5000,"errorBackoffMs":500,"errorMaxBackoffMs":30000,"leaseMs":1000,"heartbeatIntervalMs":333,"drainMs":50,"backlogProbe":true,"sweeps":false,"externalEffects":false,"durable":true}
{"event":"worker.outbox.summary","level":"info","timestamp":"2026-10-05T12:47:52.000Z","workerId":"worker-branches-b","reason":"start","claimed":0,"processed":0,"failed":0,"deadLettered":0,"handoffs":0,"errors":0,"claimFailures":0,"leaseLost":0,"heartbeats":0,"idlePolls":0,"released":0,"lag":null,"inFlight":0}
{"event":"worker.metric","name":"worker_outbox_lag","value":0,"attributes":{"operation":"outbox"},"timestamp":"2026-10-05T12:47:52.001Z"}
{"event":"worker.idle_backoff","level":"debug","timestamp":"2026-10-05T12:47:52.001Z","workerId":"worker-branches-b","backoffMs":5,"lag":0}
{"event":"worker.outbox.summary","level":"info","timestamp":"2026-10-05T12:47:52.001Z","workerId":"worker-branches-b","reason":"stop","claimed":0,"processed":0,"failed":0,"deadLettered":0,"handoffs":0,"errors":0,"claimFailures":0,"leaseLost":0,"heartbeats":0,"idlePolls":1,"released":0,"lag":0,"inFlight":0}
{"event":"worker.stopped","level":"info","timestamp":"2026-10-05T12:47:52.001Z","workerId":"worker-branches-b","drained":true,"released":0,"releaseFailed":0,"processed":0,"failed":0,"deadLettered":0,"lag":0}
{"event":"worker.started","level":"info","timestamp":"2026-10-05T12:47:52.002Z","workerId":"worker-branches-b","concurrency":2,"pollIntervalMs":5,"idleMaxBackoffMs":5000,"errorBackoffMs":500,"errorMaxBackoffMs":30000,"leaseMs":1000,"heartbeatIntervalMs":333,"drainMs":50,"backlogProbe":true,"sweeps":false,"externalEffects":false,"durable":true}
{"event":"worker.outbox.summary","level":"info","timestamp":"2026-10-05T12:47:52.003Z","workerId":"worker-branches-b","reason":"start","claimed":0,"processed":0,"failed":0,"deadLettered":0,"handoffs":0,"errors":0,"claimFailures":0,"leaseLost":0,"heartbeats":0,"idlePolls":0,"released":0,"lag":null,"inFlight":0}
{"event":"worker.metric","name":"worker_outbox_lag","value":0,"attributes":{"operation":"outbox"},"timestamp":"2026-10-05T12:47:52.003Z"}
{"event":"worker.idle_backoff","level":"debug","timestamp":"2026-10-05T12:47:52.003Z","workerId":"worker-branches-b","backoffMs":5,"lag":0}
{"event":"worker.outbox.summary","level":"info","timestamp":"2026-10-05T12:47:52.003Z","workerId":"worker-branches-b","reason":"stop","claimed":0,"processed":0,"failed":0,"deadLettered":0,"handoffs":0,"errors":0,"claimFailures":0,"leaseLost":0,"heartbeats":0,"idlePolls":1,"released":0,"lag":0,"inFlight":0}
{"event":"worker.stopped","level":"info","timestamp":"2026-10-05T12:47:52.003Z","workerId":"worker-branches-b","drained":true,"released":0,"releaseFailed":0,"processed":0,"failed":0,"deadLettered":0,"lag":0}
{"event":"worker.started","level":"info","timestamp":"2026-10-05T12:47:52.004Z","workerId":"worker-branches-b","concurrency":2,"pollIntervalMs":5,"idleMaxBackoffMs":5000,"errorBackoffMs":500,"errorMaxBackoffMs":30000,"leaseMs":1000,"heartbeatIntervalMs":333,"drainMs":50,"backlogProbe":true,"sweeps":true,"externalEffects":false,"durable":true}
{"event":"worker.outbox.summary","level":"info","timestamp":"2026-10-05T12:47:52.004Z","workerId":"worker-branches-b","reason":"start","claimed":0,"processed":0,"failed":0,"deadLettered":0,"handoffs":0,"errors":0,"claimFailures":0,"leaseLost":0,"heartbeats":0,"idlePolls":0,"released":0,"lag":null,"inFlight":0}
{"event":"worker.metric","name":"worker_outbox_lag","value":0,"attributes":{"operation":"outbox"},"timestamp":"2026-10-05T12:47:52.004Z"}
{"event":"worker.idle_backoff","level":"debug","timestamp":"2026-10-05T12:47:52.004Z","workerId":"worker-branches-b","backoffMs":5,"lag":0}
{"event":"worker.outbox.summary","level":"info","timestamp":"2026-10-05T12:47:52.004Z","workerId":"worker-branches-b","reason":"stop","claimed":0,"processed":0,"failed":0,"deadLettered":0,"handoffs":0,"errors":0,"claimFailures":0,"leaseLost":0,"heartbeats":0,"idlePolls":1,"released":0,"lag":0,"inFlight":0}
{"event":"worker.stopped","level":"info","timestamp":"2026-10-05T12:47:52.004Z","workerId":"worker-branches-b","drained":true,"released":0,"releaseFailed":0,"processed":0,"failed":0,"deadLettered":0,"lag":0}
{"event":"worker.started","level":"info","timestamp":"2026-10-05T12:47:52.005Z","workerId":"worker-branches-b","concurrency":2,"pollIntervalMs":5,"idleMaxBackoffMs":5000,"errorBackoffMs":500,"errorMaxBackoffMs":30000,"leaseMs":1000,"heartbeatIntervalMs":333,"drainMs":50,"backlogProbe":true,"sweeps":true,"externalEffects":false,"durable":true}
{"event":"worker.outbox.summary","level":"info","timestamp":"2026-10-05T12:47:52.005Z","workerId":"worker-branches-b","reason":"start","claimed":0,"processed":0,"failed":0,"deadLettered":0,"handoffs":0,"errors":0,"claimFailures":0,"leaseLost":0,"heartbeats":0,"idlePolls":0,"released":0,"lag":null,"inFlight":0}
{"event":"worker.sweep_stop_failed","level":"error","timestamp":"2026-10-05T12:47:52.005Z","workerId":"worker-branches-b","error":"[redacted-outbox-error]"}
{"event":"worker.metric","name":"worker_outbox_lag","value":0,"attributes":{"operation":"outbox"},"timestamp":"2026-10-05T12:47:52.005Z"}
{"event":"worker.idle_backoff","level":"debug","timestamp":"2026-10-05T12:47:52.005Z","workerId":"worker-branches-b","backoffMs":5,"lag":0}
{"event":"worker.outbox.summary","level":"info","timestamp":"2026-10-05T12:47:52.005Z","workerId":"worker-branches-b","reason":"stop","claimed":0,"processed":0,"failed":0,"deadLettered":0,"handoffs":0,"errors":0,"claimFailures":0,"leaseLost":0,"heartbeats":0,"idlePolls":1,"released":0,"lag":0,"inFlight":0}
{"event":"worker.stopped","level":"info","timestamp":"2026-10-05T12:47:52.005Z","workerId":"worker-branches-b","drained":true,"released":0,"releaseFailed":0,"processed":0,"failed":0,"deadLettered":0,"lag":0}
 [32m✓[39m apps/worker/src/__tests__/branches-b-20260925.test.ts [2m([22m[2m80 tests[22m[2m)[22m[32m 94[2mms[22m[39m
 [32m✓[39m packages/platform/src/__tests__/plugin-catalog.test.ts [2m([22m[2m1 test[22m[2m)[22m[32m 27[2mms[22m[39m
 [32m✓[39m packages/shared/src/__tests__/shared-branches-hardening.test.ts [2m([22m[2m16 tests[22m[2m)[22m[32m 74[2mms[22m[39m
 [32m✓[39m packages/platform/src/__tests__/prompt-profile.test.ts [2m([22m[2m8 tests[22m[2m)[22m[32m 55[2mms[22m[39m
 [32m✓[39m packages/channel-gateway/src/__tests__/channel-coverage.test.ts [2m([22m[2m6 tests[22m[2m)[22m[32m 13[2mms[22m[39m
 [32m✓[39m packages/agent-runtime/src/__tests__/runtime-limits.test.ts [2m([22m[2m16 tests[22m[2m)[22m[32m 64[2mms[22m[39m
 [32m✓[39m packages/platform/src/__tests__/secretary-preset.test.ts [2m([22m[2m2 tests[22m[2m)[22m[32m 52[2mms[22m[39m
 [32m✓[39m packages/platform/src/__tests__/plugin-gateway-hardening.test.ts [2m([22m[2m12 tests[22m[2m)[22m[32m 55[2mms[22m[39m
 [32m✓[39m packages/persistence/src/__tests__/coverage-20260925.test.ts [2m([22m[2m45 tests[22m[2m)[22m[32m 31[2mms[22m[39m
 [32m✓[39m packages/platform/src/__tests__/handoff-policy.test.ts [2m([22m[2m3 tests[22m[2m)[22m[32m 42[2mms[22m[39m
 [32m✓[39m apps/worker/src/__tests__/published-worker-runtime.test.ts [2m([22m[2m9 tests[22m[2m)[22m[32m 59[2mms[22m[39m
 [32m✓[39m apps/worker/src/__tests__/worker-health.test.ts [2m([22m[2m9 tests[22m[2m)[22m[32m 56[2mms[22m[39m
 [32m✓[39m packages/persistence/src/__tests__/persistence-schema.test.ts [2m([22m[2m7 tests[22m[2m)[22m[32m 14[2mms[22m[39m
 [32m✓[39m packages/channel-gateway/src/__tests__/channel-coverage-gateway-hardening.test.ts [2m([22m[2m10 tests[22m[2m)[22m[32m 55[2mms[22m[39m
 [32m✓[39m packages/persistence/src/__tests__/platform-control-plane-repository.test.ts [2m([22m[2m9 tests[22m[2m)[22m[32m 40[2mms[22m[39m
 [32m✓[39m tests/phase11-certification.test.js [2m([22m[2m3 tests[22m[2m)[22m[32m 54[2mms[22m[39m
 [32m✓[39m packages/agent-core/src/__tests__/published-agent-runtime.test.ts [2m([22m[2m9 tests[22m[2m)[22m[32m 53[2mms[22m[39m
 [32m✓[39m packages/agent-runtime/src/__tests__/runtime-legacy-rearm.test.ts [2m([22m[2m8 tests[22m[2m)[22m[32m 58[2mms[22m[39m
 [32m✓[39m packages/platform/src/__tests__/test-lab-events.test.ts [2m([22m[2m5 tests[22m[2m)[22m[32m 49[2mms[22m[39m
 [32m✓[39m packages/persistence/src/__tests__/outbox-memory.test.ts [2m([22m[2m6 tests[22m[2m)[22m[32m 21[2mms[22m[39m
 [32m✓[39m apps/worker/src/__tests__/kernel-composition-branch-hardening.test.ts [2m([22m[2m79 tests[22m[2m | [22m[33m29 skipped[39m[2m)[22m[32m 58[2mms[22m[39m
 [32m✓[39m packages/agent-runtime/src/__tests__/runtime-sweep-operation-key.test.ts [2m([22m[2m7 tests[22m[2m)[22m[32m 60[2mms[22m[39m
 [32m✓[39m packages/approval-engine/src/__tests__/approval-coverage-closure.test.ts [2m([22m[2m14 tests[22m[2m)[22m[32m 22[2mms[22m[39m
 [32m✓[39m packages/agent-runtime/src/__tests__/agent-runtime.test.ts [2m([22m[2m9 tests[22m[2m)[22m[32m 52[2mms[22m[39m
 [32m✓[39m packages/platform/src/__tests__/output-policy.test.ts [2m([22m[2m35 tests[22m[2m)[22m[32m 44[2mms[22m[39m
 [32m✓[39m apps/web/src/features/audit/audit-view.test.tsx [2m([22m[2m1 test[22m[2m)[22m[32m 35[2mms[22m[39m
 [32m✓[39m packages/model-gateway/src/__tests__/providers.test.ts [2m([22m[2m14 tests[22m[2m)[22m[32m 20[2mms[22m[39m
 [32m✓[39m packages/channel-gateway/src/__tests__/channel-effect-race.test.ts [2m([22m[2m2 tests[22m[2m)[22m[32m 16[2mms[22m[39m
 [32m✓[39m packages/persistence/src/__tests__/outbox.test.ts [2m([22m[2m6 tests[22m[2m)[22m[32m 14[2mms[22m[39m
 [32m✓[39m apps/worker/src/__tests__/published-worker-knowledge-boundary.test.ts [2m([22m[2m5 tests[22m[2m)[22m[32m 36[2mms[22m[39m
 [32m✓[39m apps/api/src/__tests__/tenant-isolation-branch-hardening.test.ts [2m([22m[2m12 tests[22m[2m)[22m[32m 27[2mms[22m[39m
 [32m✓[39m packages/persistence/src/__tests__/outbox-branch-hardening.test.ts [2m([22m[2m11 tests[22m[2m)[22m[32m 22[2mms[22m[39m
 [32m✓[39m packages/platform/src/__tests__/tool-invocation-boundary.test.ts [2m([22m[2m14 tests[22m[2m)[22m[32m 39[2mms[22m[39m
 [32m✓[39m packages/platform/src/__tests__/controlled-tool-registry.test.ts [2m([22m[2m5 tests[22m[2m)[22m[32m 47[2mms[22m[39m
 [32m✓[39m packages/platform/src/__tests__/event-bus.test.ts [2m([22m[2m8 tests[22m[2m)[22m[32m 16[2mms[22m[39m
 [32m✓[39m packages/model-gateway/src/__tests__/gateway-hardening.test.ts [2m([22m[2m36 tests[22m[2m)[22m[32m 32[2mms[22m[39m
 [32m✓[39m packages/observability/src/__tests__/observability-exercise.test.ts [2m([22m[2m4 tests[22m[2m)[22m[32m 17[2mms[22m[39m
 [32m✓[39m packages/platform/src/__tests__/knowledge-input-boundary.test.ts [2m([22m[2m3 tests[22m[2m)[22m[32m 30[2mms[22m[39m
 [32m✓[39m packages/platform/src/__tests__/test-suite-catalog.test.ts [2m([22m[2m2 tests[22m[2m)[22m[32m 37[2mms[22m[39m
 [32m✓[39m packages/persistence/src/__tests__/tenant-isolation.test.ts [2m([22m[2m14 tests[22m[2m | [22m[33m2 skipped[39m[2m)[22m[32m 27[2mms[22m[39m
 [32m✓[39m packages/persistence/src/__tests__/retention.test.ts [2m([22m[2m27 tests[22m[2m)[22m[32m 18[2mms[22m[39m
 [32m✓[39m packages/platform/src/__tests__/malformed-model-output.test.ts [2m([22m[2m1 test[22m[2m)[22m[32m 19[2mms[22m[39m
 [32m✓[39m tests/aud20-10-alerts-ledger.test.ts [2m([22m[2m10 tests[22m[2m)[22m[32m 18[2mms[22m[39m
 [32m✓[39m packages/platform/src/__tests__/knowledge-resolver.test.ts [2m([22m[2m1 test[22m[2m)[22m[32m 27[2mms[22m[39m
 [32m✓[39m packages/platform/src/__tests__/approval-authority.test.ts [2m([22m[2m6 tests[22m[2m)[22m[32m 18[2mms[22m[39m
 [32m✓[39m packages/agent-evals/src/__tests__/eval-contract.test.ts [2m([22m[2m16 tests[22m[2m)[22m[32m 27[2mms[22m[39m
 [32m✓[39m packages/persistence/src/__tests__/release-candidate-repository.test.ts [2m([22m[2m3 tests[22m[2m)[22m[32m 14[2mms[22m[39m
 [32m✓[39m packages/platform/src/__tests__/plugin-registry-versioning.test.ts [2m([22m[2m3 tests[22m[2m)[22m[32m 23[2mms[22m[39m
 [32m✓[39m packages/persistence/src/__tests__/audit-evidence-checkpoint.test.ts [2m([22m[2m3 tests[22m[2m)[22m[32m 21[2mms[22m[39m
 [32m✓[39m packages/platform/src/__tests__/trace-governance.test.ts [2m([22m[2m14 tests[22m[2m)[22m[32m 27[2mms[22m[39m
 [32m✓[39m packages/platform/src/__tests__/capability-approval-gateway.test.ts [2m([22m[2m4 tests[22m[2m)[22m[32m 20[2mms[22m[39m
 [32m✓[39m packages/persistence/src/__tests__/repository-error-paths.test.ts [2m([22m[2m7 tests[22m[2m)[22m[32m 22[2mms[22m[39m
 [32m✓[39m packages/persistence/src/__tests__/platform-approval-repository.test.ts [2m([22m[2m3 tests[22m[2m)[22m[32m 18[2mms[22m[39m
 [32m✓[39m apps/worker/src/__tests__/kernel-composition-postgres.integration.test.ts [2m([22m[2m14 tests[22m[2m | [22m[33m5 skipped[39m[2m)[22m[32m 16[2mms[22m[39m
 [32m✓[39m packages/approval-engine/src/__tests__/approval-lifecycle.test.ts [2m([22m[2m19 tests[22m[2m)[22m[32m 21[2mms[22m[39m
 [32m✓[39m packages/agent-evals/src/__tests__/integrated-holdout.test.ts [2m([22m[2m6 tests[22m[2m)[22m[32m 22[2mms[22m[39m
 [32m✓[39m packages/persistence/src/__tests__/outbox-edge.test.ts [2m([22m[2m22 tests[22m[2m)[22m[32m 30[2mms[22m[39m
 [32m✓[39m packages/approval-engine/src/__tests__/approval-critical-coverage.test.ts [2m([22m[2m36 tests[22m[2m)[22m[32m 25[2mms[22m[39m
 [32m✓[39m packages/agent-runtime/src/__tests__/capability-action-binding.test.ts [2m([22m[2m3 tests[22m[2m)[22m[32m 22[2mms[22m[39m
 [32m✓[39m packages/agent-runtime/src/__tests__/effect-journal-edges.test.ts [2m([22m[2m19 tests[22m[2m)[22m[32m 27[2mms[22m[39m
 [32m✓[39m apps/worker/src/__tests__/kernel-composition-state.test.ts [2m([22m[2m12 tests[22m[2m)[22m[32m 21[2mms[22m[39m
 [32m✓[39m packages/persistence/src/__tests__/journeys.test.ts [2m([22m[2m2 tests[22m[2m)[22m[32m 12[2mms[22m[39m
 [32m✓[39m packages/approval-engine/src/__tests__/approval-engine.test.ts [2m([22m[2m10 tests[22m[2m)[22m[32m 16[2mms[22m[39m
 [32m✓[39m packages/platform/src/__tests__/release-candidate-ledger.test.ts [2m([22m[2m5 tests[22m[2m)[22m[32m 19[2mms[22m[39m
 [32m✓[39m packages/platform/src/__tests__/publish-evidence-authority.test.ts [2m([22m[2m4 tests[22m[2m)[22m[32m 24[2mms[22m[39m
 [32m✓[39m packages/persistence/src/__tests__/attendance-approval-atomic.test.ts [2m([22m[2m6 tests[22m[2m)[22m[32m 12[2mms[22m[39m
 [32m✓[39m packages/agent-evals/src/__tests__/branches-b-20260925.test.ts [2m([22m[2m10 tests[22m[2m)[22m[32m 20[2mms[22m[39m
 [32m✓[39m apps/worker/src/__tests__/outbox-recovery.test.ts [2m([22m[2m5 tests[22m[2m)[22m[32m 13[2mms[22m[39m
 [32m✓[39m packages/channel-gateway/src/__tests__/channel-coverage-inbound-adapters.test.ts [2m([22m[2m11 tests[22m[2m)[22m[32m 24[2mms[22m[39m
 [32m✓[39m packages/persistence/src/__tests__/postgres-migration-smoke.test.ts [2m([22m[2m9 tests[22m[2m | [22m[33m1 skipped[39m[2m)[22m[32m 28[2mms[22m[39m
 [32m✓[39m packages/observability/src/__tests__/branches-b-20260925.test.ts [2m([22m[2m19 tests[22m[2m)[22m[32m 26[2mms[22m[39m
 [32m✓[39m packages/persistence/src/__tests__/journeys-postgres.test.ts [2m([22m[2m24 tests[22m[2m | [22m[33m15 skipped[39m[2m)[22m[32m 21[2mms[22m[39m
 [32m✓[39m packages/agent-evals/src/__tests__/agent-evals.test.ts [2m([22m[2m8 tests[22m[2m)[22m[32m 23[2mms[22m[39m
 [32m✓[39m apps/worker/src/__tests__/kernel-coverage-20260925.test.ts [2m([22m[2m27 tests[22m[2m)[22m[32m 20[2mms[22m[39m
 [32m✓[39m packages/observability/src/__tests__/observability.test.ts [2m([22m[2m12 tests[22m[2m)[22m[32m 25[2mms[22m[39m
 [32m✓[39m packages/observability/src/__tests__/collector.test.ts [2m([22m[2m8 tests[22m[2m)[22m[32m 13[2mms[22m[39m
 [32m✓[39m packages/channel-gateway/src/__tests__/channel-effect-reconciliation-actor.test.ts [2m([22m[2m6 tests[22m[2m)[22m[32m 28[2mms[22m[39m
 [32m✓[39m packages/observability/src/__tests__/observability-coverage.test.ts [2m([22m[2m5 tests[22m[2m)[22m[32m 20[2mms[22m[39m
 [32m✓[39m packages/platform/src/__tests__/event-bus-hardening.test.ts [2m([22m[2m7 tests[22m[2m)[22m[32m 20[2mms[22m[39m
 [32m✓[39m packages/persistence/src/__tests__/branches-b-20260925.test.ts [2m([22m[2m30 tests[22m[2m)[22m[32m 19[2mms[22m[39m
 [32m✓[39m packages/observability/src/__tests__/sli-slo-catalog.test.ts [2m([22m[2m4 tests[22m[2m)[22m[32m 17[2mms[22m[39m
 [32m✓[39m packages/rag/src/__tests__/institutional-rag-hardening.test.ts [2m([22m[2m8 tests[22m[2m)[22m[32m 16[2mms[22m[39m
 [32m✓[39m packages/persistence/src/__tests__/runtime-trace-correlation.test.ts [2m([22m[2m2 tests[22m[2m)[22m[32m 17[2mms[22m[39m
 [32m✓[39m packages/platform/src/__tests__/platform-misc-hardening.test.ts [2m([22m[2m6 tests[22m[2m)[22m[32m 18[2mms[22m[39m
 [32m✓[39m packages/channel-gateway/src/__tests__/channel-gateway.test.ts [2m([22m[2m14 tests[22m[2m)[22m[32m 21[2mms[22m[39m
 [32m✓[39m apps/api/src/__tests__/request-query.test.ts [2m([22m[2m7 tests[22m[2m)[22m[32m 11[2mms[22m[39m
 [32m✓[39m packages/shared/src/__tests__/shared-contracts.test.ts [2m([22m[2m11 tests[22m[2m)[22m[32m 20[2mms[22m[39m
 [32m✓[39m apps/api/src/__tests__/bootstrap-coverage-20260925.test.ts [2m([22m[2m21 tests[22m[2m)[22m[32m 17[2mms[22m[39m
 [32m✓[39m packages/persistence/src/__tests__/audit-evidence-checkpoint-postgres.test.ts [2m([22m[2m2 tests[22m[2m)[22m[32m 17[2mms[22m[39m
 [32m✓[39m apps/worker/src/__tests__/controlled-worker-hardening.test.ts [2m([22m[2m7 tests[22m[2m)[22m[32m 18[2mms[22m[39m
 [32m✓[39m packages/policy-engine/src/__tests__/policy-engine.test.ts [2m([22m[2m14 tests[22m[2m)[22m[32m 15[2mms[22m[39m
 [32m✓[39m tests/phase11-score-rubric.test.js [2m([22m[2m6 tests[22m[2m)[22m[32m 11[2mms[22m[39m
 [32m✓[39m packages/platform/src/__tests__/model-provider-boundary.test.ts [2m([22m[2m4 tests[22m[2m)[22m[32m 20[2mms[22m[39m
 [32m✓[39m tests/docs-readiness.test.js [2m([22m[2m7 tests[22m[2m)[22m[32m 23[2mms[22m[39m
 [32m✓[39m packages/approval-engine/src/__tests__/approval-lifecycle-edges.test.ts [2m([22m[2m10 tests[22m[2m)[22m[32m 24[2mms[22m[39m
 [32m✓[39m packages/channel-gateway/src/__tests__/channel-adapters-branch-hardening.test.ts [2m([22m[2m5 tests[22m[2m)[22m[32m 16[2mms[22m[39m
 [32m✓[39m packages/platform/src/__tests__/knowledge-source-catalog.test.ts [2m([22m[2m2 tests[22m[2m)[22m[32m 10[2mms[22m[39m
 [32m✓[39m apps/api/src/__tests__/identity-key-ring-rotation.test.ts [2m([22m[2m8 tests[22m[2m)[22m[32m 14[2mms[22m[39m
 [32m✓[39m apps/web/src/features/platform/prompt-profile.test.ts [2m([22m[2m5 tests[22m[2m)[22m[32m 15[2mms[22m[39m
 [32m✓[39m packages/agent-evals/src/__tests__/datasets-coverage-20260925.test.ts [2m([22m[2m6 tests[22m[2m)[22m[32m 14[2mms[22m[39m
 [32m✓[39m packages/tools/src/__tests__/platform-adapter.test.ts [2m([22m[2m1 test[22m[2m)[22m[32m 13[2mms[22m[39m
 [32m✓[39m packages/policy-engine/src/__tests__/capability-scope.test.ts [2m([22m[2m15 tests[22m[2m)[22m[32m 14[2mms[22m[39m
 [32m✓[39m packages/approval-engine/src/__tests__/approval-operation-key.test.ts [2m([22m[2m7 tests[22m[2m)[22m[32m 14[2mms[22m[39m
 [32m✓[39m packages/policy-engine/src/__tests__/policy-engine-branch-hardening.test.ts [2m([22m[2m9 tests[22m[2m)[22m[32m 15[2mms[22m[39m
 [32m✓[39m packages/model-gateway/src/__tests__/edge-coverage.test.ts [2m([22m[2m15 tests[22m[2m)[22m[32m 11[2mms[22m[39m
 [32m✓[39m apps/api/src/startup-failure.test.ts [2m([22m[2m8 tests[22m[2m)[22m[32m 14[2mms[22m[39m
 [32m✓[39m packages/shared/src/__tests__/audit-governance-hardening.test.ts [2m([22m[2m10 tests[22m[2m)[22m[32m 11[2mms[22m[39m
 [32m✓[39m apps/web/src/api/audit-evidence-checkpoint-client.test.ts [2m([22m[2m3 tests[22m[2m)[22m[32m 9[2mms[22m[39m
 [32m✓[39m apps/api/src/__tests__/operator-replay-store.test.ts [2m([22m[2m20 tests[22m[2m | [22m[33m3 skipped[39m[2m)[22m[32m 9[2mms[22m[39m
 [32m✓[39m packages/persistence/src/__tests__/restore.test.ts [2m([22m[2m5 tests[22m[2m)[22m[32m 12[2mms[22m[39m
 [32m✓[39m packages/policy-engine/src/__tests__/policy-coverage.test.ts [2m([22m[2m6 tests[22m[2m)[22m[32m 13[2mms[22m[39m
 [32m✓[39m tests/phase11-eval-contract.test.js [2m([22m[2m24 tests[22m[2m)[22m[32m 9[2mms[22m[39m
 [32m✓[39m packages/persistence/src/__tests__/runtime-audit-chain.test.ts [2m([22m[2m2 tests[22m[2m)[22m[32m 9[2mms[22m[39m
 [32m✓[39m packages/agent-runtime/src/__tests__/proposal-errors.test.ts [2m([22m[2m10 tests[22m[2m)[22m[32m 10[2mms[22m[39m
 [32m✓[39m packages/workflows/src/__tests__/persistent-journey.flow.test.ts [2m([22m[2m5 tests[22m[2m)[22m[32m 12[2mms[22m[39m
 [32m✓[39m tests/aud19-certification-guards.test.js [2m([22m[2m9 tests[22m[2m)[22m[32m 10[2mms[22m[39m
 [32m✓[39m packages/persistence/src/__tests__/plugin-catalog-repository.test.ts [2m([22m[2m1 test[22m[2m)[22m[32m 11[2mms[22m[39m
 [32m✓[39m packages/chaos/src/__tests__/faults-coverage.test.ts [2m([22m[2m3 tests[22m[2m)[22m[32m 10[2mms[22m[39m
 [32m✓[39m apps/worker/src/__tests__/worker-observability.test.ts [2m([22m[2m4 tests[22m[2m)[22m[32m 10[2mms[22m[39m
 [32m✓[39m tests/repository-structure.test.js [2m([22m[2m2 tests[22m[2m)[22m[32m 8[2mms[22m[39m
 [32m✓[39m apps/worker/src/__tests__/controlled-worker.test.ts [2m([22m[2m2 tests[22m[2m)[22m[32m 10[2mms[22m[39m
 [32m✓[39m packages/tools/src/__tests__/journey-tools.test.ts [2m([22m[2m2 tests[22m[2m)[22m[32m 9[2mms[22m[39m
 [32m✓[39m packages/agent-core/src/__tests__/coverage-20260925.test.ts [2m([22m[2m5 tests[22m[2m)[22m[32m 7[2mms[22m[39m
 [32m✓[39m packages/persistence/src/__tests__/runtime-approval-store-branch-hardening.test.ts [2m([22m[2m19 tests[22m[2m | [22m[33m15 skipped[39m[2m)[22m[32m 8[2mms[22m[39m
 [32m✓[39m packages/shared/src/__tests__/ssrf.test.ts [2m([22m[2m34 tests[22m[2m)[22m[32m 9[2mms[22m[39m
 [32m✓[39m apps/web/src/api/release-candidate-client.test.ts [2m([22m[2m3 tests[22m[2m)[22m[32m 8[2mms[22m[39m
 [32m✓[39m apps/worker/src/__tests__/production-worker-guard.test.ts [2m([22m[2m11 tests[22m[2m)[22m[32m 7[2mms[22m[39m
 [32m✓[39m packages/observability/src/__tests__/alerts.test.ts [2m([22m[2m9 tests[22m[2m)[22m[32m 12[2mms[22m[39m
 [32m✓[39m packages/tools/src/__tests__/local-handlers-hardening.test.ts [2m([22m[2m5 tests[22m[2m)[22m[32m 7[2mms[22m[39m
 [32m✓[39m packages/platform/src/__tests__/tool-invocation-boundary-hardening.test.ts [2m([22m[2m9 tests[22m[2m)[22m[32m 9[2mms[22m[39m
 [32m✓[39m packages/agent-runtime/src/__tests__/composition-branch-hardening.test.ts [2m([22m[2m7 tests[22m[2m)[22m[32m 7[2mms[22m[39m
 [32m✓[39m tests/aud20-16-capacity-model.test.js [2m([22m[2m5 tests[22m[2m)[22m[32m 12[2mms[22m[39m
 [32m✓[39m apps/api/src/__tests__/request-context-branches-20260925.test.ts [2m([22m[2m8 tests[22m[2m)[22m[32m 10[2mms[22m[39m
 [32m✓[39m packages/persistence/src/__tests__/audit-repository.test.ts [2m([22m[2m2 tests[22m[2m)[22m[32m 6[2mms[22m[39m
 [32m✓[39m packages/adapters/src/__tests__/model-adapter.test.ts [2m([22m[2m3 tests[22m[2m)[22m[32m 8[2mms[22m[39m
 [32m✓[39m packages/approval-engine/src/__tests__/approval-coverage.test.ts [2m([22m[2m3 tests[22m[2m)[22m[32m 14[2mms[22m[39m
 [32m✓[39m packages/rag/src/__tests__/institutional-rag.test.ts [2m([22m[2m3 tests[22m[2m)[22m[32m 6[2mms[22m[39m
 [32m✓[39m packages/shared/src/__tests__/http-security-env.test.ts [2m([22m[2m4 tests[22m[2m)[22m[32m 8[2mms[22m[39m
 [32m✓[39m packages/platform/src/__tests__/retention-ledger.test.ts [2m([22m[2m2 tests[22m[2m)[22m[32m 10[2mms[22m[39m
 [32m✓[39m packages/workflows/src/__tests__/intent-workflow.flow.test.ts [2m([22m[2m5 tests[22m[2m)[22m[32m 8[2mms[22m[39m
 [32m✓[39m tests/aud20-19-qualification.test.js [2m([22m[2m5 tests[22m[2m)[22m[32m 10[2mms[22m[39m
 [32m✓[39m packages/persistence/src/__tests__/session-version-pinning.test.ts [2m([22m[2m2 tests[22m[2m)[22m[32m 7[2mms[22m[39m
 [32m✓[39m packages/shared/src/__tests__/canonical.test.ts [2m([22m[2m9 tests[22m[2m)[22m[32m 7[2mms[22m[39m
 [32m✓[39m tests/aud19-critical-coverage.test.js [2m([22m[2m5 tests[22m[2m)[22m[32m 8[2mms[22m[39m
 [32m✓[39m packages/agent-core/src/__tests__/internal-task.integration.test.ts [2m([22m[2m1 test[22m[2m)[22m[32m 6[2mms[22m[39m
 [32m✓[39m packages/adapters/src/__tests__/controlled-delivery.test.ts [2m([22m[2m2 tests[22m[2m)[22m[32m 6[2mms[22m[39m
 [32m✓[39m packages/agent-core/src/__tests__/conversation-session.integration.test.ts [2m([22m[2m1 test[22m[2m)[22m[32m 6[2mms[22m[39m
 [32m✓[39m packages/shared/src/__tests__/ids-hardening.test.ts [2m([22m[2m3 tests[22m[2m)[22m[32m 8[2mms[22m[39m
 [32m✓[39m packages/policy/src/__tests__/approval-state.integration.test.ts [2m([22m[2m1 test[22m[2m)[22m[32m 5[2mms[22m[39m
 [32m✓[39m packages/platform/src/__tests__/qualification.test.ts [2m([22m[2m3 tests[22m[2m)[22m[32m 7[2mms[22m[39m
 [32m✓[39m tests/construction-readiness.test.js [2m([22m[2m4 tests[22m[2m)[22m[32m 6[2mms[22m[39m
 [32m✓[39m packages/platform/src/__tests__/model-provider.test.ts [2m([22m[2m3 tests[22m[2m)[22m[32m 8[2mms[22m[39m
 [32m✓[39m tests/workspace-scripts.test.js [2m([22m[2m2 tests[22m[2m)[22m[32m 4[2mms[22m[39m
 [32m✓[39m packages/shared/src/__tests__/auth-identity-mode.test.ts [2m([22m[2m3 tests[22m[2m)[22m[32m 5[2mms[22m[39m
 [32m✓[39m packages/persistence/src/__tests__/outbox-durability.test.ts [2m([22m[2m10 tests[22m[2m | [22m[33m8 skipped[39m[2m)[22m[32m 5[2mms[22m[39m
 [32m✓[39m packages/adapters/src/__tests__/fake-whatsapp-adapter.test.ts [2m([22m[2m2 tests[22m[2m)[22m[32m 4[2mms[22m[39m
 [32m✓[39m packages/tools/src/__tests__/owner-patient-tools.integration.test.ts [2m([22m[2m1 test[22m[2m)[22m[32m 4[2mms[22m[39m
 [32m✓[39m apps/worker/src/__tests__/worker-docker-topology.test.ts [2m([22m[2m4 tests[22m[2m)[22m[32m 5[2mms[22m[39m
 [32m✓[39m packages/shared/src/__tests__/data-classification.test.ts [2m([22m[2m7 tests[22m[2m)[22m[32m 4[2mms[22m[39m
 [32m✓[39m packages/tools/src/__tests__/tool-registry.test.ts [2m([22m[2m2 tests[22m[2m)[22m[32m 5[2mms[22m[39m
 [32m✓[39m apps/web/src/api/client.test.ts [2m([22m[2m1 test[22m[2m)[22m[32m 6[2mms[22m[39m
 [32m✓[39m tests/release-candidate-boundary.test.js [2m([22m[2m5 tests[22m[2m)[22m[32m 5[2mms[22m[39m
 [32m✓[39m packages/persistence/src/__tests__/channel-effect-journal-postgres.test.ts [2m([22m[2m12 tests[22m[2m | [22m[33m11 skipped[39m[2m)[22m[32m 4[2mms[22m[39m
 [32m✓[39m packages/policy/src/__tests__/policy-engine.test.ts [2m([22m[2m3 tests[22m[2m)[22m[32m 5[2mms[22m[39m
 [32m✓[39m packages/platform/src/__tests__/handoff.test.ts [2m([22m[2m2 tests[22m[2m)[22m[32m 6[2mms[22m[39m
 [32m✓[39m packages/workflows/src/__tests__/triage-safety.flow.test.ts [2m([22m[2m1 test[22m[2m)[22m[32m 4[2mms[22m[39m
 [32m✓[39m packages/persistence/src/__tests__/effect-journal-postgres.test.ts [2m([22m[2m10 tests[22m[2m | [22m[33m9 skipped[39m[2m)[22m[32m 5[2mms[22m[39m
 [32m✓[39m packages/memory/src/__tests__/memory-facts.test.ts [2m([22m[2m1 test[22m[2m)[22m[32m 3[2mms[22m[39m
 [32m✓[39m tests/vitest-hermetic.test.ts [2m([22m[2m1 test[22m[2m)[22m[32m 4[2mms[22m[39m
 [32m✓[39m packages/workflows/src/__tests__/scheduling-draft.flow.test.ts [2m([22m[2m1 test[22m[2m)[22m[32m 4[2mms[22m[39m
 [32m✓[39m packages/persistence/src/__tests__/session-version-pinning-postgres.test.ts [2m([22m[2m2 tests[22m[2m | [22m[33m1 skipped[39m[2m)[22m[32m 3[2mms[22m[39m
 [32m✓[39m apps/worker/src/__tests__/postgres-outbox-bridge.integration.test.ts [2m([22m[2m2 tests[22m[2m | [22m[33m1 skipped[39m[2m)[22m[32m 3[2mms[22m[39m
 [32m✓[39m packages/workflows/src/__tests__/institutional-rag-safe.flow.test.ts [2m([22m[2m1 test[22m[2m)[22m[32m 3[2mms[22m[39m
 [32m✓[39m tests/ci-workflow-contract.test.js [2m([22m[2m2 tests[22m[2m)[22m[32m 3[2mms[22m[39m
 [32m✓[39m apps/worker/src/__tests__/postgres-role-preflight.test.ts [2m([22m[2m13 tests[22m[2m | [22m[33m12 skipped[39m[2m)[22m[32m 4[2mms[22m[39m
 [32m✓[39m packages/workflows/src/__tests__/handoff-summary.unit.test.ts [2m([22m[2m1 test[22m[2m)[22m[32m 4[2mms[22m[39m
 [2m[90m↓[39m[22m apps/api/src/__tests__/journeys-api-postgres.test.ts [2m([22m[2m10 tests[22m[2m | [22m[33m10 skipped[39m[2m)[22m
 [2m[90m↓[39m[22m apps/worker/src/__tests__/continuous-worker-entrypoint.integration.test.ts [2m([22m[2m2 tests[22m[2m | [22m[33m2 skipped[39m[2m)[22m
 [2m[90m↓[39m[22m apps/worker/src/__tests__/continuous-worker-postgres.integration.test.ts [2m([22m[2m3 tests[22m[2m | [22m[33m3 skipped[39m[2m)[22m
 [2m[90m↓[39m[22m apps/worker/src/__tests__/kernel-durable-orchestrator-postgres.test.ts [2m([22m[2m6 tests[22m[2m | [22m[33m6 skipped[39m[2m)[22m
 [2m[90m↓[39m[22m packages/chaos/src/__tests__/chaos-postgres.test.ts [2m([22m[2m2 tests[22m[2m | [22m[33m2 skipped[39m[2m)[22m
 [2m[90m↓[39m[22m packages/persistence/src/__tests__/attendance-approval-postgres.test.ts [2m([22m[2m1 test[22m[2m | [22m[33m1 skipped[39m[2m)[22m
 [2m[90m↓[39m[22m packages/persistence/src/__tests__/goal-concurrency-postgres.test.ts [2m([22m[2m8 tests[22m[2m | [22m[33m8 skipped[39m[2m)[22m
 [2m[90m↓[39m[22m packages/persistence/src/__tests__/orchestrator-postgres.test.ts [2m([22m[2m5 tests[22m[2m | [22m[33m5 skipped[39m[2m)[22m
 [2m[90m↓[39m[22m packages/persistence/src/__tests__/platform-approval-postgres.test.ts [2m([22m[2m2 tests[22m[2m | [22m[33m2 skipped[39m[2m)[22m
 [2m[90m↓[39m[22m packages/persistence/src/__tests__/platform-postgres-smoke.test.ts [2m([22m[2m5 tests[22m[2m | [22m[33m5 skipped[39m[2m)[22m
 [2m[90m↓[39m[22m packages/persistence/src/__tests__/retention-postgres.test.ts [2m([22m[2m13 tests[22m[2m | [22m[33m13 skipped[39m[2m)[22m
 [2m[90m↓[39m[22m packages/persistence/src/__tests__/runtime-approval-store-postgres.test.ts [2m([22m[2m14 tests[22m[2m | [22m[33m14 skipped[39m[2m)[22m

[2m Test Files [22m [1m[32m307 passed[39m[22m[2m | [22m[33m12 skipped[39m[90m (319)[39m
[2m      Tests [22m [1m[32m2682 passed[39m[22m[2m | [22m[33m194 skipped[39m[90m (2876)[39m
[2m   Start at [22m 12:44:30
[2m   Duration [22m 366.00s[2m (transform 5.64s, setup 0ms, import 54.76s, tests 60.66s, environment 210.84s)[22m


> cvg-claw@1.0.0 test:coverage
> vitest run --coverage --no-file-parallelism --maxWorkers=2


[1m[30m[46m RUN [49m[39m[22m [36mv4.1.11 [39m[90m/home/ricardo/cvg-claw[39m
      [2mCoverage enabled with [22m[33mv8[39m

 [32m✓[39m tests/mutation-sentinel.test.js [2m([22m[2m5 tests[22m[2m)[22m[33m 4607[2mms[22m[39m
     [33m[2m✓[22m[39m detects the frozen eval-threshold mutant without touching the worktree [33m 2556[2mms[22m[39m
     [33m[2m✓[22m[39m reports a drifted target as a gap instead of inventing detection [33m 598[2mms[22m[39m
     [33m[2m✓[22m[39m returns a non-zero process exit when --fail-on-gaps finds a surviving gap [33m 1055[2mms[22m[39m
 [32m✓[39m tests/production-preflight.test.js [2m([22m[2m16 tests[22m[2m)[22m[33m 1550[2mms[22m[39m
     [33m[2m✓[22m[39m runs the shared gate before API and worker bootstrap [33m 1168[2mms[22m[39m
 [32m✓[39m tests/promotion-expectation.test.js [2m([22m[2m14 tests[22m[2m)[22m[33m 3119[2mms[22m[39m
     [33m[2m✓[22m[39m keeps the default expectation exit code tied to eligibility [33m 1040[2mms[22m[39m
     [33m[2m✓[22m[39m accepts EXTERNAL_ONLY while only human gates remain pending [33m 1013[2mms[22m[39m
     [33m[2m✓[22m[39m fails closed on an unknown expectation value [33m 1059[2mms[22m[39m
 [32m✓[39m apps/api/src/__tests__/readiness.test.ts [2m([22m[2m11 tests[22m[2m)[22m[33m 2967[2mms[22m[39m
     [33m[2m✓[22m[39m returns 503 when destruction rejects the timed out query [33m 927[2mms[22m[39m
     [33m[2m✓[22m[39m bounds pending pool admission and destroys a late client exactly once [33m 920[2mms[22m[39m
     [33m[2m✓[22m[39m ignores late query success and recovers after the outstanding operation settles [33m 917[2mms[22m[39m
 [32m✓[39m apps/web/src/__tests__/app.test.tsx [2m([22m[2m17 tests[22m[2m)[22m[33m 2384[2mms[22m[39m
     [33m[2m✓[22m[39m does not apply an in-flight approval refresh after the tenant changes [33m 343[2mms[22m[39m
     [33m[2m✓[22m[39m paginates controlled audit evidence and requests export through approval workflow only [33m 304[2mms[22m[39m
 [32m✓[39m apps/web/src/features/platform/multi-agent-creation.test.tsx [2m([22m[2m6 tests[22m[2m)[22m[33m 1729[2mms[22m[39m
     [33m[2m✓[22m[39m creates Agent A and Agent B in one tenant-scoped session with isolated drafts [33m 781[2mms[22m[39m
 [32m✓[39m apps/web/src/__tests__/platform-panel.test.tsx [2m([22m[2m6 tests[22m[2m)[22m[33m 1332[2mms[22m[39m
     [33m[2m✓[22m[39m lists and transitions metadata-only plugin catalog entries with tenant scope [33m 495[2mms[22m[39m
 [32m✓[39m apps/web/src/__tests__/journeys-identity-race.test.tsx [2m([22m[2m13 tests[22m[2m)[22m[33m 1295[2mms[22m[39m
 [32m✓[39m packages/agent-runtime/src/__tests__/orchestration-branch-hardening.test.ts [2m([22m[2m88 tests[22m[2m)[22m[33m 1512[2mms[22m[39m
     [33m[2m✓[22m[39m renews the lease during a long execution and settles with the renewed lease [33m 422[2mms[22m[39m
     [33m[2m✓[22m[39m aborts execution and reports lease loss when heartbeat renewal fails quickly [33m 603[2mms[22m[39m
     [33m[2m✓[22m[39m awaits an in-flight heartbeat before reporting lease loss [33m 352[2mms[22m[39m
 [32m✓[39m apps/api/src/__tests__/identity-composition-wiring.test.ts [2m([22m[2m8 tests[22m[2m)[22m[33m 859[2mms[22m[39m
     [33m[2m✓[22m[39m fails the real entrypoint closed before resolver composition without runtime proof [33m 666[2mms[22m[39m
 [32m✓[39m tests/worker-controlled-smoke.test.js [2m([22m[2m1 test[22m[2m)[22m[33m 660[2mms[22m[39m
     [33m[2m✓[22m[39m proves the configured local composition claims and acknowledges one event [33m 658[2mms[22m[39m
 [32m✓[39m packages/agent-runtime/src/__tests__/branches-b-20260925.test.ts [2m([22m[2m13 tests[22m[2m)[22m[33m 1176[2mms[22m[39m
     [33m[2m✓[22m[39m renews the step lease while a slow executor runs [33m 753[2mms[22m[39m
     [33m[2m✓[22m[39m abandons the step when the lease heartbeat fails [33m 402[2mms[22m[39m
{"event":"worker.started","level":"info","timestamp":"2026-10-05T12:51:14.134Z","workerId":"worker-restart-190-a","concurrency":2,"pollIntervalMs":5,"idleMaxBackoffMs":5000,"errorBackoffMs":500,"errorMaxBackoffMs":30000,"leaseMs":1000,"heartbeatIntervalMs":333,"drainMs":10000,"backlogProbe":true,"sweeps":false,"externalEffects":false,"durable":true}
{"event":"worker.outbox.summary","level":"info","timestamp":"2026-10-05T12:51:14.135Z","workerId":"worker-restart-190-a","reason":"start","claimed":0,"processed":0,"failed":0,"deadLettered":0,"handoffs":0,"errors":0,"claimFailures":0,"leaseLost":0,"heartbeats":0,"idlePolls":0,"released":0,"lag":null,"inFlight":0}
{"event":"worker.metric","name":"worker_outbox_lag","value":0,"attributes":{"operation":"outbox"},"timestamp":"2026-10-05T12:51:14.136Z"}
{"event":"worker.idle_backoff","level":"debug","timestamp":"2026-10-05T12:51:14.136Z","workerId":"worker-restart-190-a","backoffMs":5,"lag":0}
{"event":"worker.metric","name":"worker_outbox_processed_total","value":1,"attributes":{"status":"processed"},"timestamp":"2026-10-05T12:51:14.136Z"}
{"event":"worker.outbox.processed","level":"info","timestamp":"2026-10-05T12:51:14.136Z","eventId":"outbox_e8c9c958-7af8-4a4d-90be-7ed093c427c2","workerId":"worker-restart-190-a","status":"processed","attempt":1,"leaseLost":false,"operation":"outbox"}
{"event":"worker.outbox.summary","level":"info","timestamp":"2026-10-05T12:51:14.140Z","workerId":"worker-restart-190-a","reason":"stop","claimed":1,"processed":1,"failed":0,"deadLettered":0,"handoffs":0,"errors":0,"claimFailures":0,"leaseLost":0,"heartbeats":0,"idlePolls":1,"released":0,"lag":0,"inFlight":0}
{"event":"worker.stopped","level":"info","timestamp":"2026-10-05T12:51:14.141Z","workerId":"worker-restart-190-a","drained":true,"released":0,"releaseFailed":0,"processed":1,"failed":0,"deadLettered":0,"lag":0}
{"event":"worker.started","level":"info","timestamp":"2026-10-05T12:51:14.141Z","workerId":"worker-restart-190-b","concurrency":2,"pollIntervalMs":5,"idleMaxBackoffMs":5000,"errorBackoffMs":500,"errorMaxBackoffMs":30000,"leaseMs":1000,"heartbeatIntervalMs":333,"drainMs":10000,"backlogProbe":true,"sweeps":false,"externalEffects":false,"durable":true}
{"event":"worker.outbox.summary","level":"info","timestamp":"2026-10-05T12:51:14.141Z","workerId":"worker-restart-190-b","reason":"start","claimed":0,"processed":0,"failed":0,"deadLettered":0,"handoffs":0,"errors":0,"claimFailures":0,"leaseLost":0,"heartbeats":0,"idlePolls":0,"released":0,"lag":null,"inFlight":0}
{"event":"worker.metric","name":"worker_outbox_lag","value":0,"attributes":{"operation":"outbox"},"timestamp":"2026-10-05T12:51:14.142Z"}
{"event":"worker.idle_backoff","level":"debug","timestamp":"2026-10-05T12:51:14.142Z","workerId":"worker-restart-190-b","backoffMs":5,"lag":0}
{"event":"worker.metric","name":"worker_outbox_processed_total","value":1,"attributes":{"status":"processed"},"timestamp":"2026-10-05T12:51:14.142Z"}
{"event":"worker.outbox.processed","level":"info","timestamp":"2026-10-05T12:51:14.142Z","eventId":"outbox_aeb05a1e-e5d7-4ce0-a2b6-c274ded8e416","workerId":"worker-restart-190-b","status":"processed","attempt":1,"leaseLost":false,"operation":"outbox"}
{"event":"worker.outbox.summary","level":"info","timestamp":"2026-10-05T12:51:14.146Z","workerId":"worker-restart-190-b","reason":"stop","claimed":1,"processed":1,"failed":0,"deadLettered":0,"handoffs":0,"errors":0,"claimFailures":0,"leaseLost":0,"heartbeats":0,"idlePolls":1,"released":0,"lag":0,"inFlight":0}
{"event":"worker.stopped","level":"info","timestamp":"2026-10-05T12:51:14.146Z","workerId":"worker-restart-190-b","drained":true,"released":0,"releaseFailed":0,"processed":1,"failed":0,"deadLettered":0,"lag":0}
{"event":"worker.started","level":"info","timestamp":"2026-10-05T12:51:14.168Z","workerId":"worker-retry-190","concurrency":2,"pollIntervalMs":5,"idleMaxBackoffMs":5000,"errorBackoffMs":500,"errorMaxBackoffMs":30000,"leaseMs":1000,"heartbeatIntervalMs":333,"drainMs":10000,"backlogProbe":true,"sweeps":false,"externalEffects":false,"durable":true}
{"event":"worker.outbox.summary","level":"info","timestamp":"2026-10-05T12:51:14.168Z","workerId":"worker-retry-190","reason":"start","claimed":0,"processed":0,"failed":0,"deadLettered":0,"handoffs":0,"errors":0,"claimFailures":0,"leaseLost":0,"heartbeats":0,"idlePolls":0,"released":0,"lag":null,"inFlight":0}
{"event":"worker.metric","name":"worker_outbox_lag","value":0,"attributes":{"operation":"outbox"},"timestamp":"2026-10-05T12:51:14.168Z"}
{"event":"worker.idle_backoff","level":"debug","timestamp":"2026-10-05T12:51:14.169Z","workerId":"worker-retry-190","backoffMs":5,"lag":0}
{"event":"worker.metric","name":"worker_outbox_failed_total","value":1,"attributes":{"status":"failed"},"timestamp":"2026-10-05T12:51:14.169Z"}
{"event":"worker.outbox.failed","level":"info","timestamp":"2026-10-05T12:51:14.169Z","eventId":"outbox_396c3a9e-7b8c-47cf-8383-de87539ceab7","workerId":"worker-retry-190","status":"failed","attempt":1,"leaseLost":false,"error":"[redacted-outbox-error]","operation":"outbox"}
{"event":"worker.idle_backoff","level":"debug","timestamp":"2026-10-05T12:51:14.173Z","workerId":"worker-retry-190","backoffMs":10,"lag":0}
{"event":"worker.idle_backoff","level":"debug","timestamp":"2026-10-05T12:51:14.183Z","workerId":"worker-retry-190","backoffMs":5,"lag":0}
{"event":"worker.metric","name":"worker_outbox_processed_total","value":1,"attributes":{"status":"processed"},"timestamp":"2026-10-05T12:51:14.184Z"}
{"event":"worker.outbox.processed","level":"info","timestamp":"2026-10-05T12:51:14.184Z","eventId":"outbox_396c3a9e-7b8c-47cf-8383-de87539ceab7","workerId":"worker-retry-190","status":"processed","attempt":2,"leaseLost":false,"operation":"outbox"}
{"event":"worker.outbox.summary","level":"info","timestamp":"2026-10-05T12:51:14.184Z","workerId":"worker-retry-190","reason":"stop","claimed":2,"processed":1,"failed":1,"deadLettered":0,"handoffs":0,"errors":0,"claimFailures":0,"leaseLost":0,"heartbeats":0,"idlePolls":3,"released":0,"lag":0,"inFlight":0}
{"event":"worker.stopped","level":"info","timestamp":"2026-10-05T12:51:14.184Z","workerId":"worker-retry-190","drained":true,"released":0,"releaseFailed":0,"processed":1,"failed":1,"deadLettered":0,"lag":0}
{"event":"worker.started","level":"info","timestamp":"2026-10-05T12:51:14.184Z","workerId":"worker-poison-190","concurrency":1,"pollIntervalMs":5,"idleMaxBackoffMs":5000,"errorBackoffMs":500,"errorMaxBackoffMs":30000,"leaseMs":1000,"heartbeatIntervalMs":333,"drainMs":10000,"backlogProbe":true,"sweeps":false,"externalEffects":false,"durable":true}
{"event":"worker.outbox.summary","level":"info","timestamp":"2026-10-05T12:51:14.185Z","workerId":"worker-poison-190","reason":"start","claimed":0,"processed":0,"failed":0,"deadLettered":0,"handoffs":0,"errors":0,"claimFailures":0,"leaseLost":0,"heartbeats":0,"idlePolls":0,"released":0,"lag":null,"inFlight":0}
{"event":"worker.metric","name":"worker_outbox_lag","value":1,"attributes":{"operation":"outbox"},"timestamp":"2026-10-05T12:51:14.185Z"}
{"event":"worker.metric","name":"worker_outbox_dead_lettered_total","value":1,"attributes":{"status":"dead_letter"},"timestamp":"2026-10-05T12:51:14.185Z"}
{"event":"worker.outbox.dead_letter","level":"info","timestamp":"2026-10-05T12:51:14.185Z","eventId":"outbox_619aa14c-413f-4f96-88dc-86f533d7230b","workerId":"worker-poison-190","status":"dead_letter","attempt":1,"leaseLost":false,"error":"[redacted-outbox-error]","operation":"outbox"}
{"event":"worker.metric","name":"worker_outbox_processed_total","value":1,"attributes":{"status":"processed"},"timestamp":"2026-10-05T12:51:14.191Z"}
{"event":"worker.outbox.processed","level":"info","timestamp":"2026-10-05T12:51:14.191Z","eventId":"outbox_e697f2d1-2c71-4ae8-a4da-72c53cea2aff","workerId":"worker-poison-190","status":"processed","attempt":1,"leaseLost":false,"operation":"outbox"}
{"event":"worker.outbox.summary","level":"info","timestamp":"2026-10-05T12:51:14.195Z","workerId":"worker-poison-190","reason":"stop","claimed":2,"processed":1,"failed":0,"deadLettered":1,"handoffs":0,"errors":0,"claimFailures":0,"leaseLost":0,"heartbeats":0,"idlePolls":0,"released":0,"lag":1,"inFlight":0}
{"event":"worker.stopped","level":"info","timestamp":"2026-10-05T12:51:14.195Z","workerId":"worker-poison-190","drained":true,"released":0,"releaseFailed":0,"processed":1,"failed":0,"deadLettered":1,"lag":1}
{"event":"worker.started","level":"info","timestamp":"2026-10-05T12:51:14.196Z","workerId":"worker-requeue-190-a","concurrency":1,"pollIntervalMs":5,"idleMaxBackoffMs":5000,"errorBackoffMs":500,"errorMaxBackoffMs":30000,"leaseMs":1000,"heartbeatIntervalMs":333,"drainMs":10000,"backlogProbe":true,"sweeps":false,"externalEffects":false,"durable":true}
{"event":"worker.outbox.summary","level":"info","timestamp":"2026-10-05T12:51:14.196Z","workerId":"worker-requeue-190-a","reason":"start","claimed":0,"processed":0,"failed":0,"deadLettered":0,"handoffs":0,"errors":0,"claimFailures":0,"leaseLost":0,"heartbeats":0,"idlePolls":0,"released":0,"lag":null,"inFlight":0}
{"event":"worker.metric","name":"worker_outbox_lag","value":0,"attributes":{"operation":"outbox"},"timestamp":"2026-10-05T12:51:14.196Z"}
{"event":"worker.metric","name":"worker_outbox_dead_lettered_total","value":1,"attributes":{"status":"dead_letter"},"timestamp":"2026-10-05T12:51:14.196Z"}
{"event":"worker.outbox.dead_letter","level":"info","timestamp":"2026-10-05T12:51:14.196Z","eventId":"outbox_e036a4aa-9a9e-4b25-8faf-d8a26cc65cfd","workerId":"worker-requeue-190-a","status":"dead_letter","attempt":1,"leaseLost":false,"error":"[redacted-outbox-error]","operation":"outbox"}
{"event":"worker.outbox.summary","level":"info","timestamp":"2026-10-05T12:51:14.202Z","workerId":"worker-requeue-190-a","reason":"stop","claimed":1,"processed":0,"failed":0,"deadLettered":1,"handoffs":0,"errors":0,"claimFailures":0,"leaseLost":0,"heartbeats":0,"idlePolls":0,"released":0,"lag":0,"inFlight":0}
{"event":"worker.stopped","level":"info","timestamp":"2026-10-05T12:51:14.202Z","workerId":"worker-requeue-190-a","drained":true,"released":0,"releaseFailed":0,"processed":0,"failed":0,"deadLettered":1,"lag":0}
{"event":"worker.started","level":"info","timestamp":"2026-10-05T12:51:14.203Z","workerId":"worker-requeue-190-b","concurrency":1,"pollIntervalMs":5,"idleMaxBackoffMs":5000,"errorBackoffMs":500,"errorMaxBackoffMs":30000,"leaseMs":1000,"heartbeatIntervalMs":333,"drainMs":10000,"backlogProbe":true,"sweeps":false,"externalEffects":false,"durable":true}
{"event":"worker.outbox.summary","level":"info","timestamp":"2026-10-05T12:51:14.203Z","workerId":"worker-requeue-190-b","reason":"start","claimed":0,"processed":0,"failed":0,"deadLettered":0,"handoffs":0,"errors":0,"claimFailures":0,"leaseLost":0,"heartbeats":0,"idlePolls":0,"released":0,"lag":null,"inFlight":0}
{"event":"worker.metric","name":"worker_outbox_lag","value":0,"attributes":{"operation":"outbox"},"timestamp":"2026-10-05T12:51:14.203Z"}
{"event":"worker.metric","name":"worker_outbox_processed_total","value":1,"attributes":{"status":"processed"},"timestamp":"2026-10-05T12:51:14.204Z"}
{"event":"worker.outbox.processed","level":"info","timestamp":"2026-10-05T12:51:14.204Z","eventId":"outbox_e036a4aa-9a9e-4b25-8faf-d8a26cc65cfd","workerId":"worker-requeue-190-b","status":"processed","attempt":1,"leaseLost":false,"operation":"outbox"}
{"event":"worker.outbox.summary","level":"info","timestamp":"2026-10-05T12:51:14.209Z","workerId":"worker-requeue-190-b","reason":"stop","claimed":1,"processed":1,"failed":0,"deadLettered":0,"handoffs":0,"errors":0,"claimFailures":0,"leaseLost":0,"heartbeats":0,"idlePolls":0,"released":0,"lag":0,"inFlight":0}
{"event":"worker.stopped","level":"info","timestamp":"2026-10-05T12:51:14.209Z","workerId":"worker-requeue-190-b","drained":true,"released":0,"releaseFailed":0,"processed":1,"failed":0,"deadLettered":0,"lag":0}
{"event":"worker.started","level":"info","timestamp":"2026-10-05T12:51:14.233Z","workerId":"worker-sigterm-190","concurrency":2,"pollIntervalMs":5,"idleMaxBackoffMs":5000,"errorBackoffMs":500,"errorMaxBackoffMs":30000,"leaseMs":1000,"heartbeatIntervalMs":333,"drainMs":10000,"backlogProbe":true,"sweeps":false,"externalEffects":false,"durable":true}
{"event":"worker.outbox.summary","level":"info","timestamp":"2026-10-05T12:51:14.233Z","workerId":"worker-sigterm-190","reason":"start","claimed":0,"processed":0,"failed":0,"deadLettered":0,"handoffs":0,"errors":0,"claimFailures":0,"leaseLost":0,"heartbeats":0,"idlePolls":0,"released":0,"lag":null,"inFlight":0}
{"event":"worker.metric","name":"worker_outbox_lag","value":0,"attributes":{"operation":"outbox"},"timestamp":"2026-10-05T12:51:14.233Z"}
{"event":"worker.idle_backoff","level":"debug","timestamp":"2026-10-05T12:51:14.233Z","workerId":"worker-sigterm-190","backoffMs":5,"lag":0}
{"event":"worker.metric","name":"worker_outbox_processed_total","value":1,"attributes":{"status":"processed"},"timestamp":"2026-10-05T12:51:14.259Z"}
{"event":"worker.outbox.processed","level":"info","timestamp":"2026-10-05T12:51:14.259Z","eventId":"outbox_688cdfc5-b4c0-4e02-9261-4b5d9d4bda62","workerId":"worker-sigterm-190","status":"processed","attempt":1,"leaseLost":false,"operation":"outbox"}
{"event":"worker.outbox.summary","level":"info","timestamp":"2026-10-05T12:51:14.260Z","workerId":"worker-sigterm-190","reason":"stop","claimed":1,"processed":1,"failed":0,"deadLettered":0,"handoffs":0,"errors":0,"claimFailures":0,"leaseLost":0,"heartbeats":0,"idlePolls":1,"released":0,"lag":0,"inFlight":0}
{"event":"worker.stopped","level":"info","timestamp":"2026-10-05T12:51:14.260Z","workerId":"worker-sigterm-190","drained":true,"released":0,"releaseFailed":0,"processed":1,"failed":0,"deadLettered":0,"lag":0}
{"event":"worker.started","level":"info","timestamp":"2026-10-05T12:51:14.261Z","workerId":"worker-release-190-a","concurrency":2,"pollIntervalMs":5,"idleMaxBackoffMs":5000,"errorBackoffMs":500,"errorMaxBackoffMs":30000,"leaseMs":1000,"heartbeatIntervalMs":333,"drainMs":10000,"backlogProbe":true,"sweeps":false,"externalEffects":false,"durable":true}
{"event":"worker.outbox.summary","level":"info","timestamp":"2026-10-05T12:51:14.261Z","workerId":"worker-release-190-a","reason":"start","claimed":0,"processed":0,"failed":0,"deadLettered":0,"handoffs":0,"errors":0,"claimFailures":0,"leaseLost":0,"heartbeats":0,"idlePolls":0,"released":0,"lag":null,"inFlight":0}
{"event":"worker.metric","name":"worker_outbox_lag","value":0,"attributes":{"operation":"outbox"},"timestamp":"2026-10-05T12:51:14.261Z"}
{"event":"worker.idle_backoff","level":"debug","timestamp":"2026-10-05T12:51:14.261Z","workerId":"worker-release-190-a","backoffMs":5,"lag":0}
{"event":"worker.shutdown_deferred_release","level":"warn","timestamp":"2026-10-05T12:51:14.296Z","eventId":"outbox_8ef42bf1-0186-47c2-8a72-159ff6edd7d6","workerId":"worker-release-190-a","leaseAction":"expire_for_retry","operation":"outbox"}
{"event":"worker.metric","name":"worker_outbox_shutdown_releases_total","value":1,"attributes":{"outcome":"deferred"},"timestamp":"2026-10-05T12:51:14.297Z"}
{"event":"worker.outbox.summary","level":"info","timestamp":"2026-10-05T12:51:14.297Z","workerId":"worker-release-190-a","reason":"stop","claimed":1,"processed":0,"failed":0,"deadLettered":0,"handoffs":0,"errors":0,"claimFailures":0,"leaseLost":0,"heartbeats":0,"idlePolls":1,"released":0,"lag":0,"inFlight":1}
{"event":"worker.stopped","level":"info","timestamp":"2026-10-05T12:51:14.297Z","workerId":"worker-release-190-a","drained":false,"released":0,"releaseFailed":0,"processed":0,"failed":0,"deadLettered":0,"lag":0}
{"event":"worker.metric","name":"worker_outbox_processed_total","value":1,"attributes":{"status":"processed"},"timestamp":"2026-10-05T12:51:14.297Z"}
{"event":"worker.outbox.processed","level":"info","timestamp":"2026-10-05T12:51:14.297Z","eventId":"outbox_8ef42bf1-0186-47c2-8a72-159ff6edd7d6","workerId":"worker-release-190-a","status":"processed","attempt":1,"leaseLost":false,"operation":"outbox"}
{"event":"worker.started","level":"info","timestamp":"2026-10-05T12:51:14.324Z","workerId":"worker-heartbeat-renew-190","concurrency":2,"pollIntervalMs":5,"idleMaxBackoffMs":5000,"errorBackoffMs":500,"errorMaxBackoffMs":30000,"leaseMs":1000,"heartbeatIntervalMs":10,"drainMs":10000,"backlogProbe":true,"sweeps":false,"externalEffects":false,"durable":true}
{"event":"worker.outbox.summary","level":"info","timestamp":"2026-10-05T12:51:14.324Z","workerId":"worker-heartbeat-renew-190","reason":"start","claimed":0,"processed":0,"failed":0,"deadLettered":0,"handoffs":0,"errors":0,"claimFailures":0,"leaseLost":0,"heartbeats":0,"idlePolls":0,"released":0,"lag":null,"inFlight":0}
{"event":"worker.metric","name":"worker_outbox_lag","value":0,"attributes":{"operation":"outbox"},"timestamp":"2026-10-05T12:51:14.324Z"}
{"event":"worker.idle_backoff","level":"debug","timestamp":"2026-10-05T12:51:14.325Z","workerId":"worker-heartbeat-renew-190","backoffMs":5,"lag":0}
{"event":"worker.idle_backoff","level":"debug","timestamp":"2026-10-05T12:51:14.330Z","workerId":"worker-heartbeat-renew-190","backoffMs":10,"lag":0}
{"event":"worker.metric","name":"worker_outbox_heartbeats_total","value":1,"attributes":{"outcome":"renewed"},"timestamp":"2026-10-05T12:51:14.335Z"}
{"event":"worker.metric","name":"worker_outbox_processed_total","value":1,"attributes":{"status":"processed"},"timestamp":"2026-10-05T12:51:14.335Z"}
{"event":"worker.outbox.processed","level":"info","timestamp":"2026-10-05T12:51:14.335Z","eventId":"outbox_feabfbf1-5031-4a41-8e11-823677ebefbe","workerId":"worker-heartbeat-renew-190","status":"processed","attempt":1,"leaseLost":false,"operation":"outbox"}
{"event":"worker.idle_backoff","level":"debug","timestamp":"2026-10-05T12:51:14.340Z","workerId":"worker-heartbeat-renew-190","backoffMs":20,"lag":0}
{"event":"worker.outbox.summary","level":"info","timestamp":"2026-10-05T12:51:14.341Z","workerId":"worker-heartbeat-renew-190","reason":"stop","claimed":1,"processed":1,"failed":0,"deadLettered":0,"handoffs":0,"errors":0,"claimFailures":0,"leaseLost":0,"heartbeats":1,"idlePolls":3,"released":0,"lag":0,"inFlight":0}
{"event":"worker.stopped","level":"info","timestamp":"2026-10-05T12:51:14.341Z","workerId":"worker-heartbeat-renew-190","drained":true,"released":0,"releaseFailed":0,"processed":1,"failed":0,"deadLettered":0,"lag":0}
{"event":"worker.started","level":"info","timestamp":"2026-10-05T12:51:14.342Z","workerId":"worker-heartbeat-failure-190","concurrency":2,"pollIntervalMs":5,"idleMaxBackoffMs":5000,"errorBackoffMs":500,"errorMaxBackoffMs":30000,"leaseMs":1000,"heartbeatIntervalMs":5,"drainMs":10000,"backlogProbe":false,"sweeps":false,"externalEffects":false,"durable":true}
{"event":"worker.outbox.summary","level":"info","timestamp":"2026-10-05T12:51:14.342Z","workerId":"worker-heartbeat-failure-190","reason":"start","claimed":0,"processed":0,"failed":0,"deadLettered":0,"handoffs":0,"errors":0,"claimFailures":0,"leaseLost":0,"heartbeats":0,"idlePolls":0,"released":0,"lag":null,"inFlight":0}
{"event":"worker.event_error","level":"error","timestamp":"2026-10-05T12:51:14.342Z","eventId":"outbox_b40d3d77-7755-418f-be77-bc2360196e0d","workerId":"worker-heartbeat-failure-190","attempt":1,"error":"[redacted-outbox-error]","operation":"outbox"}
{"event":"worker.metric","name":"worker_outbox_errors_total","value":1,"attributes":{"outcome":"error"},"timestamp":"2026-10-05T12:51:14.342Z"}
{"event":"worker.idle_backoff","level":"debug","timestamp":"2026-10-05T12:51:14.342Z","workerId":"worker-heartbeat-failure-190","backoffMs":5,"lag":null}
{"event":"worker.outbox.summary","level":"info","timestamp":"2026-10-05T12:51:14.348Z","workerId":"worker-heartbeat-failure-190","reason":"stop","claimed":1,"processed":0,"failed":0,"deadLettered":0,"handoffs":0,"errors":1,"claimFailures":0,"leaseLost":0,"heartbeats":0,"idlePolls":1,"released":0,"lag":null,"inFlight":0}
{"event":"worker.stopped","level":"info","timestamp":"2026-10-05T12:51:14.348Z","workerId":"worker-heartbeat-failure-190","drained":true,"released":0,"releaseFailed":0,"processed":0,"failed":0,"deadLettered":0,"lag":null}
{"event":"worker.started","level":"info","timestamp":"2026-10-05T12:51:14.372Z","workerId":"worker-handoff-190","concurrency":2,"pollIntervalMs":5,"idleMaxBackoffMs":5000,"errorBackoffMs":500,"errorMaxBackoffMs":30000,"leaseMs":1000,"heartbeatIntervalMs":333,"drainMs":10000,"backlogProbe":true,"sweeps":false,"externalEffects":false,"durable":true}
{"event":"worker.outbox.summary","level":"info","timestamp":"2026-10-05T12:51:14.372Z","workerId":"worker-handoff-190","reason":"start","claimed":0,"processed":0,"failed":0,"deadLettered":0,"handoffs":0,"errors":0,"claimFailures":0,"leaseLost":0,"heartbeats":0,"idlePolls":0,"released":0,"lag":null,"inFlight":0}
{"event":"worker.metric","name":"worker_outbox_lag","value":0,"attributes":{"operation":"outbox"},"timestamp":"2026-10-05T12:51:14.373Z"}
{"event":"worker.idle_backoff","level":"debug","timestamp":"2026-10-05T12:51:14.373Z","workerId":"worker-handoff-190","backoffMs":5,"lag":0}
{"event":"worker.outbox.handoff","level":"warn","timestamp":"2026-10-05T12:51:14.374Z","eventId":"outbox_4db64947-7fb7-40ab-822a-f871db4cbd33","workerId":"worker-handoff-190","status":"handoff","operation":"outbox"}
{"event":"worker.metric","name":"worker_outbox_handoffs_total","value":1,"attributes":{"outcome":"handoff"},"timestamp":"2026-10-05T12:51:14.374Z"}
{"event":"worker.outbox.summary","level":"info","timestamp":"2026-10-05T12:51:14.379Z","workerId":"worker-handoff-190","reason":"stop","claimed":1,"processed":0,"failed":0,"deadLettered":0,"handoffs":1,"errors":0,"claimFailures":0,"leaseLost":0,"heartbeats":0,"idlePolls":1,"released":0,"lag":0,"inFlight":0}
{"event":"worker.stopped","level":"info","timestamp":"2026-10-05T12:51:14.379Z","workerId":"worker-handoff-190","drained":true,"released":0,"releaseFailed":0,"processed":0,"failed":0,"deadLettered":0,"lag":0}
{"event":"worker.started","level":"info","timestamp":"2026-10-05T12:51:14.446Z","workerId":"worker-stop-190","concurrency":2,"pollIntervalMs":5,"idleMaxBackoffMs":5000,"errorBackoffMs":500,"errorMaxBackoffMs":30000,"leaseMs":1000,"heartbeatIntervalMs":333,"drainMs":10000,"backlogProbe":true,"sweeps":false,"externalEffects":false,"durable":true}
{"event":"worker.outbox.summary","level":"info","timestamp":"2026-10-05T12:51:14.446Z","workerId":"worker-stop-190","reason":"start","claimed":0,"processed":0,"failed":0,"deadLettered":0,"handoffs":0,"errors":0,"claimFailures":0,"leaseLost":0,"heartbeats":0,"idlePolls":0,"released":0,"lag":null,"inFlight":0}
{"event":"worker.metric","name":"worker_outbox_lag","value":0,"attributes":{"operation":"outbox"},"timestamp":"2026-10-05T12:51:14.447Z"}
{"event":"worker.idle_backoff","level":"debug","timestamp":"2026-10-05T12:51:14.447Z","workerId":"worker-stop-190","backoffMs":5,"lag":0}
{"event":"worker.outbox.summary","level":"info","timestamp":"2026-10-05T12:51:14.447Z","workerId":"worker-stop-190","reason":"stop","claimed":0,"processed":0,"failed":0,"deadLettered":0,"handoffs":0,"errors":0,"claimFailures":0,"leaseLost":0,"heartbeats":0,"idlePolls":1,"released":0,"lag":0,"inFlight":0}
{"event":"worker.stopped","level":"info","timestamp":"2026-10-05T12:51:14.447Z","workerId":"worker-stop-190","drained":true,"released":0,"releaseFailed":0,"processed":0,"failed":0,"deadLettered":0,"lag":0}
 [32m✓[39m apps/worker/src/__tests__/continuous-worker.test.ts [2m([22m[2m28 tests[22m[2m)[22m[33m 859[2mms[22m[39m
     [33m[2m✓[22m[39m exits non-zero when the real entrypoint starts without required config [33m 464[2mms[22m[39m
 [32m✓[39m tests/docs-integrity.test.js [2m([22m[2m12 tests[22m[2m)[22m[33m 502[2mms[22m[39m
 [32m✓[39m apps/web/src/features/platform/release-candidate-ledger.test.tsx [2m([22m[2m1 test[22m[2m)[22m[33m 876[2mms[22m[39m
     [33m[2m✓[22m[39m records and validates controlled evidence without mutating the version [33m 874[2mms[22m[39m
 [32m✓[39m tests/worker-startup-smoke.test.js [2m([22m[2m1 test[22m[2m)[22m[33m 660[2mms[22m[39m
     [33m[2m✓[22m[39m proves the real entrypoint fails closed without a queue adapter [33m 658[2mms[22m[39m
 [32m✓[39m apps/web/src/features/platform/platform.test.tsx [2m([22m[2m3 tests[22m[2m)[22m[33m 750[2mms[22m[39m
     [33m[2m✓[22m[39m creates a declarative draft without exposing provider secrets [33m 392[2mms[22m[39m
 [32m✓[39m apps/web/src/__tests__/audit-checkpoint-app.test.tsx [2m([22m[2m1 test[22m[2m)[22m[33m 434[2mms[22m[39m
     [33m[2m✓[22m[39m seals the loaded evidence page and archives it with CAS [33m 432[2mms[22m[39m
 [32m✓[39m packages/model-gateway/src/__tests__/gateway.test.ts [2m([22m[2m16 tests[22m[2m)[22m[33m 626[2mms[22m[39m
     [33m[2m✓[22m[39m enforces a real deadline and retries only bounded times [33m 603[2mms[22m[39m
 [32m✓[39m apps/api/src/__tests__/platform-control-plane.test.ts [2m([22m[2m9 tests[22m[2m)[22m[33m 427[2mms[22m[39m
 [32m✓[39m apps/api/src/__tests__/branches-b-20260925.test.ts [2m([22m[2m54 tests[22m[2m)[22m[33m 636[2mms[22m[39m
 [32m✓[39m apps/web/src/features/platform/handoff-policy-control-center.test.tsx [2m([22m[2m2 tests[22m[2m)[22m[33m 569[2mms[22m[39m
     [33m[2m✓[22m[39m edits thresholds, destinations and priority through a new version [33m 406[2mms[22m[39m
 [32m✓[39m apps/web/src/features/platform/knowledge-source-catalog.test.tsx [2m([22m[2m1 test[22m[2m)[22m[33m 624[2mms[22m[39m
     [33m[2m✓[22m[39m loads, creates and approves metadata without editing an agent snapshot [33m 623[2mms[22m[39m
 [32m✓[39m apps/web/src/features/journeys/journeys.test.tsx [2m([22m[2m2 tests[22m[2m)[22m[33m 582[2mms[22m[39m
     [33m[2m✓[22m[39m walks identify, draft, link and approval-blocked scheduling steps [33m 509[2mms[22m[39m
 [32m✓[39m apps/web/src/__tests__/attendance-approval-conflict.test.tsx [2m([22m[2m2 tests[22m[2m)[22m[33m 537[2mms[22m[39m
     [33m[2m✓[22m[39m refreshes the queue and shows the winning state with a recovery message [33m 364[2mms[22m[39m
 [32m✓[39m tests/phase11-formal-certification.test.js [2m([22m[2m14 tests[22m[2m)[22m[33m 420[2mms[22m[39m
 [32m✓[39m apps/web/src/features/orchestration/orchestration.test.tsx [2m([22m[2m6 tests[22m[2m)[22m[33m 428[2mms[22m[39m
 [32m✓[39m tests/critic-evidence.test.js [2m([22m[2m12 tests[22m[2m)[22m[32m 281[2mms[22m[39m
 [32m✓[39m apps/api/src/__tests__/published-runtime-integration.test.ts [2m([22m[2m6 tests[22m[2m)[22m[32m 280[2mms[22m[39m
 [32m✓[39m tests/aud19-external-evidence.test.js [2m([22m[2m4 tests[22m[2m)[22m[33m 301[2mms[22m[39m
 [32m✓[39m apps/api/src/__tests__/platform-admin-routes-coverage.test.ts [2m([22m[2m7 tests[22m[2m)[22m[33m 401[2mms[22m[39m
 [32m✓[39m packages/agent-runtime/src/__tests__/runtime-execution-recovery.test.ts [2m([22m[2m76 tests[22m[2m)[22m[32m 223[2mms[22m[39m
 [32m✓[39m apps/api/src/__tests__/inbound-runtime-edges.test.ts [2m([22m[2m5 tests[22m[2m)[22m[32m 286[2mms[22m[39m
 [32m✓[39m apps/web/src/features/platform/prompt-profile-control-center.test.tsx [2m([22m[2m1 test[22m[2m)[22m[33m 413[2mms[22m[39m
     [33m[2m✓[22m[39m clones edited blocks/templates and preserves the kernel block [33m 411[2mms[22m[39m
 [32m✓[39m apps/api/src/__tests__/server-boundary-envelope.test.ts [2m([22m[2m12 tests[22m[2m)[22m[33m 322[2mms[22m[39m
 [32m✓[39m apps/api/src/__tests__/identity-trusted-resolver.test.ts [2m([22m[2m7 tests[22m[2m)[22m[32m 219[2mms[22m[39m
 [32m✓[39m apps/web/src/features/dead-letters/dead-letters.test.tsx [2m([22m[2m4 tests[22m[2m)[22m[32m 254[2mms[22m[39m
 [32m✓[39m apps/web/src/features/approvals/approvals.test.tsx [2m([22m[2m3 tests[22m[2m)[22m[32m 183[2mms[22m[39m
 [32m✓[39m apps/api/src/__tests__/attendance-approval-atomic.test.ts [2m([22m[2m6 tests[22m[2m)[22m[32m 215[2mms[22m[39m
 [32m✓[39m apps/api/src/__tests__/publish-evidence-authority.test.ts [2m([22m[2m3 tests[22m[2m)[22m[32m 286[2mms[22m[39m
 [32m✓[39m apps/api/src/__tests__/journey-routes-coverage.test.ts [2m([22m[2m4 tests[22m[2m)[22m[32m 240[2mms[22m[39m
 [32m✓[39m apps/api/src/__tests__/webhook-security.test.ts [2m([22m[2m17 tests[22m[2m | [22m[33m1 skipped[39m[2m)[22m[32m 248[2mms[22m[39m
 [32m✓[39m packages/channel-gateway/src/__tests__/channel-effect-malformed-version.test.ts [2m([22m[2m6 tests[22m[2m)[22m[32m 177[2mms[22m[39m
 [32m✓[39m apps/api/src/http-target-boundary.test.ts [2m([22m[2m8 tests[22m[2m)[22m[32m 211[2mms[22m[39m
 [32m✓[39m apps/api/src/__tests__/operator-identity-rbac.test.ts [2m([22m[2m6 tests[22m[2m)[22m[32m 248[2mms[22m[39m
 [32m✓[39m apps/web/src/features/tasks/tasks.test.tsx [2m([22m[2m2 tests[22m[2m)[22m[32m 215[2mms[22m[39m
 [32m✓[39m apps/api/src/__tests__/build-server-from-env-boundary.test.ts [2m([22m[2m8 tests[22m[2m)[22m[32m 236[2mms[22m[39m
 [32m✓[39m apps/api/src/__tests__/audit-evidence.test.ts [2m([22m[2m4 tests[22m[2m)[22m[32m 290[2mms[22m[39m
 [32m✓[39m apps/api/src/__tests__/production-boundary.test.ts [2m([22m[2m9 tests[22m[2m)[22m[32m 251[2mms[22m[39m
 [32m✓[39m apps/api/src/internal-task-field-boundary.test.ts [2m([22m[2m8 tests[22m[2m)[22m[32m 255[2mms[22m[39m
 [32m✓[39m apps/api/src/response-correlation.test.ts [2m([22m[2m6 tests[22m[2m)[22m[32m 180[2mms[22m[39m
 [32m✓[39m apps/api/src/__tests__/secretary-bootstrap.test.ts [2m([22m[2m2 tests[22m[2m)[22m[32m 225[2mms[22m[39m
 [32m✓[39m packages/agent-runtime/src/__tests__/orchestration.test.ts [2m([22m[2m18 tests[22m[2m)[22m[32m 233[2mms[22m[39m
 [32m✓[39m apps/api/src/__tests__/capability-approval-api.test.ts [2m([22m[2m4 tests[22m[2m)[22m[32m 257[2mms[22m[39m
 [32m✓[39m tests/architecture.test.js [2m([22m[2m7 tests[22m[2m)[22m[32m 201[2mms[22m[39m
 [32m✓[39m apps/api/src/http-security.test.ts [2m([22m[2m10 tests[22m[2m)[22m[32m 227[2mms[22m[39m
 [32m✓[39m apps/api/src/http-request-boundary.test.ts [2m([22m[2m8 tests[22m[2m)[22m[32m 183[2mms[22m[39m
 [32m✓[39m apps/api/src/__tests__/runtime-approval-routes.test.ts [2m([22m[2m4 tests[22m[2m)[22m[32m 198[2mms[22m[39m
 [32m✓[39m apps/api/src/__tests__/http-security-edge-branches.test.ts [2m([22m[2m4 tests[22m[2m)[22m[32m 176[2mms[22m[39m
 [32m✓[39m apps/api/src/__tests__/durable-inbound.test.ts [2m([22m[2m3 tests[22m[2m)[22m[32m 187[2mms[22m[39m
 [32m✓[39m apps/api/src/__tests__/knowledge-input-boundary.test.ts [2m([22m[2m2 tests[22m[2m)[22m[32m 184[2mms[22m[39m
 [32m✓[39m apps/api/src/metrics-exposure.test.ts [2m([22m[2m2 tests[22m[2m)[22m[32m 181[2mms[22m[39m
 [32m✓[39m apps/api/src/approval-request-field-boundary.test.ts [2m([22m[2m5 tests[22m[2m)[22m[32m 201[2mms[22m[39m
 [32m✓[39m tests/aud20-10-composition.test.ts [2m([22m[2m13 tests[22m[2m)[22m[32m 201[2mms[22m[39m
 [32m✓[39m apps/api/src/audit-filter-duplicate-boundary.test.ts [2m([22m[2m6 tests[22m[2m)[22m[32m 194[2mms[22m[39m
 [32m✓[39m apps/api/src/__tests__/orchestration-observability.test.ts [2m([22m[2m5 tests[22m[2m)[22m[32m 192[2mms[22m[39m
 [32m✓[39m tests/phase11-2-certification.test.js [2m([22m[2m5 tests[22m[2m)[22m[32m 180[2mms[22m[39m
 [32m✓[39m apps/api/src/__tests__/test-suite-catalog.test.ts [2m([22m[2m1 test[22m[2m)[22m[32m 177[2mms[22m[39m
 [32m✓[39m apps/api/src/__tests__/postgres-persistence-mode.test.ts [2m([22m[2m25 tests[22m[2m | [22m[33m7 skipped[39m[2m)[22m[32m 154[2mms[22m[39m
 [32m✓[39m apps/web/src/features/conversations/timeline.test.tsx [2m([22m[2m2 tests[22m[2m)[22m[32m 204[2mms[22m[39m
 [32m✓[39m packages/model-gateway/src/__tests__/local-http-providers.test.ts [2m([22m[2m12 tests[22m[2m)[22m[32m 173[2mms[22m[39m
 [32m✓[39m apps/api/src/__tests__/release-candidate-ledger.test.ts [2m([22m[2m2 tests[22m[2m)[22m[32m 178[2mms[22m[39m
 [32m✓[39m apps/api/src/__tests__/rate-limit.test.ts [2m([22m[2m5 tests[22m[2m)[22m[32m 192[2mms[22m[39m
 [32m✓[39m apps/api/src/__tests__/operator-replay-guard.test.ts [2m([22m[2m5 tests[22m[2m | [22m[33m1 skipped[39m[2m)[22m[32m 194[2mms[22m[39m
 [32m✓[39m apps/api/src/__tests__/tenant-inbound-isolation.test.ts [2m([22m[2m4 tests[22m[2m)[22m[32m 195[2mms[22m[39m
 [32m✓[39m apps/api/src/__tests__/outbox-routes.test.ts [2m([22m[2m3 tests[22m[2m)[22m[32m 163[2mms[22m[39m
 [32m✓[39m apps/api/src/__tests__/health.test.ts [2m([22m[2m2 tests[22m[2m)[22m[32m 158[2mms[22m[39m
 [32m✓[39m packages/chaos/src/__tests__/chaos.test.ts [2m([22m[2m15 tests[22m[2m)[22m[32m 181[2mms[22m[39m
 [32m✓[39m apps/api/src/pagination-boundary.test.ts [2m([22m[2m5 tests[22m[2m)[22m[32m 191[2mms[22m[39m
 [32m✓[39m apps/api/src/rem-risk-boundary.test.ts [2m([22m[2m2 tests[22m[2m)[22m[32m 179[2mms[22m[39m
 [32m✓[39m packages/platform/src/__tests__/critical-safety-preflight.test.ts [2m([22m[2m9 tests[22m[2m)[22m[32m 159[2mms[22m[39m
 [32m✓[39m apps/api/src/__tests__/task-lifecycle.test.ts [2m([22m[2m3 tests[22m[2m)[22m[32m 173[2mms[22m[39m
 [32m✓[39m apps/api/src/__tests__/audit-evidence-checkpoint.test.ts [2m([22m[2m2 tests[22m[2m)[22m[32m 170[2mms[22m[39m
 [32m✓[39m apps/api/src/__tests__/small-module-boundaries.test.ts [2m([22m[2m8 tests[22m[2m)[22m[32m 138[2mms[22m[39m
 [32m✓[39m apps/api/src/__tests__/audit-evidence-checkpoint-boundary.test.ts [2m([22m[2m2 tests[22m[2m)[22m[32m 161[2mms[22m[39m
 [32m✓[39m apps/web/src/features/audit/audit-checkpoint.test.tsx [2m([22m[2m1 test[22m[2m)[22m[32m 138[2mms[22m[39m
 [32m✓[39m tests/aud20-05-resource-attestation-check.test.js [2m([22m[2m8 tests[22m[2m)[22m[32m 147[2mms[22m[39m
 [32m✓[39m apps/web/src/features/conversations/conversations.test.tsx [2m([22m[2m1 test[22m[2m)[22m[32m 152[2mms[22m[39m
 [32m✓[39m apps/api/src/__tests__/conversation-list.test.ts [2m([22m[2m2 tests[22m[2m)[22m[32m 161[2mms[22m[39m
 [32m✓[39m tests/e2e/critical-flows.test.ts [2m([22m[2m1 test[22m[2m)[22m[32m 141[2mms[22m[39m
 [32m✓[39m apps/api/src/approval-decision-note-field-boundary.test.ts [2m([22m[2m3 tests[22m[2m)[22m[32m 158[2mms[22m[39m
 [32m✓[39m apps/api/src/prompt-profile-error-boundary.test.ts [2m([22m[2m4 tests[22m[2m)[22m[32m 145[2mms[22m[39m
 [32m✓[39m apps/api/src/__tests__/aud17-connected-redteam.test.ts [2m([22m[2m1 test[22m[2m)[22m[32m 138[2mms[22m[39m
 [32m✓[39m apps/api/src/__tests__/observability.test.ts [2m([22m[2m1 test[22m[2m)[22m[32m 135[2mms[22m[39m
{"event":"worker.sweep_tick","level":"info","timestamp":"2026-10-05T12:53:00.945Z","now":"2026-09-13T00:00:00.000Z","journalReleased":1,"approvalsReleased":2,"approvalsUncertain":1,"goalsInspected":0,"goalsResumed":0,"goalsSkipped":0,"goalsCompleted":0,"goalRecoveryFailures":0,"durationMs":0,"operation":"sweep"}
{"event":"worker.metric","name":"worker_sweep_journal_released_total","value":1,"attributes":{"operation":"sweep"},"timestamp":"2026-10-05T12:53:00.947Z"}
{"event":"worker.metric","name":"worker_sweep_approvals_released_total","value":2,"attributes":{"status":"released"},"timestamp":"2026-10-05T12:53:00.947Z"}
{"event":"worker.metric","name":"worker_sweep_approvals_uncertain_total","value":1,"attributes":{"status":"uncertain"},"timestamp":"2026-10-05T12:53:00.947Z"}
{"event":"worker.metric","name":"worker_sweep_goals_inspected_total","value":0,"attributes":{"operation":"goal_recovery"},"timestamp":"2026-10-05T12:53:00.947Z"}
{"event":"worker.metric","name":"worker_sweep_goals_resumed_total","value":0,"attributes":{"operation":"goal_recovery"},"timestamp":"2026-10-05T12:53:00.947Z"}
{"event":"worker.metric","name":"worker_sweep_goals_completed_total","value":0,"attributes":{"operation":"goal_recovery"},"timestamp":"2026-10-05T12:53:00.947Z"}
{"event":"worker.metric","name":"worker_sweep_goal_recovery_failures_total","value":0,"attributes":{"operation":"goal_recovery"},"timestamp":"2026-10-05T12:53:00.947Z"}
{"event":"worker.started","level":"info","timestamp":"2026-10-05T12:53:00.949Z","workerId":"worker-sweeps-191","concurrency":2,"pollIntervalMs":5,"idleMaxBackoffMs":5000,"errorBackoffMs":500,"errorMaxBackoffMs":30000,"leaseMs":1000,"heartbeatIntervalMs":333,"drainMs":10000,"backlogProbe":true,"sweeps":true,"externalEffects":false,"durable":true}
{"event":"worker.sweep_started","level":"info","timestamp":"2026-10-05T12:53:00.949Z","intervalMs":10,"operation":"sweep"}
{"event":"worker.outbox.summary","level":"info","timestamp":"2026-10-05T12:53:00.949Z","workerId":"worker-sweeps-191","reason":"start","claimed":0,"processed":0,"failed":0,"deadLettered":0,"handoffs":0,"errors":0,"claimFailures":0,"leaseLost":0,"heartbeats":0,"idlePolls":0,"released":0,"lag":null,"inFlight":0}
{"event":"worker.metric","name":"worker_outbox_lag","value":0,"attributes":{"operation":"outbox"},"timestamp":"2026-10-05T12:53:00.949Z"}
{"event":"worker.idle_backoff","level":"debug","timestamp":"2026-10-05T12:53:00.949Z","workerId":"worker-sweeps-191","backoffMs":5,"lag":0}
{"event":"worker.idle_backoff","level":"debug","timestamp":"2026-10-05T12:53:00.955Z","workerId":"worker-sweeps-191","backoffMs":10,"lag":0}
{"event":"worker.sweep_tick","level":"info","timestamp":"2026-10-05T12:53:00.959Z","now":"2026-10-05T12:53:00.958Z","journalReleased":0,"approvalsReleased":0,"approvalsUncertain":0,"goalsInspected":0,"goalsResumed":0,"goalsSkipped":0,"goalsCompleted":0,"goalRecoveryFailures":0,"durationMs":1,"operation":"sweep"}
{"event":"worker.metric","name":"worker_sweep_journal_released_total","value":0,"attributes":{"operation":"sweep"},"timestamp":"2026-10-05T12:53:00.959Z"}
{"event":"worker.metric","name":"worker_sweep_approvals_released_total","value":0,"attributes":{"status":"released"},"timestamp":"2026-10-05T12:53:00.959Z"}
{"event":"worker.metric","name":"worker_sweep_approvals_uncertain_total","value":0,"attributes":{"status":"uncertain"},"timestamp":"2026-10-05T12:53:00.959Z"}
{"event":"worker.metric","name":"worker_sweep_goals_inspected_total","value":0,"attributes":{"operation":"goal_recovery"},"timestamp":"2026-10-05T12:53:00.959Z"}
{"event":"worker.metric","name":"worker_sweep_goals_resumed_total","value":0,"attributes":{"operation":"goal_recovery"},"timestamp":"2026-10-05T12:53:00.959Z"}
{"event":"worker.metric","name":"worker_sweep_goals_completed_total","value":0,"attributes":{"operation":"goal_recovery"},"timestamp":"2026-10-05T12:53:00.959Z"}
{"event":"worker.metric","name":"worker_sweep_goal_recovery_failures_total","value":0,"attributes":{"operation":"goal_recovery"},"timestamp":"2026-10-05T12:53:00.959Z"}
{"event":"worker.sweep_stopped","level":"info","timestamp":"2026-10-05T12:53:00.959Z","operation":"sweep"}
{"event":"worker.outbox.summary","level":"info","timestamp":"2026-10-05T12:53:00.959Z","workerId":"worker-sweeps-191","reason":"stop","claimed":0,"processed":0,"failed":0,"deadLettered":0,"handoffs":0,"errors":0,"claimFailures":0,"leaseLost":0,"heartbeats":0,"idlePolls":2,"released":0,"lag":0,"inFlight":0}
{"event":"worker.stopped","level":"info","timestamp":"2026-10-05T12:53:00.960Z","workerId":"worker-sweeps-191","drained":true,"released":0,"releaseFailed":0,"processed":0,"failed":0,"deadLettered":0,"lag":0}
 [32m✓[39m apps/worker/src/__tests__/worker-sweeps.test.ts [2m([22m[2m7 tests[22m[2m)[22m[32m 144[2mms[22m[39m
 [32m✓[39m apps/api/src/__tests__/journeys-api.test.ts [2m([22m[2m1 test[22m[2m)[22m[32m 134[2mms[22m[39m
 [32m✓[39m apps/api/src/__tests__/knowledge-source-catalog.test.ts [2m([22m[2m1 test[22m[2m)[22m[32m 135[2mms[22m[39m
 [32m✓[39m packages/platform/src/__tests__/platform-foundation.test.ts [2m([22m[2m20 tests[22m[2m)[22m[32m 118[2mms[22m[39m
 [32m✓[39m apps/api/src/__tests__/plugin-catalog.test.ts [2m([22m[2m1 test[22m[2m)[22m[32m 146[2mms[22m[39m
 [32m✓[39m tests/aud20-05-replay-grants-probe.test.js [2m([22m[2m6 tests[22m[2m)[22m[32m 113[2mms[22m[39m
 [32m✓[39m apps/api/src/request-metrics.test.ts [2m([22m[2m3 tests[22m[2m)[22m[32m 135[2mms[22m[39m
 [32m✓[39m apps/api/src/__tests__/approval-actions.test.ts [2m([22m[2m1 test[22m[2m)[22m[32m 136[2mms[22m[39m
 [32m✓[39m apps/api/src/__tests__/audit-route.integration.test.ts [2m([22m[2m1 test[22m[2m)[22m[32m 139[2mms[22m[39m
 [32m✓[39m packages/platform/src/__tests__/branches-b-20260925.test.ts [2m([22m[2m25 tests[22m[2m)[22m[32m 107[2mms[22m[39m
 [32m✓[39m apps/api/src/__tests__/correlation.test.ts [2m([22m[2m1 test[22m[2m)[22m[32m 134[2mms[22m[39m
 [32m✓[39m packages/channel-gateway/src/__tests__/channel-effect-journal-edges.test.ts [2m([22m[2m9 tests[22m[2m)[22m[32m 110[2mms[22m[39m
 [32m✓[39m packages/shared/src/__tests__/lifecycle.test.ts [2m([22m[2m5 tests[22m[2m)[22m[32m 115[2mms[22m[39m
{"event":"worker.outbox.summary","level":"info","timestamp":"2026-10-05T12:53:15.381Z","workerId":"worker-branches-b","reason":"stop","claimed":0,"processed":0,"failed":0,"deadLettered":0,"handoffs":0,"errors":0,"claimFailures":0,"leaseLost":0,"heartbeats":0,"idlePolls":0,"released":0,"lag":null,"inFlight":0}
{"event":"worker.stopped","level":"info","timestamp":"2026-10-05T12:53:15.383Z","workerId":"worker-branches-b","drained":true,"released":0,"releaseFailed":0,"processed":0,"failed":0,"deadLettered":0,"lag":null}
{"event":"worker.started","level":"info","timestamp":"2026-10-05T12:53:15.384Z","workerId":"worker-branches-b","concurrency":2,"pollIntervalMs":5,"idleMaxBackoffMs":5000,"errorBackoffMs":500,"errorMaxBackoffMs":30000,"leaseMs":1000,"heartbeatIntervalMs":333,"drainMs":50,"backlogProbe":true,"sweeps":false,"externalEffects":false,"durable":true}
{"event":"worker.outbox.summary","level":"info","timestamp":"2026-10-05T12:53:15.384Z","workerId":"worker-branches-b","reason":"start","claimed":0,"processed":0,"failed":0,"deadLettered":0,"handoffs":0,"errors":0,"claimFailures":0,"leaseLost":0,"heartbeats":0,"idlePolls":0,"released":0,"lag":null,"inFlight":0}
{"event":"worker.metric","name":"worker_outbox_lag","value":0,"attributes":{"operation":"outbox"},"timestamp":"2026-10-05T12:53:15.385Z"}
{"event":"worker.idle_backoff","level":"debug","timestamp":"2026-10-05T12:53:15.385Z","workerId":"worker-branches-b","backoffMs":5,"lag":0}
{"event":"worker.outbox.summary","level":"info","timestamp":"2026-10-05T12:53:15.385Z","workerId":"worker-branches-b","reason":"stop","claimed":0,"processed":0,"failed":0,"deadLettered":0,"handoffs":0,"errors":0,"claimFailures":0,"leaseLost":0,"heartbeats":0,"idlePolls":1,"released":0,"lag":0,"inFlight":0}
{"event":"worker.stopped","level":"info","timestamp":"2026-10-05T12:53:15.385Z","workerId":"worker-branches-b","drained":true,"released":0,"releaseFailed":0,"processed":0,"failed":0,"deadLettered":0,"lag":0}
{"event":"worker.started","level":"info","timestamp":"2026-10-05T12:53:15.385Z","workerId":"worker-branches-b","concurrency":2,"pollIntervalMs":5,"idleMaxBackoffMs":5000,"errorBackoffMs":500,"errorMaxBackoffMs":30000,"leaseMs":1000,"heartbeatIntervalMs":333,"drainMs":50,"backlogProbe":true,"sweeps":false,"externalEffects":false,"durable":true}
{"event":"worker.outbox.summary","level":"info","timestamp":"2026-10-05T12:53:15.385Z","workerId":"worker-branches-b","reason":"start","claimed":0,"processed":0,"failed":0,"deadLettered":0,"handoffs":0,"errors":0,"claimFailures":0,"leaseLost":0,"heartbeats":0,"idlePolls":0,"released":0,"lag":null,"inFlight":0}
{"event":"worker.metric","name":"worker_outbox_lag","value":0,"attributes":{"operation":"outbox"},"timestamp":"2026-10-05T12:53:15.385Z"}
{"event":"worker.idle_backoff","level":"debug","timestamp":"2026-10-05T12:53:15.385Z","workerId":"worker-branches-b","backoffMs":5,"lag":0}
{"event":"worker.outbox.summary","level":"info","timestamp":"2026-10-05T12:53:15.385Z","workerId":"worker-branches-b","reason":"stop","claimed":0,"processed":0,"failed":0,"deadLettered":0,"handoffs":0,"errors":0,"claimFailures":0,"leaseLost":0,"heartbeats":0,"idlePolls":1,"released":0,"lag":0,"inFlight":0}
{"event":"worker.stopped","level":"info","timestamp":"2026-10-05T12:53:15.385Z","workerId":"worker-branches-b","drained":true,"released":0,"releaseFailed":0,"processed":0,"failed":0,"deadLettered":0,"lag":0}
{"event":"worker.started","level":"info","timestamp":"2026-10-05T12:53:15.386Z","workerId":"worker-branches-b","concurrency":2,"pollIntervalMs":5,"idleMaxBackoffMs":5000,"errorBackoffMs":500,"errorMaxBackoffMs":30000,"leaseMs":1000,"heartbeatIntervalMs":333,"drainMs":50,"backlogProbe":true,"sweeps":false,"externalEffects":false,"durable":true}
{"event":"worker.outbox.summary","level":"info","timestamp":"2026-10-05T12:53:15.386Z","workerId":"worker-branches-b","reason":"start","claimed":0,"processed":0,"failed":0,"deadLettered":0,"handoffs":0,"errors":0,"claimFailures":0,"leaseLost":0,"heartbeats":0,"idlePolls":0,"released":0,"lag":null,"inFlight":0}
{"event":"worker.metric","name":"worker_outbox_lag","value":0,"attributes":{"operation":"outbox"},"timestamp":"2026-10-05T12:53:15.386Z"}
{"event":"worker.idle_backoff","level":"debug","timestamp":"2026-10-05T12:53:15.386Z","workerId":"worker-branches-b","backoffMs":5,"lag":0}
{"event":"worker.outbox.summary","level":"info","timestamp":"2026-10-05T12:53:15.386Z","workerId":"worker-branches-b","reason":"stop","claimed":0,"processed":0,"failed":0,"deadLettered":0,"handoffs":0,"errors":0,"claimFailures":0,"leaseLost":0,"heartbeats":0,"idlePolls":1,"released":0,"lag":0,"inFlight":0}
{"event":"worker.stopped","level":"info","timestamp":"2026-10-05T12:53:15.386Z","workerId":"worker-branches-b","drained":true,"released":0,"releaseFailed":0,"processed":0,"failed":0,"deadLettered":0,"lag":0}
{"event":"worker.started","level":"info","timestamp":"2026-10-05T12:53:15.386Z","workerId":"worker-branches-b","concurrency":2,"pollIntervalMs":5,"idleMaxBackoffMs":5000,"errorBackoffMs":500,"errorMaxBackoffMs":30000,"leaseMs":1000,"heartbeatIntervalMs":333,"drainMs":50,"backlogProbe":true,"sweeps":false,"externalEffects":false,"durable":true}
{"event":"worker.outbox.summary","level":"info","timestamp":"2026-10-05T12:53:15.386Z","workerId":"worker-branches-b","reason":"start","claimed":0,"processed":0,"failed":0,"deadLettered":0,"handoffs":0,"errors":0,"claimFailures":0,"leaseLost":0,"heartbeats":0,"idlePolls":0,"released":0,"lag":null,"inFlight":0}
{"event":"worker.metric","name":"worker_outbox_lag","value":0,"attributes":{"operation":"outbox"},"timestamp":"2026-10-05T12:53:15.386Z"}
{"event":"worker.idle_backoff","level":"debug","timestamp":"2026-10-05T12:53:15.386Z","workerId":"worker-branches-b","backoffMs":5,"lag":0}
{"event":"worker.outbox.summary","level":"info","timestamp":"2026-10-05T12:53:15.386Z","workerId":"worker-branches-b","reason":"stop","claimed":0,"processed":0,"failed":0,"deadLettered":0,"handoffs":0,"errors":0,"claimFailures":0,"leaseLost":0,"heartbeats":0,"idlePolls":1,"released":0,"lag":0,"inFlight":0}
{"event":"worker.stopped","level":"info","timestamp":"2026-10-05T12:53:15.386Z","workerId":"worker-branches-b","drained":true,"released":0,"releaseFailed":0,"processed":0,"failed":0,"deadLettered":0,"lag":0}
{"event":"worker.started","level":"info","timestamp":"2026-10-05T12:53:15.387Z","workerId":"worker-branches-b","concurrency":2,"pollIntervalMs":5,"idleMaxBackoffMs":5000,"errorBackoffMs":500,"errorMaxBackoffMs":30000,"leaseMs":1000,"heartbeatIntervalMs":333,"drainMs":50,"backlogProbe":true,"sweeps":false,"externalEffects":false,"durable":true}
{"event":"worker.outbox.summary","level":"info","timestamp":"2026-10-05T12:53:15.387Z","workerId":"worker-branches-b","reason":"start","claimed":0,"processed":0,"failed":0,"deadLettered":0,"handoffs":0,"errors":0,"claimFailures":0,"leaseLost":0,"heartbeats":0,"idlePolls":0,"released":0,"lag":null,"inFlight":0}
{"event":"worker.metric","name":"worker_outbox_lag","value":0,"attributes":{"operation":"outbox"},"timestamp":"2026-10-05T12:53:15.387Z"}
{"event":"worker.idle_backoff","level":"debug","timestamp":"2026-10-05T12:53:15.387Z","workerId":"worker-branches-b","backoffMs":5,"lag":0}
{"event":"worker.outbox.summary","level":"info","timestamp":"2026-10-05T12:53:15.387Z","workerId":"worker-branches-b","reason":"stop","claimed":0,"processed":0,"failed":0,"deadLettered":0,"handoffs":0,"errors":0,"claimFailures":0,"leaseLost":0,"heartbeats":0,"idlePolls":1,"released":0,"lag":0,"inFlight":0}
{"event":"worker.stopped","level":"info","timestamp":"2026-10-05T12:53:15.387Z","workerId":"worker-branches-b","drained":true,"released":0,"releaseFailed":0,"processed":0,"failed":0,"deadLettered":0,"lag":0}
{"event":"worker.started","level":"info","timestamp":"2026-10-05T12:53:15.387Z","workerId":"worker-branches-b","concurrency":2,"pollIntervalMs":5,"idleMaxBackoffMs":5000,"errorBackoffMs":500,"errorMaxBackoffMs":30000,"leaseMs":1000,"heartbeatIntervalMs":333,"drainMs":50,"backlogProbe":true,"sweeps":true,"externalEffects":false,"durable":true}
{"event":"worker.outbox.summary","level":"info","timestamp":"2026-10-05T12:53:15.388Z","workerId":"worker-branches-b","reason":"start","claimed":0,"processed":0,"failed":0,"deadLettered":0,"handoffs":0,"errors":0,"claimFailures":0,"leaseLost":0,"heartbeats":0,"idlePolls":0,"released":0,"lag":null,"inFlight":0}
{"event":"worker.metric","name":"worker_outbox_lag","value":0,"attributes":{"operation":"outbox"},"timestamp":"2026-10-05T12:53:15.388Z"}
{"event":"worker.idle_backoff","level":"debug","timestamp":"2026-10-05T12:53:15.388Z","workerId":"worker-branches-b","backoffMs":5,"lag":0}
{"event":"worker.outbox.summary","level":"info","timestamp":"2026-10-05T12:53:15.388Z","workerId":"worker-branches-b","reason":"stop","claimed":0,"processed":0,"failed":0,"deadLettered":0,"handoffs":0,"errors":0,"claimFailures":0,"leaseLost":0,"heartbeats":0,"idlePolls":1,"released":0,"lag":0,"inFlight":0}
{"event":"worker.stopped","level":"info","timestamp":"2026-10-05T12:53:15.388Z","workerId":"worker-branches-b","drained":true,"released":0,"releaseFailed":0,"processed":0,"failed":0,"deadLettered":0,"lag":0}
{"event":"worker.started","level":"info","timestamp":"2026-10-05T12:53:15.388Z","workerId":"worker-branches-b","concurrency":2,"pollIntervalMs":5,"idleMaxBackoffMs":5000,"errorBackoffMs":500,"errorMaxBackoffMs":30000,"leaseMs":1000,"heartbeatIntervalMs":333,"drainMs":50,"backlogProbe":true,"sweeps":true,"externalEffects":false,"durable":true}
{"event":"worker.outbox.summary","level":"info","timestamp":"2026-10-05T12:53:15.388Z","workerId":"worker-branches-b","reason":"start","claimed":0,"processed":0,"failed":0,"deadLettered":0,"handoffs":0,"errors":0,"claimFailures":0,"leaseLost":0,"heartbeats":0,"idlePolls":0,"released":0,"lag":null,"inFlight":0}
{"event":"worker.sweep_stop_failed","level":"error","timestamp":"2026-10-05T12:53:15.389Z","workerId":"worker-branches-b","error":"[redacted-outbox-error]"}
{"event":"worker.metric","name":"worker_outbox_lag","value":0,"attributes":{"operation":"outbox"},"timestamp":"2026-10-05T12:53:15.389Z"}
{"event":"worker.idle_backoff","level":"debug","timestamp":"2026-10-05T12:53:15.389Z","workerId":"worker-branches-b","backoffMs":5,"lag":0}
{"event":"worker.outbox.summary","level":"info","timestamp":"2026-10-05T12:53:15.389Z","workerId":"worker-branches-b","reason":"stop","claimed":0,"processed":0,"failed":0,"deadLettered":0,"handoffs":0,"errors":0,"claimFailures":0,"leaseLost":0,"heartbeats":0,"idlePolls":1,"released":0,"lag":0,"inFlight":0}
{"event":"worker.stopped","level":"info","timestamp":"2026-10-05T12:53:15.389Z","workerId":"worker-branches-b","drained":true,"released":0,"releaseFailed":0,"processed":0,"failed":0,"deadLettered":0,"lag":0}
 [32m✓[39m apps/worker/src/__tests__/branches-b-20260925.test.ts [2m([22m[2m80 tests[22m[2m)[22m[32m 59[2mms[22m[39m
 [32m✓[39m packages/platform/src/__tests__/safety-assessment.test.ts [2m([22m[2m29 tests[22m[2m)[22m[32m 128[2mms[22m[39m
 [32m✓[39m packages/agent-runtime/src/__tests__/runtime-journal.test.ts [2m([22m[2m19 tests[22m[2m)[22m[32m 185[2mms[22m[39m
 [32m✓[39m apps/worker/src/__tests__/postgres-role-preflight-fake-20260925.test.ts [2m([22m[2m22 tests[22m[2m)[22m[32m 139[2mms[22m[39m
 [32m✓[39m packages/channel-gateway/src/__tests__/channel-coverage-journal-hardening.test.ts [2m([22m[2m12 tests[22m[2m)[22m[32m 78[2mms[22m[39m
 [32m✓[39m packages/channel-gateway/src/__tests__/channel-coverage-gateway-journal-paths.test.ts [2m([22m[2m16 tests[22m[2m)[22m[32m 79[2mms[22m[39m
 [32m✓[39m packages/agent-runtime/src/__tests__/runtime-branch-hardening.test.ts [2m([22m[2m35 tests[22m[2m)[22m[32m 109[2mms[22m[39m
 [32m✓[39m packages/agent-runtime/src/__tests__/effect-journal.test.ts [2m([22m[2m41 tests[22m[2m)[22m[32m 82[2mms[22m[39m
 [32m✓[39m packages/agent-runtime/src/__tests__/runtime-kernel-coverage.test.ts [2m([22m[2m40 tests[22m[2m)[22m[32m 132[2mms[22m[39m
 [32m✓[39m packages/shared/src/__tests__/shared-branches-hardening.test.ts [2m([22m[2m16 tests[22m[2m)[22m[32m 79[2mms[22m[39m
 [32m✓[39m apps/worker/src/__tests__/postgres-controlled-hardening.test.ts [2m([22m[2m8 tests[22m[2m)[22m[32m 78[2mms[22m[39m
 [32m✓[39m packages/policy-engine/src/__tests__/execution-contract-matrix.test.ts [2m([22m[2m10 tests[22m[2m)[22m[32m 59[2mms[22m[39m
 [32m✓[39m packages/agent-runtime/src/__tests__/runtime-binding.test.ts [2m([22m[2m17 tests[22m[2m)[22m[32m 72[2mms[22m[39m
 [32m✓[39m packages/agent-runtime/src/__tests__/runtime-limits.test.ts [2m([22m[2m16 tests[22m[2m)[22m[32m 74[2mms[22m[39m
 [32m✓[39m packages/agent-runtime/src/__tests__/runtime-sweep-operation-key.test.ts [2m([22m[2m7 tests[22m[2m)[22m[32m 56[2mms[22m[39m
 [32m✓[39m apps/worker/src/__tests__/published-worker-runtime.test.ts [2m([22m[2m9 tests[22m[2m)[22m[32m 51[2mms[22m[39m
 [32m✓[39m packages/agent-runtime/src/__tests__/runtime-legacy-rearm.test.ts [2m([22m[2m8 tests[22m[2m)[22m[32m 53[2mms[22m[39m
 [32m✓[39m apps/worker/src/__tests__/postgres-controlled.test.ts [2m([22m[2m6 tests[22m[2m)[22m[32m 57[2mms[22m[39m
 [32m✓[39m apps/worker/src/__tests__/kernel-composition-branch-hardening.test.ts [2m([22m[2m79 tests[22m[2m | [22m[33m29 skipped[39m[2m)[22m[32m 49[2mms[22m[39m
 [32m✓[39m apps/worker/src/__tests__/worker.test.ts [2m([22m[2m1 test[22m[2m)[22m[32m 52[2mms[22m[39m
 [32m✓[39m apps/worker/src/__tests__/worker-health.test.ts [2m([22m[2m9 tests[22m[2m)[22m[32m 50[2mms[22m[39m
 [32m✓[39m packages/channel-gateway/src/__tests__/channel-coverage-gateway-hardening.test.ts [2m([22m[2m10 tests[22m[2m)[22m[32m 55[2mms[22m[39m
 [32m✓[39m packages/platform/src/__tests__/plugin-gateway-hardening.test.ts [2m([22m[2m12 tests[22m[2m)[22m[32m 54[2mms[22m[39m
 [32m✓[39m packages/platform/src/__tests__/prompt-profile.test.ts [2m([22m[2m8 tests[22m[2m)[22m[32m 49[2mms[22m[39m
 [32m✓[39m tests/phase11-certification.test.js [2m([22m[2m3 tests[22m[2m)[22m[32m 54[2mms[22m[39m
 [32m✓[39m packages/agent-core/src/__tests__/published-agent-runtime.test.ts [2m([22m[2m9 tests[22m[2m)[22m[32m 61[2mms[22m[39m
 [32m✓[39m packages/channel-gateway/src/__tests__/channel-effect-journal.test.ts [2m([22m[2m11 tests[22m[2m)[22m[32m 52[2mms[22m[39m
 [32m✓[39m packages/platform/src/__tests__/secretary-preset.test.ts [2m([22m[2m2 tests[22m[2m)[22m[32m 48[2mms[22m[39m
 [32m✓[39m packages/agent-runtime/src/__tests__/agent-runtime.test.ts [2m([22m[2m9 tests[22m[2m)[22m[32m 43[2mms[22m[39m
 [32m✓[39m packages/platform/src/__tests__/test-lab-events.test.ts [2m([22m[2m5 tests[22m[2m)[22m[32m 44[2mms[22m[39m
 [32m✓[39m packages/platform/src/__tests__/controlled-tool-registry.test.ts [2m([22m[2m5 tests[22m[2m)[22m[32m 44[2mms[22m[39m
 [32m✓[39m packages/platform/src/__tests__/output-policy.test.ts [2m([22m[2m35 tests[22m[2m)[22m[32m 49[2mms[22m[39m
 [32m✓[39m packages/platform/src/__tests__/handoff-policy.test.ts [2m([22m[2m3 tests[22m[2m)[22m[32m 39[2mms[22m[39m
 [32m✓[39m packages/persistence/src/__tests__/platform-control-plane-repository.test.ts [2m([22m[2m9 tests[22m[2m)[22m[32m 46[2mms[22m[39m
 [32m✓[39m packages/persistence/src/__tests__/restore-integrity.test.ts [2m([22m[2m12 tests[22m[2m)[22m[32m 45[2mms[22m[39m
 [32m✓[39m packages/platform/src/__tests__/tool-invocation-boundary.test.ts [2m([22m[2m14 tests[22m[2m)[22m[32m 36[2mms[22m[39m
 [32m✓[39m packages/platform/src/__tests__/test-suite-catalog.test.ts [2m([22m[2m2 tests[22m[2m)[22m[32m 44[2mms[22m[39m
 [32m✓[39m apps/worker/src/__tests__/published-worker-knowledge-boundary.test.ts [2m([22m[2m5 tests[22m[2m)[22m[32m 42[2mms[22m[39m
 [32m✓[39m apps/web/src/features/audit/audit-view.test.tsx [2m([22m[2m1 test[22m[2m)[22m[32m 42[2mms[22m[39m
 [32m✓[39m packages/channel-gateway/src/__tests__/channel-effect-hash-version.test.ts [2m([22m[2m9 tests[22m[2m)[22m[32m 32[2mms[22m[39m
 [32m✓[39m packages/model-gateway/src/__tests__/gateway-hardening.test.ts [2m([22m[2m36 tests[22m[2m)[22m[32m 32[2mms[22m[39m
 [32m✓[39m packages/persistence/src/__tests__/coverage-20260925.test.ts [2m([22m[2m45 tests[22m[2m)[22m[32m 32[2mms[22m[39m
 [32m✓[39m packages/platform/src/__tests__/knowledge-input-boundary.test.ts [2m([22m[2m3 tests[22m[2m)[22m[32m 34[2mms[22m[39m
 [32m✓[39m packages/persistence/src/__tests__/outbox-edge.test.ts [2m([22m[2m22 tests[22m[2m)[22m[32m 26[2mms[22m[39m
 [32m✓[39m packages/persistence/src/__tests__/postgres-migration-smoke.test.ts [2m([22m[2m9 tests[22m[2m | [22m[33m1 skipped[39m[2m)[22m[32m 24[2mms[22m[39m
 [32m✓[39m packages/channel-gateway/src/__tests__/channel-effect-reconciliation-actor.test.ts [2m([22m[2m6 tests[22m[2m)[22m[32m 25[2mms[22m[39m
 [32m✓[39m packages/platform/src/__tests__/trace-governance.test.ts [2m([22m[2m14 tests[22m[2m)[22m[32m 22[2mms[22m[39m
 [32m✓[39m packages/persistence/src/__tests__/tenant-isolation.test.ts [2m([22m[2m14 tests[22m[2m | [22m[33m2 skipped[39m[2m)[22m[32m 31[2mms[22m[39m
 [32m✓[39m packages/platform/src/__tests__/knowledge-resolver.test.ts [2m([22m[2m1 test[22m[2m)[22m[32m 34[2mms[22m[39m
 [32m✓[39m packages/agent-evals/src/__tests__/eval-contract.test.ts [2m([22m[2m16 tests[22m[2m)[22m[32m 31[2mms[22m[39m
 [32m✓[39m packages/platform/src/__tests__/plugin-catalog.test.ts [2m([22m[2m1 test[22m[2m)[22m[32m 17[2mms[22m[39m
 [32m✓[39m packages/agent-runtime/src/__tests__/effect-journal-edges.test.ts [2m([22m[2m19 tests[22m[2m)[22m[32m 24[2mms[22m[39m
 [32m✓[39m apps/api/src/__tests__/tenant-isolation-branch-hardening.test.ts [2m([22m[2m12 tests[22m[2m)[22m[32m 31[2mms[22m[39m
 [32m✓[39m packages/observability/src/__tests__/branches-b-20260925.test.ts [2m([22m[2m19 tests[22m[2m)[22m[32m 21[2mms[22m[39m
 [32m✓[39m packages/observability/src/__tests__/observability.test.ts [2m([22m[2m12 tests[22m[2m)[22m[32m 27[2mms[22m[39m
 [32m✓[39m packages/approval-engine/src/__tests__/approval-critical-coverage.test.ts [2m([22m[2m36 tests[22m[2m)[22m[32m 29[2mms[22m[39m
 [32m✓[39m packages/approval-engine/src/__tests__/approval-lifecycle-edges.test.ts [2m([22m[2m10 tests[22m[2m)[22m[32m 16[2mms[22m[39m
 [32m✓[39m packages/channel-gateway/src/__tests__/channel-coverage-inbound-adapters.test.ts [2m([22m[2m11 tests[22m[2m)[22m[32m 19[2mms[22m[39m
 [32m✓[39m packages/platform/src/__tests__/publish-evidence-authority.test.ts [2m([22m[2m4 tests[22m[2m)[22m[32m 21[2mms[22m[39m
 [32m✓[39m packages/platform/src/__tests__/plugin-registry-versioning.test.ts [2m([22m[2m3 tests[22m[2m)[22m[32m 43[2mms[22m[39m
 [32m✓[39m tests/docs-readiness.test.js [2m([22m[2m7 tests[22m[2m)[22m[32m 25[2mms[22m[39m
 [32m✓[39m packages/persistence/src/__tests__/conversation-repository.test.ts [2m([22m[2m15 tests[22m[2m)[22m[32m 21[2mms[22m[39m
 [32m✓[39m packages/agent-evals/src/__tests__/agent-evals.test.ts [2m([22m[2m8 tests[22m[2m)[22m[32m 27[2mms[22m[39m
 [32m✓[39m packages/persistence/src/__tests__/repository-error-paths.test.ts [2m([22m[2m7 tests[22m[2m)[22m[32m 43[2mms[22m[39m
 [32m✓[39m packages/agent-runtime/src/__tests__/capability-action-binding.test.ts [2m([22m[2m3 tests[22m[2m)[22m[32m 43[2mms[22m[39m
 [32m✓[39m packages/approval-engine/src/__tests__/approval-coverage-closure.test.ts [2m([22m[2m14 tests[22m[2m)[22m[32m 52[2mms[22m[39m
 [32m✓[39m packages/persistence/src/__tests__/outbox-branch-hardening.test.ts [2m([22m[2m11 tests[22m[2m)[22m[32m 41[2mms[22m[39m
 [32m✓[39m packages/agent-evals/src/__tests__/integrated-holdout.test.ts [2m([22m[2m6 tests[22m[2m)[22m[32m 43[2mms[22m[39m
 [32m✓[39m packages/channel-gateway/src/__tests__/channel-gateway.test.ts [2m([22m[2m14 tests[22m[2m)[22m[32m 49[2mms[22m[39m
 [32m✓[39m packages/approval-engine/src/__tests__/approval-lifecycle.test.ts [2m([22m[2m19 tests[22m[2m)[22m[32m 40[2mms[22m[39m
 [32m✓[39m packages/persistence/src/__tests__/outbox-memory.test.ts [2m([22m[2m6 tests[22m[2m)[22m[32m 24[2mms[22m[39m
 [32m✓[39m packages/persistence/src/__tests__/journeys-postgres.test.ts [2m([22m[2m24 tests[22m[2m | [22m[33m15 skipped[39m[2m)[22m[32m 40[2mms[22m[39m
 [32m✓[39m apps/worker/src/__tests__/kernel-composition-state.test.ts [2m([22m[2m12 tests[22m[2m)[22m[32m 45[2mms[22m[39m
 [32m✓[39m packages/persistence/src/__tests__/audit-evidence-checkpoint.test.ts [2m([22m[2m3 tests[22m[2m)[22m[32m 37[2mms[22m[39m
 [32m✓[39m packages/shared/src/__tests__/shared-contracts.test.ts [2m([22m[2m11 tests[22m[2m)[22m[32m 32[2mms[22m[39m
 [32m✓[39m apps/worker/src/__tests__/kernel-coverage-20260925.test.ts [2m([22m[2m27 tests[22m[2m)[22m[32m 42[2mms[22m[39m
 [32m✓[39m packages/platform/src/__tests__/capability-approval-gateway.test.ts [2m([22m[2m4 tests[22m[2m)[22m[32m 44[2mms[22m[39m
 [32m✓[39m packages/observability/src/__tests__/observability-coverage.test.ts [2m([22m[2m5 tests[22m[2m)[22m[32m 37[2mms[22m[39m
 [32m✓[39m packages/model-gateway/src/__tests__/providers.test.ts [2m([22m[2m14 tests[22m[2m)[22m[32m 36[2mms[22m[39m
 [32m✓[39m packages/platform/src/__tests__/event-bus-hardening.test.ts [2m([22m[2m7 tests[22m[2m)[22m[32m 34[2mms[22m[39m
 [32m✓[39m packages/platform/src/__tests__/model-provider-boundary.test.ts [2m([22m[2m4 tests[22m[2m)[22m[32m 22[2mms[22m[39m
 [32m✓[39m packages/agent-evals/src/__tests__/branches-b-20260925.test.ts [2m([22m[2m10 tests[22m[2m)[22m[32m 39[2mms[22m[39m
 [32m✓[39m packages/persistence/src/__tests__/branches-b-20260925.test.ts [2m([22m[2m30 tests[22m[2m)[22m[32m 39[2mms[22m[39m
 [32m✓[39m apps/api/src/__tests__/orchestration-observability-coverage-20260925.test.ts [2m([22m[2m13 tests[22m[2m)[22m[32m 24[2mms[22m[39m
 [32m✓[39m packages/platform/src/__tests__/release-candidate-ledger.test.ts [2m([22m[2m5 tests[22m[2m)[22m[32m 43[2mms[22m[39m
 [32m✓[39m packages/platform/src/__tests__/malformed-model-output.test.ts [2m([22m[2m1 test[22m[2m)[22m[32m 33[2mms[22m[39m
 [32m✓[39m packages/persistence/src/__tests__/platform-approval-repository.test.ts [2m([22m[2m3 tests[22m[2m)[22m[32m 38[2mms[22m[39m
 [32m✓[39m packages/platform/src/__tests__/approval-authority.test.ts [2m([22m[2m6 tests[22m[2m)[22m[32m 29[2mms[22m[39m
 [32m✓[39m tests/aud20-10-alerts-ledger.test.ts [2m([22m[2m10 tests[22m[2m)[22m[32m 23[2mms[22m[39m
 [32m✓[39m apps/worker/src/__tests__/controlled-worker-hardening.test.ts [2m([22m[2m7 tests[22m[2m)[22m[32m 27[2mms[22m[39m
 [32m✓[39m packages/platform/src/__tests__/secretary-preset-hardening.test.ts [2m([22m[2m3 tests[22m[2m)[22m[32m 36[2mms[22m[39m
 [32m✓[39m packages/agent-core/src/__tests__/receive-inbound-message.test.ts [2m([22m[2m9 tests[22m[2m)[22m[32m 29[2mms[22m[39m
 [32m✓[39m packages/persistence/src/__tests__/retention.test.ts [2m([22m[2m27 tests[22m[2m)[22m[32m 34[2mms[22m[39m
 [32m✓[39m packages/platform/src/__tests__/platform-misc-hardening.test.ts [2m([22m[2m6 tests[22m[2m)[22m[32m 29[2mms[22m[39m
 [32m✓[39m packages/observability/src/__tests__/observability-exercise.test.ts [2m([22m[2m4 tests[22m[2m)[22m[32m 31[2mms[22m[39m
 [32m✓[39m packages/approval-engine/src/__tests__/approval-lifecycle-fencing.test.ts [2m([22m[2m6 tests[22m[2m)[22m[32m 33[2mms[22m[39m
 [32m✓[39m apps/api/src/__tests__/bootstrap-coverage-20260925.test.ts [2m([22m[2m21 tests[22m[2m)[22m[32m 28[2mms[22m[39m
 [32m✓[39m packages/observability/src/__tests__/sli-slo-catalog.test.ts [2m([22m[2m4 tests[22m[2m)[22m[32m 29[2mms[22m[39m
 [32m✓[39m packages/persistence/src/__tests__/audit-evidence-checkpoint-postgres.test.ts [2m([22m[2m2 tests[22m[2m)[22m[32m 42[2mms[22m[39m
 [32m✓[39m packages/persistence/src/__tests__/runtime-trace-correlation.test.ts [2m([22m[2m2 tests[22m[2m)[22m[32m 28[2mms[22m[39m
 [32m✓[39m packages/platform/src/__tests__/event-bus.test.ts [2m([22m[2m8 tests[22m[2m)[22m[32m 26[2mms[22m[39m
 [32m✓[39m packages/channel-gateway/src/__tests__/channel-effect-race.test.ts [2m([22m[2m2 tests[22m[2m)[22m[32m 17[2mms[22m[39m
 [32m✓[39m packages/rag/src/__tests__/institutional-rag-hardening.test.ts [2m([22m[2m8 tests[22m[2m)[22m[32m 18[2mms[22m[39m
 [32m✓[39m apps/worker/src/__tests__/kernel-composition-postgres.integration.test.ts [2m([22m[2m14 tests[22m[2m | [22m[33m5 skipped[39m[2m)[22m[32m 19[2mms[22m[39m
 [32m✓[39m apps/api/src/__tests__/trusted-operator-identity.test.ts [2m([22m[2m10 tests[22m[2m)[22m[32m 16[2mms[22m[39m
 [32m✓[39m packages/channel-gateway/src/__tests__/channel-adapters-branch-hardening.test.ts [2m([22m[2m5 tests[22m[2m)[22m[32m 19[2mms[22m[39m
 [32m✓[39m packages/approval-engine/src/__tests__/approval-engine.test.ts [2m([22m[2m10 tests[22m[2m)[22m[32m 16[2mms[22m[39m
 [32m✓[39m packages/policy-engine/src/__tests__/policy-engine.test.ts [2m([22m[2m14 tests[22m[2m)[22m[32m 17[2mms[22m[39m
 [32m✓[39m packages/policy-engine/src/__tests__/policy-engine-branch-hardening.test.ts [2m([22m[2m9 tests[22m[2m)[22m[32m 11[2mms[22m[39m
 [32m✓[39m packages/persistence/src/__tests__/journey-task-atomicity.test.ts [2m([22m[2m8 tests[22m[2m | [22m[33m2 skipped[39m[2m)[22m[32m 19[2mms[22m[39m
 [32m✓[39m apps/api/src/__tests__/request-context.test.ts [2m([22m[2m12 tests[22m[2m)[22m[32m 16[2mms[22m[39m
 [32m✓[39m apps/web/src/features/platform/prompt-profile.test.ts [2m([22m[2m5 tests[22m[2m)[22m[32m 14[2mms[22m[39m
 [32m✓[39m packages/approval-engine/src/__tests__/approval-operation-key.test.ts [2m([22m[2m7 tests[22m[2m)[22m[32m 18[2mms[22m[39m
 [32m✓[39m packages/persistence/src/__tests__/persistence-schema.test.ts [2m([22m[2m7 tests[22m[2m)[22m[32m 18[2mms[22m[39m
 [32m✓[39m packages/policy-engine/src/__tests__/capability-scope.test.ts [2m([22m[2m15 tests[22m[2m)[22m[32m 13[2mms[22m[39m
 [32m✓[39m packages/persistence/src/__tests__/outbox.test.ts [2m([22m[2m6 tests[22m[2m)[22m[32m 21[2mms[22m[39m
 [32m✓[39m apps/api/src/startup-failure.test.ts [2m([22m[2m8 tests[22m[2m)[22m[32m 14[2mms[22m[39m
 [32m✓[39m packages/approval-engine/src/__tests__/approval-coverage.test.ts [2m([22m[2m3 tests[22m[2m)[22m[32m 13[2mms[22m[39m
 [32m✓[39m packages/persistence/src/__tests__/release-candidate-repository.test.ts [2m([22m[2m3 tests[22m[2m)[22m[32m 17[2mms[22m[39m
 [32m✓[39m apps/api/src/__tests__/identity-key-ring-rotation.test.ts [2m([22m[2m8 tests[22m[2m)[22m[32m 13[2mms[22m[39m
 [32m✓[39m packages/agent-evals/src/__tests__/datasets-coverage-20260925.test.ts [2m([22m[2m6 tests[22m[2m)[22m[32m 18[2mms[22m[39m
 [32m✓[39m packages/channel-gateway/src/__tests__/channel-coverage.test.ts [2m([22m[2m6 tests[22m[2m)[22m[32m 18[2mms[22m[39m
 [32m✓[39m packages/tools/src/__tests__/platform-adapter.test.ts [2m([22m[2m1 test[22m[2m)[22m[32m 13[2mms[22m[39m
 [32m✓[39m packages/policy-engine/src/__tests__/policy-coverage.test.ts [2m([22m[2m6 tests[22m[2m)[22m[32m 14[2mms[22m[39m
 [32m✓[39m apps/worker/src/__tests__/outbox-recovery.test.ts [2m([22m[2m5 tests[22m[2m)[22m[32m 16[2mms[22m[39m
 [32m✓[39m packages/observability/src/__tests__/collector.test.ts [2m([22m[2m8 tests[22m[2m)[22m[32m 25[2mms[22m[39m
 [32m✓[39m packages/persistence/src/__tests__/journeys.test.ts [2m([22m[2m2 tests[22m[2m)[22m[32m 14[2mms[22m[39m
 [32m✓[39m packages/workflows/src/__tests__/persistent-journey.flow.test.ts [2m([22m[2m5 tests[22m[2m)[22m[32m 11[2mms[22m[39m
 [32m✓[39m packages/persistence/src/__tests__/restore.test.ts [2m([22m[2m5 tests[22m[2m)[22m[32m 23[2mms[22m[39m
 [32m✓[39m packages/persistence/src/__tests__/attendance-approval-atomic.test.ts [2m([22m[2m6 tests[22m[2m)[22m[32m 29[2mms[22m[39m
 [32m✓[39m packages/observability/src/__tests__/alerts.test.ts [2m([22m[2m9 tests[22m[2m)[22m[32m 20[2mms[22m[39m
 [32m✓[39m tests/aud20-16-capacity-model.test.js [2m([22m[2m5 tests[22m[2m)[22m[32m 16[2mms[22m[39m
 [32m✓[39m apps/api/src/__tests__/request-query.test.ts [2m([22m[2m7 tests[22m[2m)[22m[32m 26[2mms[22m[39m
 [32m✓[39m packages/model-gateway/src/__tests__/edge-coverage.test.ts [2m([22m[2m15 tests[22m[2m)[22m[32m 21[2mms[22m[39m
 [32m✓[39m packages/shared/src/__tests__/audit-governance-hardening.test.ts [2m([22m[2m10 tests[22m[2m)[22m[32m 19[2mms[22m[39m
 [32m✓[39m tests/phase11-score-rubric.test.js [2m([22m[2m6 tests[22m[2m)[22m[32m 22[2mms[22m[39m
 [32m✓[39m packages/persistence/src/__tests__/plugin-catalog-repository.test.ts [2m([22m[2m1 test[22m[2m)[22m[32m 20[2mms[22m[39m
 [32m✓[39m apps/worker/src/__tests__/worker-observability.test.ts [2m([22m[2m4 tests[22m[2m)[22m[32m 17[2mms[22m[39m
 [32m✓[39m tests/aud19-certification-guards.test.js [2m([22m[2m9 tests[22m[2m)[22m[32m 19[2mms[22m[39m
 [32m✓[39m packages/platform/src/__tests__/retention-ledger.test.ts [2m([22m[2m2 tests[22m[2m)[22m[32m 11[2mms[22m[39m
 [32m✓[39m tests/aud20-19-qualification.test.js [2m([22m[2m5 tests[22m[2m)[22m[32m 16[2mms[22m[39m
 [32m✓[39m packages/platform/src/__tests__/knowledge-source-catalog.test.ts [2m([22m[2m2 tests[22m[2m)[22m[32m 19[2mms[22m[39m
 [32m✓[39m packages/chaos/src/__tests__/faults-coverage.test.ts [2m([22m[2m3 tests[22m[2m)[22m[32m 17[2mms[22m[39m
 [32m✓[39m apps/worker/src/__tests__/controlled-worker.test.ts [2m([22m[2m2 tests[22m[2m)[22m[32m 18[2mms[22m[39m
 [32m✓[39m packages/agent-runtime/src/__tests__/proposal-errors.test.ts [2m([22m[2m10 tests[22m[2m)[22m[32m 18[2mms[22m[39m
 [32m✓[39m apps/api/src/__tests__/request-context-branches-20260925.test.ts [2m([22m[2m8 tests[22m[2m)[22m[32m 16[2mms[22m[39m
 [32m✓[39m apps/api/src/__tests__/operator-replay-store.test.ts [2m([22m[2m20 tests[22m[2m | [22m[33m3 skipped[39m[2m)[22m[32m 14[2mms[22m[39m
 [32m✓[39m apps/web/src/api/audit-evidence-checkpoint-client.test.ts [2m([22m[2m3 tests[22m[2m)[22m[32m 19[2mms[22m[39m
 [32m✓[39m packages/tools/src/__tests__/journey-tools.test.ts [2m([22m[2m2 tests[22m[2m)[22m[32m 17[2mms[22m[39m
 [32m✓[39m packages/platform/src/__tests__/tool-invocation-boundary-hardening.test.ts [2m([22m[2m9 tests[22m[2m)[22m[32m 18[2mms[22m[39m
 [32m✓[39m packages/persistence/src/__tests__/runtime-audit-chain.test.ts [2m([22m[2m2 tests[22m[2m)[22m[32m 19[2mms[22m[39m
 [32m✓[39m tests/phase11-eval-contract.test.js [2m([22m[2m24 tests[22m[2m)[22m[32m 16[2mms[22m[39m
 [32m✓[39m packages/shared/src/__tests__/ssrf.test.ts [2m([22m[2m34 tests[22m[2m)[22m[32m 15[2mms[22m[39m
 [32m✓[39m apps/web/src/api/release-candidate-client.test.ts [2m([22m[2m3 tests[22m[2m)[22m[32m 16[2mms[22m[39m
 [32m✓[39m packages/shared/src/__tests__/http-security-env.test.ts [2m([22m[2m4 tests[22m[2m)[22m[32m 31[2mms[22m[39m
 [32m✓[39m packages/workflows/src/__tests__/intent-workflow.flow.test.ts [2m([22m[2m5 tests[22m[2m)[22m[32m 13[2mms[22m[39m
 [32m✓[39m packages/persistence/src/__tests__/runtime-approval-store-branch-hardening.test.ts [2m([22m[2m19 tests[22m[2m | [22m[33m15 skipped[39m[2m)[22m[32m 17[2mms[22m[39m
 [32m✓[39m tests/repository-structure.test.js [2m([22m[2m2 tests[22m[2m)[22m[32m 11[2mms[22m[39m
 [32m✓[39m packages/adapters/src/__tests__/model-adapter.test.ts [2m([22m[2m3 tests[22m[2m)[22m[32m 12[2mms[22m[39m
 [32m✓[39m packages/platform/src/__tests__/model-provider.test.ts [2m([22m[2m3 tests[22m[2m)[22m[32m 11[2mms[22m[39m
 [32m✓[39m packages/shared/src/__tests__/ids-hardening.test.ts [2m([22m[2m3 tests[22m[2m)[22m[32m 12[2mms[22m[39m
 [32m✓[39m tests/aud19-critical-coverage.test.js [2m([22m[2m5 tests[22m[2m)[22m[32m 17[2mms[22m[39m
 [32m✓[39m apps/worker/src/__tests__/production-worker-guard.test.ts [2m([22m[2m11 tests[22m[2m)[22m[32m 15[2mms[22m[39m
 [32m✓[39m packages/tools/src/__tests__/local-handlers-hardening.test.ts [2m([22m[2m5 tests[22m[2m)[22m[32m 15[2mms[22m[39m
 [32m✓[39m packages/shared/src/__tests__/canonical.test.ts [2m([22m[2m9 tests[22m[2m)[22m[32m 10[2mms[22m[39m
 [32m✓[39m packages/platform/src/__tests__/qualification.test.ts [2m([22m[2m3 tests[22m[2m)[22m[32m 10[2mms[22m[39m
 [32m✓[39m packages/agent-core/src/__tests__/coverage-20260925.test.ts [2m([22m[2m5 tests[22m[2m)[22m[32m 12[2mms[22m[39m
 [32m✓[39m packages/persistence/src/__tests__/session-version-pinning.test.ts [2m([22m[2m2 tests[22m[2m)[22m[32m 7[2mms[22m[39m
 [32m✓[39m packages/agent-runtime/src/__tests__/composition-branch-hardening.test.ts [2m([22m[2m7 tests[22m[2m)[22m[32m 9[2mms[22m[39m
 [32m✓[39m apps/web/src/api/client.test.ts [2m([22m[2m1 test[22m[2m)[22m[32m 6[2mms[22m[39m
 [32m✓[39m packages/persistence/src/__tests__/audit-repository.test.ts [2m([22m[2m2 tests[22m[2m)[22m[32m 9[2mms[22m[39m
 [32m✓[39m packages/rag/src/__tests__/institutional-rag.test.ts [2m([22m[2m3 tests[22m[2m)[22m[32m 6[2mms[22m[39m
 [32m✓[39m packages/agent-core/src/__tests__/conversation-session.integration.test.ts [2m([22m[2m1 test[22m[2m)[22m[32m 9[2mms[22m[39m
 [32m✓[39m packages/agent-core/src/__tests__/internal-task.integration.test.ts [2m([22m[2m1 test[22m[2m)[22m[32m 8[2mms[22m[39m
 [32m✓[39m packages/adapters/src/__tests__/controlled-delivery.test.ts [2m([22m[2m2 tests[22m[2m)[22m[32m 6[2mms[22m[39m
 [32m✓[39m packages/platform/src/__tests__/handoff.test.ts [2m([22m[2m2 tests[22m[2m)[22m[32m 4[2mms[22m[39m
 [32m✓[39m tests/construction-readiness.test.js [2m([22m[2m4 tests[22m[2m)[22m[32m 6[2mms[22m[39m
 [32m✓[39m packages/tools/src/__tests__/tool-registry.test.ts [2m([22m[2m2 tests[22m[2m)[22m[32m 6[2mms[22m[39m
 [32m✓[39m packages/shared/src/__tests__/auth-identity-mode.test.ts [2m([22m[2m3 tests[22m[2m)[22m[32m 6[2mms[22m[39m
 [32m✓[39m packages/persistence/src/__tests__/outbox-durability.test.ts [2m([22m[2m10 tests[22m[2m | [22m[33m8 skipped[39m[2m)[22m[32m 5[2mms[22m[39m
 [32m✓[39m packages/persistence/src/__tests__/effect-journal-postgres.test.ts [2m([22m[2m10 tests[22m[2m | [22m[33m9 skipped[39m[2m)[22m[32m 4[2mms[22m[39m
 [32m✓[39m apps/worker/src/__tests__/worker-docker-topology.test.ts [2m([22m[2m4 tests[22m[2m)[22m[32m 4[2mms[22m[39m
 [32m✓[39m packages/policy/src/__tests__/approval-state.integration.test.ts [2m([22m[2m1 test[22m[2m)[22m[32m 4[2mms[22m[39m
 [32m✓[39m tests/release-candidate-boundary.test.js [2m([22m[2m5 tests[22m[2m)[22m[32m 5[2mms[22m[39m
 [32m✓[39m packages/policy/src/__tests__/policy-engine.test.ts [2m([22m[2m3 tests[22m[2m)[22m[32m 5[2mms[22m[39m
 [32m✓[39m packages/adapters/src/__tests__/fake-whatsapp-adapter.test.ts [2m([22m[2m2 tests[22m[2m)[22m[32m 7[2mms[22m[39m
 [32m✓[39m packages/tools/src/__tests__/owner-patient-tools.integration.test.ts [2m([22m[2m1 test[22m[2m)[22m[32m 7[2mms[22m[39m
 [32m✓[39m tests/workspace-scripts.test.js [2m([22m[2m2 tests[22m[2m)[22m[32m 8[2mms[22m[39m
 [32m✓[39m packages/workflows/src/__tests__/triage-safety.flow.test.ts [2m([22m[2m1 test[22m[2m)[22m[32m 4[2mms[22m[39m
 [32m✓[39m packages/shared/src/__tests__/data-classification.test.ts [2m([22m[2m7 tests[22m[2m)[22m[32m 6[2mms[22m[39m
 [32m✓[39m packages/workflows/src/__tests__/handoff-summary.unit.test.ts [2m([22m[2m1 test[22m[2m)[22m[32m 7[2mms[22m[39m
 [32m✓[39m tests/vitest-hermetic.test.ts [2m([22m[2m1 test[22m[2m)[22m[32m 19[2mms[22m[39m
 [32m✓[39m apps/worker/src/__tests__/postgres-role-preflight.test.ts [2m([22m[2m13 tests[22m[2m | [22m[33m12 skipped[39m[2m)[22m[32m 8[2mms[22m[39m
 [32m✓[39m packages/persistence/src/__tests__/channel-effect-journal-postgres.test.ts [2m([22m[2m12 tests[22m[2m | [22m[33m11 skipped[39m[2m)[22m[32m 9[2mms[22m[39m
 [32m✓[39m packages/workflows/src/__tests__/scheduling-draft.flow.test.ts [2m([22m[2m1 test[22m[2m)[22m[32m 7[2mms[22m[39m
 [32m✓[39m tests/ci-workflow-contract.test.js [2m([22m[2m2 tests[22m[2m)[22m[32m 6[2mms[22m[39m
 [32m✓[39m packages/workflows/src/__tests__/institutional-rag-safe.flow.test.ts [2m([22m[2m1 test[22m[2m)[22m[32m 8[2mms[22m[39m
 [32m✓[39m apps/worker/src/__tests__/postgres-outbox-bridge.integration.test.ts [2m([22m[2m2 tests[22m[2m | [22m[33m1 skipped[39m[2m)[22m[32m 8[2mms[22m[39m
 [32m✓[39m packages/persistence/src/__tests__/session-version-pinning-postgres.test.ts [2m([22m[2m2 tests[22m[2m | [22m[33m1 skipped[39m[2m)[22m[32m 11[2mms[22m[39m
 [32m✓[39m packages/memory/src/__tests__/memory-facts.test.ts [2m([22m[2m1 test[22m[2m)[22m[32m 7[2mms[22m[39m
 [2m[90m↓[39m[22m apps/api/src/__tests__/journeys-api-postgres.test.ts [2m([22m[2m10 tests[22m[2m | [22m[33m10 skipped[39m[2m)[22m
 [2m[90m↓[39m[22m apps/worker/src/__tests__/continuous-worker-entrypoint.integration.test.ts [2m([22m[2m2 tests[22m[2m | [22m[33m2 skipped[39m[2m)[22m
 [2m[90m↓[39m[22m apps/worker/src/__tests__/continuous-worker-postgres.integration.test.ts [2m([22m[2m3 tests[22m[2m | [22m[33m3 skipped[39m[2m)[22m
 [2m[90m↓[39m[22m apps/worker/src/__tests__/kernel-durable-orchestrator-postgres.test.ts [2m([22m[2m6 tests[22m[2m | [22m[33m6 skipped[39m[2m)[22m
 [2m[90m↓[39m[22m packages/chaos/src/__tests__/chaos-postgres.test.ts [2m([22m[2m2 tests[22m[2m | [22m[33m2 skipped[39m[2m)[22m
 [2m[90m↓[39m[22m packages/persistence/src/__tests__/attendance-approval-postgres.test.ts [2m([22m[2m1 test[22m[2m | [22m[33m1 skipped[39m[2m)[22m
 [2m[90m↓[39m[22m packages/persistence/src/__tests__/goal-concurrency-postgres.test.ts [2m([22m[2m8 tests[22m[2m | [22m[33m8 skipped[39m[2m)[22m
 [2m[90m↓[39m[22m packages/persistence/src/__tests__/orchestrator-postgres.test.ts [2m([22m[2m5 tests[22m[2m | [22m[33m5 skipped[39m[2m)[22m
 [2m[90m↓[39m[22m packages/persistence/src/__tests__/platform-approval-postgres.test.ts [2m([22m[2m2 tests[22m[2m | [22m[33m2 skipped[39m[2m)[22m
 [2m[90m↓[39m[22m packages/persistence/src/__tests__/platform-postgres-smoke.test.ts [2m([22m[2m5 tests[22m[2m | [22m[33m5 skipped[39m[2m)[22m
 [2m[90m↓[39m[22m packages/persistence/src/__tests__/retention-postgres.test.ts [2m([22m[2m13 tests[22m[2m | [22m[33m13 skipped[39m[2m)[22m
 [2m[90m↓[39m[22m packages/persistence/src/__tests__/runtime-approval-store-postgres.test.ts [2m([22m[2m14 tests[22m[2m | [22m[33m14 skipped[39m[2m)[22m

[2m Test Files [22m [1m[32m307 passed[39m[22m[2m | [22m[33m12 skipped[39m[90m (319)[39m
[2m      Tests [22m [1m[32m2682 passed[39m[22m[2m | [22m[33m194 skipped[39m[90m (2876)[39m
[2m   Start at [22m 12:50:36
[2m   Duration [22m 423.68s[2m (transform 5.42s, setup 0ms, import 62.68s, tests 53.57s, environment 232.69s)[22m

[34m % [39m[2mCoverage report from [22m[33mv8[39m
-------------------|---------|----------|---------|---------|-------------------
File               | % Stmts | % Branch | % Funcs | % Lines | Uncovered Line #s 
-------------------|---------|----------|---------|---------|-------------------
All files          |   93.02 |    90.19 |   91.23 |   93.49 |                   
 apps/api/src      |   94.14 |    88.08 |   96.61 |   95.18 |                   
  ...e-boundary.ts |     100 |      100 |     100 |     100 |                   
  ...t-boundary.ts |     100 |      100 |     100 |     100 |                   
  http-security.ts |   92.79 |    90.95 |     100 |   98.93 | 293,478           
  ...t-boundary.ts |     100 |      100 |     100 |     100 |                   
  ...r-identity.ts |   93.62 |    94.76 |   94.44 |   95.62 | ...27-430,438-439 
  ...play-store.ts |   79.78 |    87.64 |   84.61 |      80 | ...98,223,292-300 
  ...ervability.ts |      98 |      100 |     100 |   97.87 | 320               
  ...n-boundary.ts |     100 |      100 |     100 |     100 |                   
  rate-limit.ts    |     100 |    97.56 |     100 |     100 | 162               
  readiness.ts     |     100 |     87.5 |     100 |     100 | 105-117           
  ...st-metrics.ts |     100 |      100 |     100 |     100 |                   
  ...orrelation.ts |     100 |      100 |     100 |     100 |                   
  server.ts        |   93.82 |     80.4 |   95.38 |    94.4 | ...4479,4501,4506 
  ...up-failure.ts |      96 |       90 |     100 |      96 | 32                
  ...k-security.ts |   98.83 |    98.19 |   97.14 |   99.35 | 284               
 ...api/src/routes |     100 |      100 |     100 |     100 |                   
  approvals.ts     |     100 |      100 |     100 |     100 |                   
  audit.ts         |     100 |      100 |     100 |     100 |                   
  conversations.ts |     100 |      100 |     100 |     100 |                   
  health.ts        |     100 |      100 |     100 |     100 |                   
  tasks.ts         |     100 |      100 |     100 |     100 |                   
  webhooks.ts      |     100 |      100 |     100 |     100 |                   
 ...api/src/server |   91.22 |    96.15 |   75.29 |   91.02 |                   
  ...ersistence.ts |   66.07 |    95.45 |   32.14 |   66.66 | ...24,295-296,356 
  ...ole-checks.ts |   71.05 |    85.48 |   71.42 |   71.05 | 40,248,304-328    
  ...st-context.ts |     100 |      100 |     100 |     100 |                   
  request-query.ts |     100 |      100 |     100 |     100 |                   
  ...-isolation.ts |     100 |      100 |     100 |     100 |                   
 apps/worker/src   |   82.46 |    75.89 |   74.64 |   83.51 |                   
  ...ous-worker.ts |   87.69 |    79.19 |   93.61 |   88.88 | ...03,689-690,900 
  ...ry-runtime.ts |   83.33 |       50 |   66.66 |   83.33 | 50-55             
  ...led-worker.ts |      92 |    83.87 |     100 |    90.9 | 123-125           
  health.ts        |     100 |      100 |     100 |     100 |                   
  ...omposition.ts |   69.85 |    66.14 |      58 |    70.6 | ...-988,1008,1228 
  ...validation.ts |     100 |      100 |     100 |     100 |                   
  ...controlled.ts |   72.59 |    67.21 |   35.89 |   76.98 | ...75,390,487,515 
  ...-preflight.ts |     100 |      100 |     100 |     100 |                   
  ...rker-guard.ts |   97.61 |      100 |     100 |    97.5 | 68                
  sweeps.ts        |   89.85 |    77.77 |   86.66 |   93.65 | 110,115,211-212   
  worker-health.ts |   96.05 |    86.79 |   93.75 |   95.77 | 88-91             
  ...ervability.ts |   94.73 |    90.47 |   93.75 |   93.75 | 148               
  worker.ts        |     100 |    95.34 |     100 |     100 | 54,132            
 ...orker/src/jobs |     100 |    91.17 |     100 |     100 |                   
  ...agent-turn.ts |       0 |        0 |       0 |       0 |                   
  ...tbox-event.ts |     100 |    91.17 |     100 |     100 | 105,123,142       
 ...s/adapters/src |   90.38 |    88.11 |     100 |   90.09 |                   
  ...el-adapter.ts |       0 |        0 |       0 |       0 |                   
  ...d-delivery.ts |   92.85 |    83.78 |     100 |   92.72 | 145,155,164,173   
  index.ts         |       0 |        0 |       0 |       0 |                   
  ...ion-events.ts |       0 |        0 |       0 |       0 |                   
  model-adapter.ts |   85.71 |    90.47 |     100 |   85.36 | ...62,145,157,169 
  resilience.ts    |     100 |      100 |     100 |     100 |                   
 ...pters/src/fake |     100 |       50 |     100 |     100 |                   
  ...pp-adapter.ts |     100 |       50 |     100 |     100 | 19                
 ...agent-core/src |       0 |        0 |       0 |       0 |                   
  index.ts         |       0 |        0 |       0 |       0 |                   
 .../src/agent-run |     100 |      100 |     100 |     100 |                   
  ...un-service.ts |     100 |      100 |     100 |     100 |                   
 ...core/src/audit |     100 |      100 |     100 |     100 |                   
  audit-hook.ts    |     100 |      100 |     100 |     100 |                   
 ...e/src/commands |     100 |    90.76 |     100 |     100 |                   
  ...d-behavior.ts |     100 |       50 |     100 |     100 | 171-174           
  ...ff-summary.ts |     100 |    77.27 |     100 |     100 | 22-26             
  ...ernal-task.ts |     100 |      100 |     100 |     100 |                   
  ...bound-turn.ts |     100 |      100 |     100 |     100 |                   
  ...shed-agent.ts |     100 |     92.1 |     100 |     100 | 65,103,118        
  ...worker-job.ts |     100 |      100 |     100 |     100 |                   
  ...nd-message.ts |     100 |      100 |     100 |     100 |                   
  ...n-approval.ts |     100 |      100 |     100 |     100 |                   
  ...e-approval.ts |     100 |      100 |     100 |     100 |                   
  ...agent-turn.ts |     100 |      100 |     100 |     100 |                   
 ...re/src/queries |     100 |      100 |     100 |     100 |                   
  ...n-timeline.ts |     100 |      100 |     100 |     100 |                   
 ...re/src/session |     100 |      100 |     100 |     100 |                   
  ...on-manager.ts |     100 |      100 |     100 |     100 |                   
 ...gent-evals/src |   96.87 |    95.09 |   94.44 |   97.93 |                   
  agent.ts         |   86.66 |      100 |   71.42 |    92.3 | 228               
  contracts.ts     |     100 |      100 |     100 |     100 |                   
  index.ts         |       0 |        0 |       0 |       0 |                   
  ...ated-agent.ts |     100 |      100 |     100 |     100 |                   
  metrics.ts       |   98.21 |    81.81 |     100 |      98 | 55                
  runner.ts        |   96.96 |    97.51 |     100 |   98.11 | 222,280-281       
 ...s/src/datasets |     100 |      100 |     100 |     100 |                   
  core.ts          |     100 |      100 |     100 |     100 |                   
  holdout.ts       |     100 |      100 |     100 |     100 |                   
 ...nt-runtime/src |   98.43 |    97.64 |   95.25 |   98.63 |                   
  composition.ts   |     100 |      100 |     100 |     100 |                   
  contracts.ts     |     100 |      100 |     100 |     100 |                   
  ...ct-journal.ts |   98.45 |    97.64 |   95.45 |   99.57 | 855               
  index.ts         |       0 |        0 |       0 |       0 |                   
  orchestration.ts |   98.64 |    96.96 |   97.27 |   98.72 | ...2443,3126,3172 
  proposal.ts      |     100 |    96.15 |     100 |     100 | 135               
  runtime.ts       |      98 |    98.25 |   85.71 |   98.07 | ...2750,2754-2755 
 ...val-engine/src |     100 |    99.72 |     100 |     100 |                   
  authority.ts     |       0 |        0 |       0 |       0 |                   
  contracts.ts     |     100 |      100 |     100 |     100 |                   
  engine.ts        |     100 |     99.7 |     100 |     100 | 721               
  index.ts         |       0 |        0 |       0 |       0 |                   
  store.ts         |     100 |      100 |     100 |     100 |                   
 ...el-gateway/src |   98.43 |    97.61 |    95.4 |     100 |                   
  contracts.ts     |     100 |      100 |     100 |     100 |                   
  ...urnal-file.ts |   98.12 |      100 |   90.32 |     100 |                   
  ...ct-journal.ts |    97.9 |    96.07 |     100 |     100 | 370,424,446,473   
  errors.ts        |     100 |      100 |     100 |     100 |                   
  gateway.ts       |   99.07 |     96.2 |    90.9 |     100 | 96,273,385        
  idempotency.ts   |     100 |      100 |     100 |     100 |                   
  index.ts         |       0 |        0 |       0 |       0 |                   
 ...y/src/adapters |     100 |    96.96 |     100 |     100 |                   
  chatwoot.ts      |     100 |    96.92 |     100 |     100 | 135,167           
  evolution.ts     |     100 |    95.74 |     100 |     100 | 124,156           
  fake.ts          |     100 |      100 |     100 |     100 |                   
 ...ages/chaos/src |   94.11 |    92.85 |   94.73 |   93.93 |                   
  faults.ts        |   94.11 |    92.85 |   94.73 |   93.93 | 121-122           
  index.ts         |       0 |        0 |       0 |       0 |                   
 ...ges/memory/src |     100 |      100 |     100 |     100 |                   
  index.ts         |       0 |        0 |       0 |       0 |                   
  memory-facts.ts  |     100 |      100 |     100 |     100 |                   
 ...el-gateway/src |   98.16 |    95.78 |   98.27 |   98.29 |                   
  budget.ts        |     100 |      100 |     100 |     100 |                   
  ...it-breaker.ts |   94.36 |    96.96 |   91.66 |   93.93 | 31-34             
  contracts.ts     |     100 |      100 |     100 |     100 |                   
  errors.ts        |     100 |      100 |     100 |     100 |                   
  gateway.ts       |   97.93 |    90.74 |     100 |   98.52 | 230,421           
  index.ts         |       0 |        0 |       0 |       0 |                   
  ...t-registry.ts |     100 |      100 |     100 |     100 |                   
  retry.ts         |     100 |      100 |     100 |     100 |                   
  router.ts        |     100 |     97.5 |     100 |     100 | 87                
 .../src/providers |   99.29 |    98.36 |     100 |   99.25 |                   
  deterministic.ts |     100 |      100 |     100 |     100 |                   
  http-errors.ts   |     100 |      100 |     100 |     100 |                   
  ollama.ts        |     100 |    96.96 |     100 |     100 | 159               
  ...compatible.ts |   98.11 |    97.72 |     100 |   98.07 | 184               
 ...ervability/src |   96.34 |     90.1 |   95.32 |   96.98 |                   
  ...ery-ledger.ts |   97.29 |       92 |     100 |   97.22 | 133,186           
  alerts.ts        |    87.5 |    79.31 |   88.88 |   90.24 | 255-259,330       
  audit-ledger.ts  |   94.11 |    88.88 |      90 |   96.96 | 113               
  collector.ts     |   97.14 |    96.73 |   95.08 |   96.94 | ...93,802,904-905 
  index.ts         |       0 |        0 |       0 |       0 |                   
  ...y-exercise.ts |     100 |    82.85 |     100 |     100 | ...14,553-561,637 
  otel.ts          |   91.22 |    81.25 |   92.85 |   96.22 | 54,82             
  redaction.ts     |   97.14 |    89.28 |     100 |   96.55 | 54                
  telemetry.ts     |   97.29 |    97.87 |     100 |   97.05 | 330-331           
  trace-context.ts |   94.73 |    65.62 |   85.71 |   93.75 | 102               
 ...es/persistence |       0 |        0 |       0 |       0 |                   
  ...zle.config.ts |       0 |        0 |       0 |       0 |                   
 ...ersistence/src |   74.98 |    76.71 |   72.22 |   74.94 |                   
  ...e-approval.ts |     100 |      100 |     100 |     100 |                   
  ...checkpoint.ts |     100 |      100 |     100 |     100 |                   
  db.ts            |     100 |      100 |     100 |     100 |                   
  index.ts         |       0 |        0 |       0 |       0 |                   
  journeys.ts      |     100 |    99.54 |     100 |     100 | 205               
  list-limits.ts   |     100 |      100 |     100 |     100 |                   
  outbox.ts        |   99.67 |    99.06 |     100 |     100 | 582,807,1148      
  restore.ts       |   99.53 |    90.62 |     100 |    99.5 | 384               
  retention.ts     |   49.02 |    55.02 |   44.64 |    49.7 | ...1512,1565-1723 
  ...oval-store.ts |   14.97 |     33.8 |    12.9 |    15.3 | ...1-774,798-1031 
  schema.ts        |       0 |        0 |       0 |       0 |                   
  ...ingerprint.ts |     100 |      100 |     100 |     100 |                   
 ...c/repositories |   98.82 |    93.97 |   97.29 |   99.05 |                   
  ...repository.ts |     100 |     93.1 |     100 |     100 | 64,97             
  ...repository.ts |   98.92 |    95.69 |   96.77 |   98.87 | 180               
  ...repository.ts |   98.24 |     92.8 |   96.07 |   98.75 | 106,521           
  ...repository.ts |     100 |      100 |     100 |     100 |                   
  ...repository.ts |     100 |    94.11 |     100 |     100 | 61,84             
 ...s/platform/src |   96.01 |    93.85 |    97.9 |   96.35 |                   
  ...-authority.ts |   96.62 |    97.64 |     100 |    98.7 | 204               
  contracts.ts     |   95.76 |    87.75 |     100 |   95.68 | ...66,270,289,658 
  ...lane-store.ts |   96.36 |    92.96 |   95.96 |    96.5 | ...1144,1290,1380 
  ...ed-plugins.ts |     100 |    85.71 |     100 |     100 | 17                
  ...-preflight.ts |   89.74 |    90.62 |   83.33 |   89.47 | 170-171,179-180   
  event-bus.ts     |   98.87 |    98.66 |     100 |   98.82 | 230               
  handoff.ts       |     100 |      100 |     100 |     100 |                   
  ids.ts           |     100 |      100 |     100 |     100 |                   
  index.ts         |       0 |        0 |       0 |       0 |                   
  ...l-provider.ts |     100 |      100 |     100 |     100 |                   
  output-policy.ts |      90 |    86.66 |     100 |   91.66 | 154,176,263,267   
  ...in-gateway.ts |    96.2 |     93.2 |   97.43 |   96.88 | ...99,768,775,781 
  ...-evaluator.ts |   95.83 |    96.87 |     100 |   95.65 | 60                
  ...t-composer.ts |     100 |      100 |     100 |     100 |                   
  ...pt-profile.ts |   92.85 |     91.3 |     100 |   92.72 | 115,139,175,220   
  qualification.ts |    92.5 |     92.5 |     100 |   91.17 | 48,106,121        
  ...-candidate.ts |   97.29 |       96 |     100 |   97.22 | 132               
  ...ion-ledger.ts |   98.68 |    96.87 |     100 |     100 | 204               
  ...assessment.ts |   95.45 |    94.11 |     100 |   97.36 | 68                
  ...ary-preset.ts |     100 |      100 |     100 |     100 |                   
  ...-evaluator.ts |     100 |    88.88 |     100 |     100 | 34,43             
  test-lab.ts      |   95.78 |    94.37 |     100 |   95.55 | ...53,859,892-896 
  ...n-boundary.ts |   97.95 |    94.62 |     100 |   97.75 | 122,184           
  ...governance.ts |   92.68 |    94.11 |   94.73 |   93.69 | ...32,440-442,446 
 ...icy-engine/src |   98.77 |    97.84 |     100 |   99.34 |                   
  capabilities.ts  |     100 |      100 |     100 |     100 |                   
  documents.ts     |     100 |      100 |     100 |     100 |                   
  engine.ts        |   98.98 |    98.16 |     100 |   98.92 | 285               
  grants.ts        |   94.73 |    83.33 |     100 |     100 | 154               
  index.ts         |       0 |        0 |       0 |       0 |                   
 ...ges/policy/src |     100 |      100 |     100 |     100 |                   
  index.ts         |       0 |        0 |       0 |       0 |                   
  policy-engine.ts |     100 |      100 |     100 |     100 |                   
  ...cy-version.ts |     100 |      100 |     100 |     100 |                   
 .../src/approvals |     100 |      100 |     100 |     100 |                   
  ...al-service.ts |     100 |      100 |     100 |     100 |                   
 ...icy/src/safety |     100 |      100 |     100 |     100 |                   
  ...boundaries.ts |     100 |      100 |     100 |     100 |                   
 packages/rag/src  |     100 |     93.1 |     100 |     100 |                   
  index.ts         |       0 |        0 |       0 |       0 |                   
  ...tional-rag.ts |     100 |     93.1 |     100 |     100 | 87                
  ...rag-source.ts |     100 |      100 |     100 |     100 |                   
 ...ges/shared/src |   98.19 |    96.91 |     100 |   99.22 |                   
  ...governance.ts |   95.68 |    94.73 |     100 |   98.98 | 408               
  auth.ts          |     100 |      100 |     100 |     100 |                   
  canonical.ts     |   97.91 |    96.77 |     100 |   97.72 | 112               
  ...sification.ts |     100 |      100 |     100 |     100 |                   
  enums.ts         |     100 |      100 |     100 |     100 |                   
  env.ts           |     100 |      100 |     100 |     100 |                   
  envelope.ts      |     100 |      100 |     100 |     100 |                   
  errors.ts        |     100 |      100 |     100 |     100 |                   
  ids.ts           |     100 |       75 |     100 |     100 | 13-14             
  index.ts         |       0 |        0 |       0 |       0 |                   
  lifecycle.ts     |    97.5 |    93.75 |     100 |     100 | 62                
  observability.ts |     100 |      100 |     100 |     100 |                   
  pagination.ts    |     100 |      100 |     100 |     100 |                   
  ssrf.ts          |   99.18 |    98.54 |     100 |   98.94 | 160               
 ...ed/src/schemas |     100 |      100 |     100 |     100 |                   
  api.ts           |     100 |      100 |     100 |     100 |                   
  application.ts   |     100 |      100 |     100 |     100 |                   
 ...ages/tools/src |     100 |      100 |     100 |     100 |                   
  contracts.ts     |     100 |      100 |     100 |     100 |                   
  index.ts         |       0 |        0 |       0 |       0 |                   
  ...rm-adapter.ts |     100 |      100 |     100 |     100 |                   
  registry.ts      |     100 |      100 |     100 |     100 |                   
 ...ools/src/local |     100 |      100 |     100 |     100 |                   
  ...ment-draft.ts |     100 |      100 |     100 |     100 |                   
  ...urney-task.ts |     100 |      100 |     100 |     100 |                   
  ...wner-draft.ts |     100 |      100 |     100 |     100 |                   
  ...ient-draft.ts |     100 |      100 |     100 |     100 |                   
  ...able-slots.ts |     100 |      100 |     100 |     100 |                   
  ...l-registry.ts |     100 |      100 |     100 |     100 |                   
  link-patient.ts  |     100 |      100 |     100 |     100 |                   
  ...ey-handoff.ts |     100 |      100 |     100 |     100 |                   
  ...r-by-phone.ts |     100 |      100 |     100 |     100 |                   
  ...ch-patient.ts |     100 |      100 |     100 |     100 |                   
 .../workflows/src |       0 |        0 |       0 |       0 |                   
  index.ts         |       0 |        0 |       0 |       0 |                   
 ...ws/src/handoff |     100 |      100 |     100 |     100 |                   
  ...ff-summary.ts |     100 |      100 |     100 |     100 |                   
 .../institutional |     100 |      100 |     100 |     100 |                   
  ...n-workflow.ts |     100 |      100 |     100 |     100 |                   
 ...ows/src/intent |     100 |      100 |     100 |     100 |                   
  ...t-workflow.ts |     100 |      100 |     100 |     100 |                   
 ...s/src/journeys |   94.73 |    67.85 |     100 |   94.73 |                   
  ...y-workflow.ts |   94.73 |    67.85 |     100 |   94.73 | 82                
 .../owner-patient |     100 |      100 |     100 |     100 |                   
  ...t-workflow.ts |     100 |      100 |     100 |     100 |                   
 ...src/scheduling |     100 |      100 |     100 |     100 |                   
  ...t-workflow.ts |     100 |      100 |     100 |     100 |                   
 ...ows/src/triage |     100 |      100 |     100 |     100 |                   
  ...e-workflow.ts |     100 |      100 |     100 |     100 |                   
-------------------|---------|----------|---------|---------|-------------------

> cvg-claw@1.0.0 audit:security
> npm audit --audit-level=high

found 0 vulnerabilities


